PO #,Class Description
10000,Sundries
10003,Sundries
10004,Sundries
10018,Manpower
10021,Sundries
10022,Ironmongery
10023,Sundries
10024,Ironmongery
10025,Sundries
10030,MEP Material
10031,Ironmongery
10033,Gypsum Works
10034,Site Consumables 
10036,Refreshments
10037,Ironmongery
10038,Gypsum Works
10039,Gypsum Works
10040,Cement 
10041,Office Expenses
10042,Formwork
10043,Heaters
10044,Electrical
10045,Water Supply
10047,Insurance
10048,Material
16166,Tyres
19999,Geotechnical Report
25000,Electrical
25001,Manpower
25002,Pipes
25003,Office Expenses
25004,Sundries
25007,Sundries
25008,Manpower
25009,Heaters
25010,Office Expenses
25011,Water Supply
25012,Refreshments
25013,Insurance
25014,Insurance
25015,Sundries
25016,Erection
25017,Sundries
25018,Erection
25019,Formwork
25020,Precast Concrete
25021,Sundries
25022,Sundries
25023,Gypsum Works
25024,Ironmongery
25025,Ironmongery
25026,Manpower
25027,Office Expenses
25028,Sundries
25029,Ironmongery
25030,Gypsum Works
25033,Cladding Work 
25034,Mirrors & Glazing 
25035,Office Consumables 
25036,Formwork
25037,Precast Concrete
25038,Gypsum Works
25039,Insurance
25040,Insurance
25041,Formwork
25042,MEP Material
25043,Gypsum Works
25044,Pipes
25045,Manpower
25046,Ironmongery
25047,Sundries
25048,Vehicle & Equipment
25049,Formwork
25050,Refreshments
25051,Electrician 
25052,Electrician 
25053,Tanks
25054,Gypsum Works
25055,Electrician 
25056,Sundries
25057,Rubber
25058,Gypsum Works
25059,Pipes
25060,Gypsum Works
25061,Office Expenses
25062,Moziac
25063,Precast Concrete
25064,Concrete 
25065,Manpower
25066,Transformer
25067,Ironmongery
25068,Gypsum Works
25069,Formwork
25070,Gypsum Works
25071,Gypsum Works
25072,Electrician 
25073,Manpower
25074,Gypsum 
25075,Legal Fees 
25076,Gypsum 
25077,Electrical
25078,Sundries
25079,Sundries
25080,Sundries
25081,Gypsum Works
25082,LPG
25083,Sundries
25084,Office Expenses
25085,Sundries
25086,Site Consumables 
25087,Manpower
25088,Pipes
25089,Manpower
25090,Rebar
25091,Transformer
25092,Backfilling
25093,Formwork
25094,Pipes
25095,Material
25096,Manpower
25097,Electrician 
25098,
25099,Legal Fees 
25100,Sundries
25101,Ironmongery
25102,Tyres
25103,Electrician 
25104,Transformer
25105,Electrical
25106,Insurance
25107,Manpower
25108,Office Consumables 
25109,Sundries
25111,Gypsum Works
25112,Office Consumables 
25113,Insurance
25114,Gypsum Works
25115,Charge
25116,Sundries
25117,Insurance
25118,Moziac
25119,Manpower
25120,Concrete 
25121,Tanks
25122,Sundries
25123,Manpower
25124,Manpower
25125,Office Expenses
25126,Precast Concrete
25127,Electrical
25129,Manpower
25130,Manpower
25131,Manpower
25133,Office Expenses
25134,Insurance
25135,Office Consumables 
25136,Water Supply
25137,Refreshments
25138,Gypsum Works
25139,Insurance
25140,Pipes
25141,Gypsum Works
25142,Gypsum Works
25143,Precast Concrete
25144,Manpower
25145,Gypsum Works
25146,Sundries
25147,Tyres
25148,Office Expenses
25149,Transformer
25150,Gypsum Works
25151,Office Consumables 
25152,LPG
25153,Pipes
25154,Vehicle & Equipment
25155,Gypsum Works
25156,Ironmongery
25157,Gypsum Works
25158,Precast Concrete
25159,Electrician 
25160,Insurance
25162,Gypsum Works
25163,Sundries
25164,Rebar
25165,Manpower
25166,Incentives
25167,Incentives
25168,Transformer
25169,Ironmongery
25170,Gypsum Works
25171,Manpower
25172,Electrician 
25173,MEP
25174,Swimming Pool 
25175,Sundries
25176,Legal Fees 
25177,Sundries
25178,Electrical
25179,Ceramic & Porcelain
25180,Swimming Pool 
25181,Ironmongery
25182,Manpower
25183,Office Expenses
25184,Incentives
25185,Elevator / Escalator / Conveyor Belt
25186,Legal Fees 
25187,Transformer
25188,Insurance
25189,Charge
25190,Charge
25191,Sundries
25193,Gypsum Works
25194,Office Expenses
25195,MEP Material
25196,Cement 
25197,Manpower
25198,Electrical
25199,Electrical
25200,Vehicle Related Fees
25201,Sundries
25203,Gypsum Works
25204,Sundries
25205,Pipes
25206,Fire Alarm
25208,Gypsum Works
25209,Electrical
25210,Electrical
25211,Electrical
25212,Office Expenses
25215,Electrical
25216,Gypsum Works
25217,Electrician 
25218,
25219,Manpower
25220,Fire Fighting
25221,Ironmongery
25222,Tanks
25223,Manpower
25224,Manpower
25225,Manpower
25226,Rebar
25227,Façade
25228,Ironmongery
25230,Sundries
25231,Gypsum Works
25232,Electrician 
25233,Manpower
25234,Manpower
25235,Manpower
25236,Office Expenses
25237,Precast Concrete
25239,Precast Concrete
25240,Manpower
25241,Manpower
25242,Office Expenses
25243,Manpower
25244,Tyres
25245,Parts
25246,Tyres
25247,Site Consumables 
25248,Gypsum Works
25249,Sundries
25250,Manpower
25251,Gypsum Works
25252,Gypsum Works
25253,Electrical
25254,Gypsum Works
25255,Ironmongery
25256,Ironmongery
25257,Refreshments
25258,Insurance
25259,Sundries
25260,Office Expenses
25261,Office Consumables 
25262,Insurance
25263,Refreshments
25264,Transformer
25265,Formwork
25266,Sundries
25267,Moziac
25268,Gypsum Works
25269,Site Consumables 
25270,Precast Concrete
25271,Sundries
25272,Tyres
25273,Screed Finishing
25275,Refreshments
25276,Electrical
25277,Transformer
25278,Gypsum Works
25279,Office Expenses
25280,Manpower
25281,Site Consumables 
25283,Charge
25284,Refreshments
25285,Refreshments
25286,Cement 
25287,Fees 
25288,Ironmongery
25289,Gypsum Works
25290,Gypsum Works
25291,Rebar
25292,Office Expenses
25293,Ironmongery
25294,Sundries
25295,Miscellaneous
25296,Electrical
25297,Office Consumables 
25298,Softscape (Landscape)
25299,Sundries
25300,Sundries
25301,Electrician 
25302,Tyres
25303,Heaters
25304,Gypsum Works
25305,Insurance
25306,Ironmongery
25307,Electrical
25309,Gypsum Works
25310,Tyres
25311,Precast Concrete
25312,Sundries
25313,Sundries
25314,Gypsum Works
25315,Office Expenses
25316,Vehicle Related Fees
25317,Swimming Pool 
25318,Finishing 
25319,Office Expenses
25320,Gypsum Works
25321,Gypsum Works
25322,Formwork
25323,Gypsum Works
25324,Manpower
25325,Manpower
25326,Electrical
25327,Transformer
25328,Pipes
25329,Gypsum 
25330,Dewatering
25331,Concrete 
25332,Gypsum Works
25333,Site Consumables 
25334,Site Consumables 
25336,Fees 
25337,Bank Charges
25338,Consulting Fees 
25339,Cables & Wires
25340,Office Consumables 
25341,Transformer
25342,Transformer
25343,Electrical
25344,Electrical
25345,Electrical
25346,Office Consumables 
25347,Gypsum Works
25348,Office Expenses
25349,Manpower
25350,Ironmongery
25351,Gypsum Works
25352,Rebar
25353,Moziac
25354,Tyres
25355,Electrical
25356,Manpower
25357,Electrical
25358,Office Expenses
25359,Sundries
25360,Electrical
25361,Pipes
25362,Rebar
25363,Electrical
25364,Gypsum Works
25365,Electrical
25366,
25367,Sundries
25368,Gypsum Works
25370,Manpower
25371,Gypsum Works
25372,Ironmongery
25373,Ironmongery
25374,
25375,
25376,Electrician 
25377,Electrician 
25378,Sundries
25379,Ironmongery
25380,Sundries
25381,Sundries
25382,Tyres
25383,Tyres
25384,Vehicle Related Fees
25385,Vehicle Related Fees
25386,Shuttering Carpentry
25387,Shuttering Carpentry
25388,Material
25389,Material
25390,Gypsum Works
25391,Material
25392,Ironmongery
25393,Electrician 
25394,Formwork
25395,Pipes
25396,Pipes
25397,Tanks
25398,Formwork
25399,Gypsum Works
25400,Office Expenses
25401,Tanks
25402,Tanks
25403,Ironmongery
25404,Vehicle Related Fees
25405,Sundries
25406,Manpower
25407,Gypsum Works
25409,Miscellaneous
25410,Charge
25411,Electrical
25412,Insurance
25413,Gypsum Works
25414,Electrical
25415,Precast Concrete
25416,Electrical
25417,Insurance
25418,Mirrors & Glazing 
25419,Gypsum Works
25420,Sundries
25421,Material
25422,Incentives
25424,Coring Works
25425,Gypsum Works
25427,Cables & Wires
25428,Gypsum Works
25429,Gypsum Works
25430,Manpower
25431,Manpower
25432,Insurance
25433,Swimming Pool 
25434,Manpower
25435,Manpower
25436,Gypsum Works
25437,Manpower
25438,Office Expenses
25439,Cables & Wires
25440,Cables & Wires
25441,Manpower
25442,Ironmongery
25443,Office Consumables 
25444,Gypsum Works
25445,Formwork
25447,Office Expenses
25448,Precast Concrete
25450,Office Consumables 
25451,Site Consumables 
25452,Office Consumables 
25453,Rebar
25454,Pipes
25455,Electrical
25456,Electrical
25457,Electrical
25458,Electrical
25459,Office Expenses
25460,Gypsum Works
25461,Geotechnical Report
25462,Cables & Wires
25463,Refreshments
25464,Gypsum Works
25465,Ironmongery
25466,Precast Concrete
25467,Gypsum Works
25468,Heaters
25469,Formwork
25470,Manpower
25471,Gypsum Works
25472,Ironmongery
25473,Sundries
25474,Office Expenses
25475,Ironmongery
25476,MEP
25477,Charge
25478,HVAC 
25479,Tyres
25480,Softscape (Landscape)
25481,Electrician 
25482,Insurance
25483,Insurance
25484,Infrastructure 
25485,Concrete 
25486,Infrastructure 
25487,Swimming Pool 
25488,Internal Work
25489,Softscape (Landscape)
25490,Sundries
25491,Sundries
25492,Office Expenses
25493,Gypsum Works
25494,Office Consumables 
25495,Moziac
25496,Sundries
25497,Cables & Wires
25498,Tyres
25499,Tyres
25500,Charge
25501,Pipes
25502,
25503,Cables & Wires
25504,Electrical
25505,Cables & Wires
25506,Transformer
25507,Softscape (Landscape)
25508,Site Consumables 
25509,Gypsum Works
25510,Legal Fees 
25511,Cement 
25512,Electrical
25513,Material
25514,Ironmongery
25515,Site Consumables 
25516,Electrician 
25517,Sundries
25518,Gypsum Works
25519,Tyres
25520,Cement 
25521,Sundries
25522,Sundries
25523,Electrician 
25524,Gypsum Works
25525,Manpower
25526,Fees 
25527,Office Expenses
25528,Manpower
25529,Sundries
25530,Electrical
25531,Electrical
25532,Sundries
25533,Tyres
25534,Ironmongery
25535,Ironmongery
25536,Ironmongery
25537,Ironmongery
25538,Office Consumables 
25539,Ironmongery
25540,Sundries
25541,Precast Concrete
25542,Gypsum Works
25543,Office Expenses
25544,Office Consumables 
25545,Gypsum Works
25546,Erection
25547,Ironmongery
25548,Sundries
25549,Electrician 
25550,Dewatering
25551,Office Expenses
25552,Electrical
25553,Gypsum Works
25554,Gypsum Works
25555,Gypsum Works
25556,Ironmongery
25557,Rebar
25558,Softscape (Landscape)
25559,Manpower
25560,Ironmongery
25561,Ironmongery
25562,Sundries
25563,Sundries
25564,Concrete 
25565,Refreshments
25566,Sundries
25567,Formwork
25568,Backfilling
25569,Sundries
25570,Transformer
25571,Material
25572,Ironmongery
25573,Sundries
25574,Formwork
25575,Pipes
25576,Manpower
25577,Sundries
25578,Manpower
25579,Ironmongery
25580,Sundries
25581,Sundries
25582,Sundries
25583,Gypsum Works
25584,Insurance
25585,Insurance
25586,Manpower
25587,Refreshments
25588,Office Consumables 
25589,Office Consumables 
25590,Erection
25591,Fees 
25592,Electrician 
25593,Sundries
25594,Electrician 
25595,Ironmongery
25596,Rebar
25597,Gypsum Works
25598,Manpower
25599,Formwork
25600,Ironmongery
25601,Electrical
25602,Gypsum Works
25603,Office Consumables 
25604,Tyres
25605,Office Consumables 
25606,Sundries
25607,Sundries
25608,Sundries
25609,Sundries
25610,Sundries
25611,Miscellaneous
25612,Insurance Fees 
25613,Insurance Fees 
25614,Gypsum Works
25615,Formwork
25616,Electrical
25617,Electrical
25618,Gypsum Works
25619,Manpower
25620,Gypsum Works
25621,Precast Concrete
25622,Sundries
25623,Office Expenses
25624,Precast Concrete
25625,Manpower
25626,Gypsum Works
25627,MEP
25628,Bank Charges
25629,Bank Charges
25630,Manpower
25631,Electrical
25632,Fees 
25633,Miscellaneous
25634,Manpower
25635,
25636,Electrical
25637,Tyres
25638,Manpower
25639,Office Expenses
25640,Miscellaneous
25641,Pipes
25642,Insurance
25644,Electrician 
25645,Refreshments
25646,Gypsum Works
25647,Pipes
25648,Sundries
25649,Rebar
25650,Sundries
25651,Gypsum Works
25652,Office Expenses
25653,Manpower
25654,Gypsum Works
25655,Sundries
25656,Formwork
25657,Manholes/Gratings
25658,Dewatering
25659,Material
25660,Fees 
25661,Electrical
25662,Office Consumables 
25663,Manpower
25664,Insurance
25665,PEB
25666,Insurance
25667,Sundries
25668,Formwork
25669,Ironmongery
25670,Manpower
25671,Gypsum Works
25672,Office Consumables 
25673,Ironmongery
25674,Sundries
25675,Pipes
25676,Sundries
25677,Sundries
25678,Gypsum Works
25679,Bank Charges
25680,Ironmongery
25681,Gypsum Works
25682,Tyres
25683,Gypsum Works
25684,Electrical
25685,HVAC 
25686,MEP
25687,Sundries
25688,Gypsum Works
25689,Pipes
25690,Sundries
25691,Office Expenses
25692,Ironmongery
25693,Transformer
25694,Manpower
25695,Office Expenses
25697,Fees 
25698,Gypsum Works
25699,Electrician 
25700,Meters
25701,Office Consumables 
25702,Electrician 
25703,Transformer
25704,Gypsum Works
25705,Formwork
25706,Blinds
25707,Manpower
25708,Drainage 
25709,Gypsum Works
25710,Office Expenses
25711,Concrete 
25712,Office Consumables 
25713,Fees 
25714,Sundries
25715,Gypsum Works
25716,Office Expenses
25717,Sundries
25718,Pipes
25719,Sundries
25720,Rebar
25721,Ironmongery
25722,Gypsum Works
25723,Sundries
25724,Concrete 
25725,Sundries
25726,Sundries
25727,Sundries
25728,Sundries
25729,Sundries
25730,Sundries
25731,Ironmongery
25732,Ironmongery
25733,Ironmongery
25734,PEB
25735,Sundries
25736,Office Consumables 
25737,Electrician 
25738,Electrician 
25739,Insurance
25740,Electrical
25741,Electrical
25742,Dewatering
25743,Swimming Pool 
25744,Gypsum Works
25745,Electrical
25746,Drainage 
25747,Transformer
25748,Fees 
25749,Electrical
25750,Office Expenses
25751,Electrical
25752,Refreshments
25753,Precast Concrete
25754,Erection
25755,Sundries
25756,Manpower
25757,Sundries
25758,Sundries
25759,Rubber
25760,Gypsum Works
25761,Sundries
25762,Office Expenses
25763,Softscape (Landscape)
25764,MEP Material
25765,Concrete 
25766,Swimming Pool 
25767,Gypsum Works
25768,Electrical
25769,Office Expenses
25770,Gypsum Works
25771,Site Consumables 
25772,Sundries
25773,Gypsum Works
25774,Ironmongery
25775,Gypsum Works
25776,Sundries
25777,Gypsum Works
25778,Manpower
25779,Concrete 
25780,Pipes
25781,Pipes
25782,Office Consumables 
25783,Transformer
25784,Refreshments
25785,Precast Concrete
25786,Miscellaneous
25787,Precast Concrete
25788,Miscellaneous
25789,Office Expenses
25790,Swimming Pool 
25791,Anti Termite Control
25792,Tyres
25793,Ironmongery
25794,Sundries
25795,Ironmongery
25796,Rebar
25797,Legal Fees 
25798,Softscape (Landscape)
25799,Ironmongery
25800,
25801,
25802,Electrical
25803,Material
25804,PEB
25805,Office Expenses
25806,Office Expenses
25807,Moziac
25808,Swimming Pool 
25809,Façade
25810,Sundries
25811,Tyres
25812,Sundries
25813,Gypsum Works
25814,Rebar
25815,Sundries
25816,Swimming Pool 
25817,Waterproofing
25818,Ironmongery
25819,Electrical
25820,Office Consumables 
25821,Sundries
25822,Electrical
25823,Office Expenses
25824,Manpower
25825,Refreshments
25826,Moziac
25827,Sundries
25828,Precast Concrete
25829,Refreshments
25830,Office Consumables 
25831,Blinds
25832,Insurance
25833,Metal Works
25834,Blinds
25835,Insurance
25836,Insurance
25839,Ironmongery
25840,Office Consumables 
25841,Miscellaneous
25842,Tyres
25843,Sundries
25844,Formwork
25845,Refreshments
25846,Electrical
25847,Swimming Pool 
25848,Manpower
25849,Sundries
25850,Gypsum Works
25851,Concrete 
25852,Elevator / Escalator / Conveyor Belt
25853,Manpower
25854,Moziac
25855,Gypsum 
25856,Tyres
25857,Pipes
25858,Blinds
25859,Manpower
25860,Gypsum Works
25861,MEP Material
25862,Gypsum Works
25863,Office Expenses
25864,Electrical
25865,Swimming Pool 
25866,Ironmongery
25867,Ironmongery
25868,Fees 
25869,Refreshments
25870,Gypsum Works
25871,Precast Concrete
25872,Manpower
25873,Manpower
25874,Ironmongery
25875,Site Consumables 
25876,Manpower
25877,Precast Concrete
25878,Sundries
25879,Sundries
25880,Office Expenses
25881,Manpower
25882,Manpower
25883,Electrician 
25884,Manpower
25885,Manpower
25886,Sundries
25887,Swimming Pool 
25888,Formwork
25889,Tools & Parts 
25890,Electrician 
25891,Electrical
25893,Material
25894,Manpower
25895,Gypsum Works
25897,Vehicle & Equipment
25898,Erection
25899,Formwork
25900,Electrician 
25901,Sundries
25903,Tyres
25905,MEP Material
25906,Sundries
25907,Gypsum Works
25908,Manholes/Gratings
25909,Concrete 
25910,Pipes
25911,Office Consumables 
25912,Material
25913,Gypsum Works
25914,Gypsum Works
25915,Site Consumables 
25916,Mirrors & Glazing 
25917,Manpower
25919,Sundries
25920,Swimming Pool 
25921,Manpower
25922,Skilled Labour
25923,Swimming Pool 
25924,Site Consumables 
25925,Erection
25926,Gypsum 
25927,Office Consumables 
25928,Softscape (Landscape)
25929,Tyres
25930,Sundries
25931,Gypsum Works
25932,Office Expenses
25933,Manpower
25934,Gypsum Works
25935,Electrician 
25936,Material
25937,Gypsum Works
25938,Dewatering
25940,Blinds
25942,Swimming Pool 
25943,Refreshments
25944,MEP Material
25945,Internal Work
25946,Ironmongery
25947,Electrical
25948,Sundries
25949,Formwork
25950,Electrician 
25951,Miscellaneous
25952,Gypsum Works
25953,Electrician 
25954,Sundries
25955,Swimming Pool 
25956,Sundries
25957,Sundries
25958,Swimming Pool 
25959,Moziac
25960,Fire Fighting
25961,Office Expenses
25962,Office Expenses
25963,Dewatering
25964,Transformer
25965,Office Consumables 
25966,Gypsum Works
25967,Electrician 
25968,Office Expenses
25969,Insurance
25970,Fees 
25971,Office Expenses
25972,Sundries
25973,Sundries
25974,Gypsum Works
25975,Sundries
25976,Shuttering Carpentry
25977,Sundries
25978,Sundries
25979,Sundries
25980,Gypsum Works
25981,Tyres
25982,Tyres
25983,Tyres
25984,Office Expenses
25985,Pipes
25986,Tyres
25987,Tyres
25988,Electrical
25989,Gypsum 
25990,Electrical
25991,Sundries
25992,Office Consumables 
25993,Site Consumables 
25994,Gypsum Works
25995,Gypsum Works
25996,Legal Fees 
25997,Ironmongery
25998,Precast Concrete
25999,Fees 
26001,Transformer
26002,Miscellaneous
26003,Swimming Pool 
26004,Infrastructure 
26005,Fees 
26007,MEP
26008,Moziac
26009,Blinds
26010,Swimming Pool 
26011,Pipes
26012,Pipes
26013,Infrastructure 
26014,Dewatering
26015,Insurance
26016,Administrative Fees 
26017,Legal Fees 
26018,Gypsum Works
26019,Ironmongery
26020,Ironmongery
26021,Ironmongery
26022,Manpower
26023,Meters
26024,Office Expenses
26025,Electrical
26026,Sundries
26027,Administrative Fees 
26028,Immigration Fees
26029,Precast Concrete
26030,Gypsum Works
26031,Anti Termite Control
26032,Manpower
26033,Gypsum Works
26034,Fees 
26035,Fees 
26036,Gypsum Works
26037,Ironmongery
26038,Manpower
26039,Office Consumables 
26040,Transformer
26041,Pipes
26042,Sundries
26043,Fees 
26044,Office Expenses
26045,HVAC 
26046,Swimming Pool 
26047,Office Expenses
26048,Rebar
26049,Sundries
26050,Precast Concrete
26051,Gypsum Works
26052,Sundries
26053,Drainage 
26054,Gypsum Works
26055,Rebar
26056,Softscape (Landscape)
26057,
26058,Electrical
26059,Office Expenses
26060,Sundries
26061,Sundries
26062,Concrete 
26063,Miscellaneous
26064,
26065,Gypsum Works
26066,Manpower
26067,Sundries
26068,Site Consumables 
26069,Swimming Pool 
26070,Refreshments
26071,Electrician 
26072,Legal Fees 
26073,Blinds
26074,Sundries
26075,Material
26076,Formwork
26077,Material
26078,Sundries
26079,Gypsum Works
26080,Gypsum Works
26081,Tyres
26082,Ironmongery
26083,Furniture
26084,Softscape (Landscape)
26085,Tyres
26086,Electrical
26087,Erection
26088,Charge
26089,Insurance
26090,PEB
26091,Refreshments
26092,Office Expenses
26093,Office Expenses
26094,Fire Alarm
26095,Pipes
26096,Gypsum Works
26097,Office Expenses
26098,Material
26099,Precast Concrete
26100,Infrastructure 
26101,Tyres
26102,Sundries
26103,Fees 
26104,Office Expenses
26105,Gypsum Works
26106,Gypsum Works
26107,Swimming Pool 
26108,Gypsum Works
26109,Office Expenses
26110,Material
26111,Manpower
26112,Site Consumables 
26113,Office Expenses
26114,Manpower
26115,Electrical
26116,Cables & Wires
26117,Manpower
26118,Infrastructure 
26119,Tyres
26120,
26121,Gypsum Works
26122,Manpower
26123,Office Consumables 
26124,Sundries
26125,Concrete 
26126,MEP Material
26127,Consumables
26128,Sundries
26129,Manpower
26130,Manpower
26131,Gypsum Works
26132,Gypsum Works
26133,Refreshments
26134,Legal Fees 
26135,Swimming Pool 
26136,Sundries
26137,Office Expenses
26138,Swimming Pool 
26139,Swimming Pool 
26141,Softscape (Landscape)
26142,Electrician 
26143,Office Consumables 
26144,Tyres
26145,Tyres
26146,Erection
26147,Swimming Pool 
26148,Office Consumables 
26149,Geotechnical Report
26150,MEP Material
26151,Pipes
26152,Sundries
26153,Tyres
26154,Mirrors & Glazing 
26155,Moziac
26156,Tyres
26157,Tyres
26158,Swimming Pool 
26159,Heaters
26160,HVAC 
26161,Ironmongery
26162,Office Expenses
26163,Sundries
26164,Metal Works
26165,Refreshments
26166,Electrician 
26167,Manpower
26168,Vehicle & Equipment
26169,Gypsum Works
26170,Vehicle & Equipment
26171,Sundries
26172,Moziac
26173,Structural Works
26174,Vehicle Related Fees
26175,HVAC 
26176,Office Consumables 
26177,
26178,PEB
26179,PEB
26180,Refreshments
26181,Bank Charges
26182,Cables & Wires
26183,Miscellaneous
26184,Gypsum Works
26185,Office Consumables 
26186,Erection
26187,Manpower
26188,Office Consumables 
26189,Refreshments
26191,Waterproofing
26192,Gypsum Works
26193,Office Consumables 
26194,Blinds
26195,Blinds
26196,Blinds
26197,Tanks
26198,Office Expenses
26199,Office Expenses
26200,Vehicle Related Fees
26201,Mirrors & Glazing 
26202,Pipes
26203,Manpower
26204,Site Consumables 
26205,Ironmongery
26206,Gypsum Works
26207,Blinds
26208,Gypsum Works
26209,Sundries
26210,
26211,Swimming Pool 
26212,PEB
26213,Office Consumables 
26214,Sundries
26215,Sundries
26216,Sundries
26217,Gypsum Works
26218,Sundries
26219,Sundries
26220,Precast Concrete
26221,Office Consumables 
26222,Sundries
26223,Sundries
26224,Screed Finishing
26225,Miscellaneous
26226,Anti Termite Control
26227,Refreshments
26228,Softscape (Landscape)
26229,Softscape (Landscape)
26230,HVAC 
26231,Manpower
26232,Sundries
26233,Vehicle & Equipment
26234,Manpower
26235,Fire Alarm
26236,HVAC 
26237,Backfilling
26238,Sundries
26239,Legal Fees 
26240,Office Consumables 
26242,Tyres
26243,LPG
26244,HVAC 
26245,PEB
26246,Office Consumables 
26247,Legal Fees 
26249,Sundries
26250,Insurance
26251,Electrician 
26252,Refreshments
26253,Tyres
26254,Mirrors & Glazing 
26255,Gypsum Works
26256,Drainage 
26257,Drainage 
26258,Manpower
26259,Gypsum Works
26260,Miscellaneous
26262,Electrician 
26263,Vehicle & Equipment
26264,Office Consumables 
26265,Office Consumables 
26266,Miscellaneous
26267,Swimming Pool 
26268,Swimming Pool 
26269,ELV 
26270,Swimming Pool 
26271,Manpower
26272,Office Expenses
26273,Sundries
26274,Electrician 
26275,Screed Finishing
26277,Office Consumables 
26278,Office Consumables 
26279,Sundries
26280,Insurance
26281,Dewatering
26282,Office Consumables 
26283,Moziac
26284,Legal Fees 
26285,Drainage 
26286,Erection
26287,Vehicle & Equipment
26288,Gypsum Works
26289,Refreshments
26290,Office Expenses
26291,Swimming Pool 
26292,Swimming Pool 
26293,Sundries
26294,Office Expenses
26295,Tyres
26296,Tyres
26297,Tyres
26298,Tyres
26299,Tyres
26300,Refreshments
26301,Legal Fees 
26302,Pipes
26303,Pipes
26304,Pipes
26305,Pipes
26306,Fees 
26307,Material
26308,Refreshments
26309,MEP Material
26310,Gypsum Works
26311,Cables & Wires
26312,Concrete 
26313,Geotechnical Report
26314,Cables & Wires
26315,Sundries
26316,Screed Finishing
26317,Gypsum Works
26318,Miscellaneous
26319,Legal Fees 
26320,Office Expenses
26321,Tyres
26322,Office Consumables 
26323,Consulting Fees 
26324,Erection
26325,Office Consumables 
26326,Manpower
26327,Manpower
26328,Electrician 
26329,Refreshments
26330,Sundries
26331,MEP Material
26332,Sundries
26333,Manpower
26334,Gypsum Works
26335,Fees 
26336,Tyres
26337,Office Consumables 
26338,Miscellaneous
26339,Tyres
26340,Tyres
26341,Insurance
26342,Tyres
26343,Blinds
26344,Screed Finishing
26345,PEB
26346,Insurance
26347,Manholes/Gratings
26348,Electrician 
26349,Office Consumables 
26350,Gypsum Works
26351,Sundries
26352,Dewatering
26353,Manpower
26354,Vehicle Related Fees
26355,Manpower
26356,Office Consumables 
26357,Office Consumables 
26358,Office Consumables 
26359,Office Consumables 
26360,Anti Termite Control
26363,Precast Concrete
26364,Sundries
26365,Office Expenses
26367,Drainage 
26368,Sundries
26369,Softscape (Landscape)
26370,MEP
26371,Insurance
26372,Insurance
26373,Office Expenses
26374,Office Expenses
26375,Cables & Wires
26376,Refreshments
26377,Backfilling
26378,Refreshments
26379,Mirrors & Glazing 
26380,Vehicle & Equipment
26381,Backfilling
26382,Cables & Wires
26383,Tyres
26384,Manpower
26385,Manpower
26386,Office Consumables 
26387,Office Expenses
26388,Sundries
26389,Sundries
26390,Sundries
26391,Sundries
26392,Sundries
26393,Gypsum Works
26394,Sundries
26395,Sundries
26396,Sundries
26397,Office Consumables 
26398,Manpower
26399,Manpower
26400,Legal Fees 
26401,Screed Finishing
26402,Legal Fees 
26403,Tyres
26404,Tyres
26405,Tyres
26406,Vehicle & Equipment
26407,Screed Finishing
26408,LPG
26409,Manpower
26410,Vehicle & Equipment
26411,Sundries
26412,Cables & Wires
26413,Moziac
26414,Shuttering Carpentry
26415,Tyres
26416,Precast
26417,Cables & Wires
26418,Fire Alarm
26419,Fees 
26420,Electrical
26421,Refreshments
26422,Sundries
26423,Insurance
26425,Sundries
26426,Gypsum 
26427,Gypsum Works
26428,Sundries
26429,Office Expenses
26430,Tyres
26431,Electrical
26432,Manpower
26433,Office Expenses
26434,Manpower
26435,Gypsum Works
26436,Manpower
26438,Gypsum 
26439,Fees 
26440,Manpower
26441,Office Expenses
26442,Fees 
26443,Geotechnical Report
26444,Moziac
26445,Sundries
26446,Office Consumables 
26447,Gypsum Works
26448,Vehicle & Equipment
26449,Site Consumables 
26450,Gypsum Works
26452,Electrician 
26453,Gypsum Works
26454,Gypsum Works
26455,Electrical
26456,Electrical
26457,Gypsum Works
26458,Gypsum Works
26459,Pipes
26460,Material
26461,Ironmongery
26462,Gypsum Works
26463,Material
26464,Manpower
26465,Block
26466,Office Expenses
26467,Swimming Pool 
26468,Manpower
26469,Sundries
26470,Gypsum Works
26471,Pipes
26472,Gypsum Works
26473,Gypsum Works
26474,Manpower
26475,Fees 
26476,Sundries
26477,Pipes
26478,Office Expenses
26479,Electrical
26480,Sundries
26481,Sundries
26482,MEP Material
26483,Site Consumables 
26484,Gypsum Works
26485,Manpower
26486,Gypsum Works
26487,Cables & Wires
26488,Moziac
26489,Rebar
26490,Formwork
26491,Tyres
26492,Vehicle & Equipment
26493,MEP
26494,Office Expenses
26495,Roadworks
26496,Refreshments
26497,Gypsum Works
26498,Gypsum Works
26499,Parts
26500,MEP Material
26501,Refreshments
26502,Swimming Pool 
26503,Electrician 
26504,Medical Fees 
26505,Vehicle & Equipment
26506,Blinds
26507,HVAC 
26508,HVAC 
26509,Office Expenses
26510,Refreshments
26511,Office Consumables 
26512,Office Consumables 
26513,Gypsum Works
26514,Refreshments
26515,Gypsum Works
26516,Tyres
26517,Office Consumables 
26518,Concrete 
26519,Sundries
26520,Manpower
26521,Precast Concrete
26522,Electrical
26523,Fees 
26524,Gypsum Works
26525,
26526,Gypsum Works
26527,Electrical
26528,Pipes
26529,Gypsum Works
26530,Tyres
26531,Electrical
26532,Gypsum Works
26533,Manpower
26534,Manpower
26535,Ironmongery
26536,MEP Material
26537,Electrical
26538,Electrical
26539,Manpower
26540,Pipes
26541,Pipes
26542,Vehicle & Equipment
26543,Ironmongery
26544,Site Consumables 
26545,Formwork
26546,Precast Concrete
26547,Ironmongery
26548,Refreshments
26549,Manpower
26550,Legal Fees 
26551,Electrician 
26552,Vehicle & Equipment
26553,PEB
26554,Sundries
26555,Drainage 
26556,Gypsum Works
26557,PEB
26558,Precast Concrete
26559,Sundries
26560,Insurance
26561,Tyres
26562,Concrete 
26563,Tyres
26564,Softscape (Landscape)
26565,LPG
26566,Ironmongery
26567,Site Consumables 
26568,Ironmongery
26569,Electrician 
26570,Precast Concrete
26571,Rebar
26572,Office Expenses
26573,Softscape (Landscape)
26574,Gypsum Works
26575,Mirrors & Glazing 
26576,Blinds
26577,Swimming Pool 
26579,Electrician 
26580,Office Consumables 
26581,Office Expenses
26582,Manpower
26583,Office Consumables 
26584,Office Consumables 
26585,Concrete 
26586,Backfilling
26587,Sundries
26588,Gypsum Works
26589,Ironmongery
26590,Gypsum Works
26591,PEB
26592,LPG
26593,Ironmongery
26594,Dewatering
26595,Ironmongery
26596,Office Consumables 
26597,Gypsum Works
26598,Gypsum Works
26599,Swimming Pool 
26600,Precast Concrete
26601,Formwork
26602,Sundries
26603,MEP Material
26604,Gypsum Works
26605,Electrical
26606,Swimming Pool 
26607,Pipes
26608,Formwork
26609,Softscape (Landscape)
26610,Sundries
26611,Office Consumables 
26612,Gypsum Works
26613,Gypsum Works
26614,Manpower
26615,Gypsum Works
26616,Office Consumables 
26617,Gypsum Works
26619,Tyres
26620,Pipes
26621,Tyres
26622,Pipes
26623,Gypsum Works
26624,Sundries
26625,Sundries
26626,Electrical
26627,Sundries
26628,Sundries
26629,Pipes
26630,Sundries
26631,Sundries
26632,Office Consumables 
26633,Sundries
26634,Gypsum Works
26635,Sundries
26636,Rebar
26637,Rebar
26638,Sundries
26639,Sundries
26640,Vehicle & Equipment
26641,Sundries
26642,Swimming Pool 
26643,Sundries
26644,Sundries
26645,Manpower
26646,Gypsum Works
26647,Sundries
26648,Manpower
26649,Swimming Pool 
26650,Swimming Pool 
26652,PEB
26653,Site Consumables 
26654,Manpower
26655,Ironmongery
26656,Pipes
26657,Manpower
26658,Electrician 
26659,Insurance
26660,Sundries
26661,Office Expenses
26662,Gypsum Works
26663,Vehicle & Equipment
26664,Sundries
26665,Electrician 
26666,Legal Fees 
26667,Legal Fees 
26668,Swimming Pool 
26669,Sundries
26670,Sundries
26671,Anti Termite Control
26672,Sundries
26674,Electrical
26675,Refreshments
26676,Electrical
26677,Manpower
26678,Block
26679,Roadworks
26680,Tyres
26682,Refreshments
26683,Manpower
26684,Manpower
26685,Refreshments
26686,Precast Concrete
26687,Pipes
26688,Insurance
26689,Manpower
26690,Electrician 
26691,Site Consumables 
26692,MEP Material
26693,Sundries
26694,Legal Fees 
26695,Metal Works
26696,Water Supply
26697,Manpower
26698,Precast Concrete
26699,Insurance
26700,Fees 
26701,Fire Fighting
26702,Screed Finishing
26703,Geotechnical Report
26704,Sundries
26706,Tyres
26707,Vehicle & Equipment
26708,Vehicle & Equipment
26709,Gypsum Works
26710,Sundries
26711,Sundries
26712,Formwork
26713,Vehicle & Equipment
26714,Manpower
26715,Material
26716,Sundries
26717,Site Consumables 
26718,Sundries
26719,Electrician 
26720,Gypsum Works
26721,Sundries
26722,Precast Concrete
26723,Office Consumables 
26724,Sundries
26725,Fire Fighting
26726,Office Consumables 
26727,Office Consumables 
26728,Signage
26729,Manpower
26730,Office Expenses
26731,Electrician 
26733,Insurance
26734,Gypsum Works
26735,Material
26736,Refreshments
26737,Softscape (Landscape)
26738,Sundries
26739,Manpower
26740,Electrician 
26742,External Manpower
26743,Water Supply
26744,Manpower
26745,Pipes
26746,Gypsum Works
26747,MEP Material
26748,Tyres
26749,Sundries
26750,Electrician 
26751,Erection
26752,Erection
26753,Erection
26754,Vehicle & Equipment
26755,Gypsum Works
26756,Rebar
26757,Manpower
26758,Office Expenses
26759,Manholes/Gratings
26760,Precast Concrete
26761,Electrical
26763,Vehicle & Equipment
26765,Tyres
26766,Sundries
26767,Vehicle & Equipment
26768,Manpower
26769,Gypsum Works
26770,Gypsum Works
26771,PEB
26772,Sundries
26773,Precast Concrete
26774,Insurance
26775,Insurance
26776,Insurance
26777,Tyres
26779,Gypsum Works
26780,Precast Concrete
26781,Site Consumables 
26782,Pipes
26783,Precast Concrete
26784,Electrician 
26785,Electrician 
26786,Office Consumables 
26787,Office Consumables 
26788,Manpower
26794,Office Consumables 
26795,Manpower
26797,Formwork
26798,Gypsum Works
26799,Water Supply
26800,Office Expenses
26801,Vehicle Related Fees
26802,Office Expenses
26803,Office Expenses
26804,Geotechnical Report
26805,Geotechnical Report
26807,Geotechnical Report
26808,Office Expenses
26809,Site Consumables 
26810,Precast Concrete
26811,Site Consumables 
26812,Electrician 
26813,Epoxy
26814,Refreshments
26815,Refreshments
26816,Cables & Wires
26817,Electrical
26818,Tyres
26819,Manpower
26820,Electrician 
26821,Vehicle & Equipment
26822,Electrician 
26823,Insurance
26824,Sundries
26825,Sundries
26826,Water Supply
26827,Ironmongery
26828,Pipes
26829,Sundries
26830,Gypsum Works
26831,Gypsum Works
26833,Manpower
26834,Manpower
26835,Electrician 
26836,Office Expenses
26837,Manpower
26838,Insurance
26839,Insurance
26840,Electrical
26841,MEP
26843,Erection
26844,Erection
26845,Sundries
26846,Gypsum Works
26847,Cement 
26848,Ironmongery
26849,Water Supply
26850,Gypsum Works
26851,Sundries
26852,Sundries
26853,Gypsum Works
26854,Sundries
26855,Tyres
26856,Sundries
26857,Electrical
26858,MEP Material
26859,Gypsum Works
26860,Furniture
26862,MEP Material
26863,Vehicle & Equipment
26864,Heaters
26865,ELV 
26866,Refreshments
26867,External Manpower
26868,Insurance
26869,MEP Material
26870,Manpower
26871,Gypsum Works
26872,Block
26873,Sundries
26874,Sundries
26875,Sundries
26876,Rebar
26877,Sundries
26878,Gypsum Works
26879,Office Consumables 
26880,Pipes
26881,LPG
26882,Sundries
26883,Pipes
26884,Precast Concrete
26885,Rebar
26886,Tyres
26887,Swimming Pool 
26888,Geotechnical Report
26889,Vehicle & Equipment
26890,Vehicle Related Fees
26892,Sundries
26893,Gypsum Works
26894,Insurance
26895,Refreshments
26896,Ceramic & Porcelain
26897,Consumables
26898,Consumables
26899,Office Consumables 
26900,Material
26901,Gypsum Works
26902,Gypsum Works
26903,Consumables
26904,Sundries
26905,Consumables
26906,Consumables
26907,Consumables
26908,Consumables
26909,Consumables
26910,Consumables
26911,Consumables
26912,LPG
26913,Transformer
26914,
26915,Consumables
26917,Consumables
26918,Consumables
26919,Consumables
26920,Consumables
26921,Consumables
26922,Consumables
26923,Consumables
26924,Consumables
26925,Sundries
26926,Tyres
26927,Electrician 
26928,Site Consumables 
26929,Gypsum Works
26931,Manpower
26932,Manpower
26933,Drainage 
26934,Office Expenses
26935,MEP Material
26936,Gypsum Works
26937,Office Expenses
26938,Electrician 
26939,Site Consumables 
26940,Rubber
26941,Electrician 
26942,Vehicle & Equipment
26944,Gypsum 
26945,External Manpower
26946,Sundries
26947,Electrical
26948,Electrical
26949,Bank Charges
26950,Bank Charges
26951,Bank Charges
26952,Sundries
26953,Electrician 
26954,Office Consumables 
26955,Tyres
26956,Sundries
26957,Sundries
26958,Office Consumables 
26959,Parts
26960,Precast Concrete
26961,Gypsum Works
26962,Electrical
26963,Gypsum Works
26964,Rebar
26965,Office Consumables 
26966,Precast Concrete
26967,Concrete 
26968,Sundries
26969,Electrician 
26970,Ironmongery
26971,Consumables
26972,Consumables
26973,Consumables
26974,Consumables
26975,Consumables
26976,Consumables
26977,Gypsum Works
26978,Mirrors & Glazing 
26979,Electrical
26980,ELV 
26982,Gypsum Works
26983,Insurance
26984,Insurance
26985,Gypsum Works
26986,Gypsum Works
26987,Office Expenses
26988,Electrical
26990,Office Consumables 
26991,Gypsum Works
26992,
26993,Pipes
26994,Material
26995,Cables & Wires
26996,MEP
26997,Office Consumables 
26998,Office Expenses
26999,Transformer
27000,Backfilling
27001,Backfilling
27002,Material
27003,Gypsum Works
27004,Charge
27005,Softscape (Landscape)
27006,Fees 
27007,Cement 
27008,Sundries
27009,Office Consumables 
27010,Tyres
27011,Sundries
27012,Infrastructure 
27013,Consumables
27014,Consumables
27015,Consumables
27016,Gypsum Works
27017,Consumables
27018,Consumables
27019,Consumables
27020,Sundries
27021,Refreshments
27022,Fire Fighting
27023,Formwork
27024,Material
27025,MEP Material
27026,Gypsum Works
27027,Vehicle & Equipment
27028,HVAC 
27029,Sundries
27030,Office Consumables 
27031,Manpower
27032,Pipes
27033,Swimming Pool 
27034,Office Expenses
27035,Fire Alarm
27036,Roadworks
27037,Swimming Pool 
27038,Office Consumables 
27039,Ironmongery
27040,Gypsum Works
27041,Office Consumables 
27042,Office Expenses
27043,Excavation
27044,Water Supply
27045,Fire Alarm
27046,Gypsum Works
27047,Cement 
27048,Sundries
27049,Manholes/Gratings
27050,Office Expenses
27051,Office Consumables 
27052,Office Expenses
27053,Gypsum Works
27054,Office Expenses
27055,Electrical
27056,Gypsum Works
27057,Sundries
27058,Insurance
27059,Insurance
27060,Metal Works
27061,Sundries
27062,Gypsum Works
27063,Gypsum Works
27064,Moziac
27065,Gypsum Works
27066,Insurance
27067,Formwork
27068,Insurance
27069,Insurance
27070,Tyres
27071,Roadworks
27072,Gypsum Works
27073,Swimming Pool 
27074,Painting Works
27075,Office Consumables 
27076,Vehicle & Equipment
27077,Office Consumables 
27078,Electrician 
27079,Electrician 
27080,Signage
27081,Office Expenses
27082,Vehicle Related Fees
27083,Gypsum Works
27084,Gypsum Works
27085,Electrical
27086,Precast Concrete
27087,Refreshments
27088,LPG
27089,Swimming Pool 
27090,Refreshments
27091,Refreshments
27092,Refreshments
27093,Refreshments
27094,Refreshments
27095,Refreshments
27096,Refreshments
27097,Sundries
27098,Sundries
27099,Sundries
27100,Refreshments
27101,Refreshments
27102,Refreshments
27103,Refreshments
27104,Refreshments
27105,Swimming Pool 
27106,Ironmongery
27107,Tyres
27108,Electrical
27109,Tyres
27110,Gypsum Works
27111,Vehicle & Equipment
27112,Gypsum Works
27113,Pipes
27114,Manpower
27115,Gypsum Works
27116,Sundries
27117,Refreshments
27118,Office Expenses
27119,Ironmongery
27120,Electrician 
27121,Office Consumables 
27122,Office Consumables 
27123,Rebar
27124,Electrical
27125,Transformer
27126,Sundries
27127,Pipes
27128,Site Consumables 
27129,Gypsum Works
27130,Manpower
27131,Office Expenses
27132,Electrician 
27133,Softscape (Landscape)
27134,LPG
27135,Charge
27136,Insurance
27137,Refreshments
27138,Insurance
27139,Tyres
27140,Insurance
27141,Insurance
27142,Insurance
27143,Tyres
27144,Tyres
27145,Refreshments
27146,Vehicle Related Fees
27147,Tyres
27148,Office Expenses
27149,Refreshments
27150,Site Consumables 
27151,Pipes
27152,Moziac
27153,Transformer
27154,Cement 
27155,Refreshments
27156,Tyres
27157,Vehicle & Equipment
27158,Consumables
27159,Consumables
27160,Consumables
27161,Consumables
27162,Consumables
27163,Consumables
27164,Backfilling
27165,Insurance
27167,Bank Charges
27168,MEP
27169,Bank Charges
27170,Legal Fees 
27171,Refreshments
27172,Water Supply
27173,Cement 
27174,Vehicle & Equipment
27175,Insurance
27177,Moziac
27178,Moziac
27179,Office Consumables 
27180,Gypsum Works
27181,Ironmongery
27182,Gypsum Works
27183,Gypsum Works
27184,Gypsum 
27185,MEP
27186,Office Expenses
27197,Concrete 
27198,Sundries
27199,Structural Works
27200,Interlock Work
27201,Cluster Block Work
27202,Block Work
27203,Painting Work 
27204,Painting Work 
27205,Reinforcement
27206,Reinforcement
27207,Interlock Work
27208,Block Work
27209,Painting Work 
27210,Cluster Block Work
27211,Shuttering Carpentry
27212,Reinforcement
27213,Interlock Work
27214,Interlock Work
27215,Plaster Work
27216,Manpower
27217,Plaster Work
27218,Block Work
27219,Shuttering Carpentry
27220,Office Expenses
27221,Concrete 
27222,Office Expenses
27223,Vehicle & Equipment
27224,Gypsum Works
27225,Gypsum Works
27226,MEP Material
27227,Material
27228,Sundries
27229,Signage
27230,Manpower
27231,Dewatering
27232,Cables & Wires
27233,Refreshments
27234,Refreshments
27235,Legal Fees 
27236,Office Expenses
27237,Tools & Parts 
27238,Precast Concrete
27239,Pipes
27240,Gypsum Works
27241,Moziac
27242,Office Consumables 
27243,Vehicle & Equipment
27244,Sundries
27246,Sundries
27247,Sundries
27248,Sundries
27249,Gypsum Works
27250,Electrical
27251,Sundries
27252,Sundries
27253,Formwork
27254,Sundries
27255,Tyres
27256,MEP Material
27257,Geotechnical Report
27258,Manpower
27259,Tyres
27260,Site Consumables 
27261,Tyres
27262,Sundries
27263,Softscape (Landscape)
27264,Refreshments
27265,Sundries
27266,Sundries
27267,Electrical
27268,Electrical
27269,Vehicle Related Fees
27270,Office Consumables 
27271,Office Consumables 
27272,Sundries
27273,Sundries
27274,Gypsum Works
27275,Pipes
27276,Gypsum Works
27277,Office Expenses
27278,Office Consumables 
27279,Manpower
27280,Ironmongery
27281,Vehicle & Equipment
27282,Insurance
27283,Gypsum Works
27284,Cement 
27285,Insurance
27286,Moziac
27287,Concrete 
27288,Refreshments
27289,Precast
27290,Cement 
27291,Refreshments
27292,Cement 
27293,Office Consumables 
27294,
27295,Legal Fees 
27296,Legal Fees 
27297,Ironmongery
27298,Manpower
27299,Electrical
27300,MEP Material
27301,Pipes
27302,Material
27303,Office Expenses
27304,Internal Work
27305,Moziac
27306,Medical Fees 
27308,Façade
27309,Manholes/Gratings
27310,Office Expenses
27311,Office Expenses
27312,Office Consumables 
27313,Electrical
27314,Dewatering
27315,PEB
27316,Electrical
27317,Electrical
27318,Sundries
27319,Manholes/Gratings
27320,Metal Works
27321,Manholes/Gratings
27322,Swimming Pool 
27323,Signage
27324,Geotechnical Report
27325,Tyres
27326,Office Consumables 
27327,Moziac
27328,Swimming Pool 
27329,Swimming Pool 
27330,Sundries
27331,Sundries
27332,Refreshments
27333,Cement 
27334,Softscape (Landscape)
27335,Softscape (Landscape)
27336,Site Consumables 
27337,Transformer
27338,Gypsum Works
27339,Formwork
27340,Precast Concrete
27341,Sundries
27342,Ironmongery
27343,Site Consumables 
27344,External Manpower
27345,Tyres
27346,Water Supply
27347,Cement 
27348,Water Supply
27349,Fees 
27350,Swimming Pool 
27351,
27352,Electrical
27353,Electrical
27354,Electrical
27355,Concrete 
27356,Electrical
27357,Geotechnical Report
27358,Sundries
27359,Gypsum Works
27360,Legal Fees 
27361,Refreshments
27362,Manpower
27363,Office Expenses
27364,Pipes
27365,Gypsum Works
27366,Refreshments
27367,Refreshments
27368,Gypsum Works
27369,Manpower
27371,MEP
27372,Site Consumables 
27373,Office Expenses
27374,Gypsum Works
27375,Electrical
27376,Rebar
27377,Gypsum Works
27378,Office Expenses
27379,Electrician 
27380,PEB
27381,Formwork
27382,Sundries
27383,Formwork
27384,Sundries
27385,Insurance
27386,Insurance
27387,Charge
27388,Insurance
27389,Tyres
27390,Office Consumables 
27391,Pipes
27392,Electrical
27393,Pipes
27394,Sundries
27395,MEP
27396,Concrete 
27397,Sundries
27398,Gypsum Works
27399,Pipes
27400,Signage
27401,Tyres
27402,Sundries
27403,Cement 
27404,Sundries
27405,Transformer
27406,Electrician 
27407,Office Consumables 
27408,Refreshments
27409,Refreshments
27410,Tyres
27411,Tyres
27412,Geotechnical Report
27413,Sundries
27414,Erection
27415,Erection
27416,Softscape (Landscape)
27417,Office Expenses
27418,Electrical
27419,Electrician 
27420,Pipes
27421,Sundries
27422,Refreshments
27423,Manpower
27424,Sundries
27425,Office Expenses
27426,Tanks
27427,Sundries
27428,Office Consumables 
27429,MEP
27430,Office Consumables 
27431,Plumbing
27432,
27433,Tyres
27434,Swimming Pool 
27435,Vehicle & Equipment
27436,Consulting Fees 
27437,Electrical
27438,Moziac
27439,Rebar
27440,Tyres
27441,Geotechnical Report
27442,Geotechnical Report
27443,Vehicle & Equipment
27444,Water Supply
27445,Ironmongery
27446,Cement 
27447,Moziac
27448,Gypsum Works
27449,Heaters
27450,Site Consumables 
27451,Gypsum Works
27452,Sundries
27453,Office Expenses
27454,Office Consumables 
27455,Cement 
27456,Sundries
27457,Office Consumables 
27458,Gypsum Works
27459,Fees 
27460,Electrician 
27461,Office Consumables 
27462,Electrician 
27463,Sundries
27464,Electrical
27465,Site Consumables 
27466,Pipes
27467,Material
27468,
27469,Gypsum Works
27470,Insurance
27471,Fees 
27472,Swimming Pool 
27473,MEP Material
27474,Transformer
27475,Electrical
27476,Softscape (Landscape)
27477,Office Consumables 
27478,Insurance
27479,Tyres
27480,Insurance
27481,Formwork
27482,Manpower
27483,Pipes
27484,Material
27485,Pipes
27486,Office Expenses
27487,Electrician 
27488,Tyres
27489,Manpower
27490,Insurance
27491,Gypsum Works
27492,Sundries
27493,Geotechnical Report
27494,Electrical
27495,Manpower
27496,Manpower
27497,Manpower
27498,MEP
27499,Sundries
27500,Precast Concrete
27501,Gypsum 
27503,Meters
27504,Swimming Pool 
27505,Cement 
27506,Sundries
27507,Transformer
27508,Sundries
27509,Tanks
27510,Site Consumables 
27511,Ironmongery
27512,Manpower
27513,Gypsum Works
27514,Pipes
27515,Bank Charges
27516,LPG
27517,Office Expenses
27518,HVAC 
27519,Refreshments
27520,Insurance
27521,Precast
27523,Sundries
27526,Tyres
27527,Insurance
27528,Geotechnical Report
27529,Office Consumables 
27530,Insurance
27531,Pipes
27532,Office Consumables 
27533,Electrician 
27534,Office Consumables 
27535,Rebar
27536,Manpower
27537,Signage
27538,Gypsum Works
27539,Manpower
27540,Gypsum Works
27541,Office Consumables 
27542,Mirrors & Glazing 
27543,Block
27544,Electrical
27545,Refreshments
27546,Painting Works
27547,Tyres
27548,Softscape (Landscape)
27549,Insurance
27550,Parts
27551,Insurance
27553,ELV 
27554,MEP
27555,Electrician 
27556,Office Consumables 
27557,Sundries
27558,Manpower
27559,Sundries
27560,Gypsum Works
27561,Gypsum Works
27562,Gypsum Works
27563,Gypsum Works
27564,External Manpower
27565,Sundries
27566,MEP
27567,Sundries
27568,Softscape (Landscape)
27569,Mirrors & Glazing 
27570,Fees 
27571,Fees 
27572,Electrician 
27573,Infrastructure 
27574,Ironmongery
27575,Transformer
27576,Manpower
27577,Miscellaneous
27578,Rebar
27579,Gypsum Works
27580,Sundries
27581,Fees 
27582,Water Supply
27583,Gypsum Works
27584,Tanks
27585,Pipes
27586,Pipes
27587,Office Consumables 
27588,Blinds
27589,LPG
27590,LPG
27591,Office Expenses
27592,Heaters
27593,Refreshments
27594,Transformer
27595,Electrical
27596,ELV 
27597,Sundries
27598,Refreshments
27599,Vehicle Related Fees
27600,Cables & Wires
27601,Office Expenses
27602,Gypsum Works
27603,Concrete 
27604,Material
27605,Tyres
27606,Geotechnical Report
27607,Cables & Wires
27608,Gypsum Works
27609,Tyres
27610,Precast Concrete
27611,Swimming Pool 
27612,Electrician 
27613,PEB
27614,PEB
27615,Sundries
27616,Blinds
27617,Refreshments
27618,Electrician 
27619,Geotechnical Report
27620,Electrician 
27621,Softscape (Landscape)
27622,Gypsum Works
27623,Ironmongery
27624,Material
27625,Manpower
27626,Office Consumables 
27627,Manpower
27628,Vehicle & Equipment
27629,PEB
27630,PEB
27631,Sundries
27632,Office Consumables 
27633,Office Consumables 
27634,Sundries
27635,Gypsum Works
27636,Pipes
27637,Rebar
27638,Gypsum Works
27639,Office Expenses
27640,Manpower
27641,Manpower
27642,Geotechnical Report
27643,Manpower
27644,Gypsum Works
27645,Moziac
27646,Insurance
27647,Insurance
27648,Insurance
27649,Office Consumables 
27650,Office Consumables 
27651,Office Consumables 
27652,Cement 
27654,Meters
27655,Ironmongery
27656,Sundries
27657,Sundries
27658,Electrical
27659,Office Consumables 
27660,Vehicle & Equipment
27661,Manpower
27662,Insurance
27663,Insurance
27664,Office Expenses
27665,Ironmongery
27666,Sundries
27667,Sundries
27668,Sundries
27669,Sundries
27671,ELV 
27672,Sundries
27673,Sundries
27674,Legal Fees 
27675,Vehicle Related Fees
27676,Tyres
27677,Tyres
27678,Tyres
27679,Tyres
27680,Tyres
27681,Electrician 
27682,Vehicle & Equipment
27683,Office Consumables 
27684,Legal Fees 
27686,Mirrors & Glazing 
27687,PEB
27688,PEB
27689,Moziac
27690,Sundries
27691,Concrete 
27692,Sundries
27693,Swimming Pool 
27694,Manpower
27695,Sundries
27696,Gypsum Works
27697,Precast Concrete
27698,Electrical
27699,Office Consumables 
27700,Site Consumables 
27701,Precast Concrete
27702,Pipes
27703,Manpower
27704,Gypsum Works
27705,Signage
27706,Office Consumables 
27707,Pipes
27708,Pipes
27709,MEP Material
27710,Gypsum Works
27711,Rebar
27712,Manpower
27713,Ironmongery
27714,Gypsum Works
27715,Tyres
27716,Sundries
27717,Blinds
27718,Gypsum Works
27719,Signage
27720,MEP
27721,Manpower
27722,Cables & Wires
27723,Gypsum Works
27724,Cables & Wires
27725,Electrician 
27726,Softscape (Landscape)
27727,Manpower
27728,Ironmongery
27729,Manpower
27730,Manpower
27731,MEP Material
27732,Refreshments
27733,Sundries
27734,Refreshments
27735,Refreshments
27736,Pipes
27737,Pipes
27738,Formwork
27739,Gypsum Works
27740,Refreshments
27741,Refreshments
27742,Pipes
27743,Manpower
27744,Manpower
27745,Electrician 
27746,Sundries
27747,Sundries
27748,Cement 
27749,Electrician 
27750,Manpower
27751,Tools & Parts 
27752,Tyres
27753,Manpower
27754,Manpower
27755,Manpower
27756,Sundries
27757,Office Consumables 
27758,Gypsum Works
27759,Swimming Pool 
27761,Swimming Pool 
27762,Ironmongery
27763,Gypsum Works
27764,Softscape (Landscape)
27765,Legal Fees 
27766,Swimming Pool 
27767,Refreshments
27768,Swimming Pool 
27769,Refreshments
27770,Administrative Fees 
27771,Gypsum Works
27772,Sundries
27773,Signage
27774,Refreshments
27775,Swimming Pool 
27776,Refreshments
27777,Moziac
27778,Miscellaneous
27779,Manpower
27780,Refreshments
27781,Vehicle & Equipment
27782,Fire Alarm
27783,Refreshments
27784,Refreshments
27785,Concrete 
27786,Sundries
27787,Gypsum Works
27788,Sundries
27789,Gypsum Works
27791,Electrical
27792,Geotechnical Report
27793,Concrete 
27794,Ironmongery
27795,Pipes
27796,Bank Charges
27797,Ceramic & Porcelain
27798,Gypsum Works
27799,Sundries
27800,Signage
27801,Painting Work 
27802,Block Work
27803,Plaster Work
27804,Interlock Work
27805,Electrical
27806,Pipes
27807,Office Consumables 
27808,Refreshments
27809,Refreshments
27810,External Manpower
27811,Tools & Parts 
27812,Sundries
27813,Sundries
27814,Infrastructure 
27815,Geotechnical Report
27816,Sundries
27817,Medical Fees 
27818,Vehicle Related Fees
27819,LPG
27820,LPG
27821,Ironmongery
27822,Office Expenses
27823,Office Consumables 
27824,Electrician 
27825,Tools & Parts 
27826,Formwork
27828,Reinforcement
27829,Precast Concrete
27830,Transformer
27831,Gypsum Works
27832,Gypsum Works
27833,Electrical
27834,Manpower
27835,Cement 
27836,Infrastructure 
27837,Structural Works
27838,Sundries
27839,Shuttering Carpentry
27840,Electrician 
27841,Electrician 
27842,Moziac
27843,Refreshments
27844,Ironmongery
27845,Tyres
27846,Gypsum Works
27847,Sundries
27848,Formwork
27849,Vehicle & Equipment
27850,Pipes
27851,Painting Work 
27852,Interlock Work
27853,Cluster Block Work
27854,Cluster Block Work
27855,Plaster Work
27856,Block Work
27857,Reinforcement
27858,Reinforcement
27859,Block Work
27860,Sundries
27861,Cables & Wires
27862,Refreshments
27863,Sundries
27864,HVAC 
27865,Metal Works
27866,Cement 
27867,Block
27868,Electrical
27869,Sundries
27870,Gypsum 
27871,Gypsum Works
27872,
27873,Electrician 
27874,Insurance
27875,Other Expenses
27876,Cables & Wires
27877,Manpower
27878,Office Expenses
27879,Ironmongery
27880,Electrician 
27881,Gypsum Works
27882,Insurance
27883,Legal Fees 
27884,Insurance
27885,Tyres
27886,Insurance
27887,Sundries
27888,Electrical
27889,Insurance
27890,Tanks
27891,Electrical
27892,Legal Fees 
27893,Office Expenses
27894,Concrete 
27895,Pipes
27896,Material
27897,Gypsum Works
27898,Site Consumables 
27899,Precast Concrete
27900,Gypsum Works
27901,Ironmongery
27902,MEP Material
27903,Softscape (Landscape)
27904,Tyres
27905,Sundries
27906,Tyres
27907,Consumables
27908,Consumables
27909,Consumables
27910,Swimming Pool 
27911,Swimming Pool 
27912,Pipes
27914,Consumables
27915,Consumables
27916,Consumables
27917,Consumables
27918,Electrical
27919,Charge
27920,Cement 
27921,Sundries
27922,Sundries
27923,Sundries
27924,Formwork
27925,Softscape (Landscape)
27927,Gypsum Works
27928,Legal Fees 
27929,Cement 
27930,MEP Material
27931,Insurance
27932,Pipes
27933,Office Expenses
27934,Office Consumables 
27935,Concrete 
27936,Pipes
27937,Material
27938,
27939,Pipes
27940,Sundries
27941,Manpower
27942,Meters
27943,Insurance
27944,Tanks
27945,Manpower
27946,Concrete 
27947,Gypsum 
27948,Vehicle Related Fees
27949,Refreshments
27950,Softscape (Landscape)
27951,Moziac
27952,Pipes
27953,Rebar
27954,Ironmongery
27955,Precast Concrete
27956,Insurance
27957,Sundries
27958,Tyres
27959,Office Consumables 
27960,Gypsum Works
27961,Softscape (Landscape)
27963,Site Consumables 
27964,Electrician 
27965,Sundries
27966,Ironmongery
27967,Electrical
27968,Concrete 
27969,Manpower
27970,Formwork
27971,Sundries
27972,Manpower
27973,Sundries
27974,Tyres
27975,Gypsum Works
27976,Office Expenses
27977,Manpower
27978,Geotechnical Report
27979,Cement 
27980,Legal Fees 
27981,Cement 
27982,Cement 
27983,Electrician 
27984,Manpower
27985,Infrastructure 
27986,Sundries
27987,Ironmongery
27988,Electrician 
27989,Sundries
27991,Material
27992,Gypsum Works
27993,Office Expenses
27994,Swimming Pool 
27995,Gypsum Works
27996,Electrical
27997,Electrical
27998,Gypsum Works
27999,Insurance
28000,Cables & Wires
28001,Ironmongery
28002,Electrical
28003,Miscellaneous
28004,Manpower
28005,Geotechnical Report
28006,Precast Concrete
28007,Manpower
28008,Electrical
28009,Ironmongery
28010,Precast Concrete
28011,Office Consumables 
28012,Cables & Wires
28013,Moziac
28014,Sundries
28015,Gypsum Works
28016,Electrical
28017,Electrical
28018,Electrical
28019,Sundries
28020,Gypsum Works
28021,Gypsum Works
28022,Manpower
28023,Electrical
28024,Geotechnical Report
28025,Dewatering
28027,Gypsum Works
28028,Electrician 
28029,Tyres
28030,Electrician 
28031,Pipes
28032,Moziac
28033,Refreshments
28034,Refreshments
28035,Refreshments
28036,Tyres
28037,Pipes
28038,Material
28039,Ironmongery
28040,Office Expenses
28041,Gypsum Works
28042,Electrical
28043,Block
28044,Gypsum Works
28045,Swimming Pool 
28046,Signage
28047,Painting Works
28048,PEB
28049,PEB
28050,Shuttering Carpentry
28051,Office Consumables 
28052,Manpower
28053,Cement 
28054,Sundries
28055,ELV 
28056,Office Consumables 
28057,Signage
28058,Electrical
28059,Electrical
28060,Gypsum 
28061,Gypsum Works
28062,Gypsum Works
28063,Office Consumables 
28064,Pipes
28065,Electrical
28066,Fire Fighting
28067,Fire Fighting
28068,Vehicle Related Fees
28069,Moziac
28070,Moziac
28071,Gypsum Works
28072,Gypsum Works
28073,Manpower
28074,Ironmongery
28075,Gypsum Works
28076,Precast
28077,Gypsum 
28078,Joinery
28079,Electrician 
28080,MEP Material
28081,Gypsum Works
28082,Sundries
28083,Fees 
28084,Signage
28085,Cement 
28086,Gypsum 
28087,Gypsum Works
28088,Rebar
28089,Cables & Wires
28090,Fire Alarm
28091,Office Expenses
28092,Blinds
28093,Refreshments
28094,Cables & Wires
28095,Cement 
28096,Miscellaneous
28097,Gypsum Works
28098,Vehicle Related Fees
28099,Manpower
28100,Pipes
28101,Site Consumables 
28102,Concrete 
28103,Ironmongery
28104,Sundries
28105,Gypsum 
28106,Gypsum Works
28107,Moziac
28108,Swimming Pool 
28109,Sundries
28110,Manpower
28111,Gypsum Works
28112,Gypsum Works
28113,Office Consumables 
28114,Cables & Wires
28115,Sundries
28116,Precast Concrete
28117,Office Consumables 
28118,Geotechnical Report
28119,MEP Material
28120,Flooring
28121,Drainage 
28122,HVAC 
28123,Pipes
28124,Gypsum Works
28125,Pipes
28126,Geotechnical Report
28127,Gypsum Works
28128,Pipes
28129,Ironmongery
28130,Fees 
28131,Sundries
28132,Vehicle & Equipment
28133,Swimming Pool 
28134,Tyres
28135,Sundries
28136,Cement 
28137,Refreshments
28138,Swimming Pool 
28139,Office Expenses
28140,Manpower
28141,Insurance
28142,Sundries
28143,MEP Material
28144,Electrician 
28145,Gypsum Works
28146,Swimming Pool 
28147,Tyres
28148,Tyres
28149,Tyres
28150,Insurance
28151,Miscellaneous
28152,Insurance
28153,Tyres
28154,Ironmongery
28155,Refreshments
28156,Office Consumables 
28157,Pipes
28158,Sundries
28159,Pipes
28160,Gypsum Works
28161,Gypsum Works
28162,Gypsum Works
28163,Concrete 
28164,Sundries
28165,Moziac
28166,Consumables
28167,Consumables
28168,Consumables
28169,Consumables
28170,Consumables
28171,Consumables
28172,Consumables
28173,Consumables
28174,Sundries
28175,Ironmongery
28176,Gypsum Works
28177,Pipes
28178,Water Supply
28179,Sundries
28180,Gypsum Works
28181,Moziac
28182,Electrical
28183,Office Expenses
28184,Gypsum Works
28185,Charge
28186,Material
28187,Legal Fees 
28188,Cement 
28189,Swimming Pool 
28191,Office Expenses
28192,Gypsum Works
28193,Gypsum Works
28194,Office Consumables 
28195,Sundries
28196,Pipes
28197,Gypsum Works
28198,Manpower
28199,Office Expenses
28200,Manpower
28201,Manpower
28202,Sundries
28203,Swimming Pool 
28204,External Manpower
28205,Tyres
28206,Cables & Wires
28207,Sundries
28208,Heaters
28209,Heaters
28210,Ironmongery
28211,Site Consumables 
28212,Material
28213,Pipes
28214,Material
28215,
28216,Ironmongery
28217,Formwork
28218,Vehicle Related Fees
28219,Tyres
28220,Tyres
28221,Medical Fees 
28222,Other Expenses
28223,Tyres
28224,Tyres
28225,Other Expenses
28226,Immigration Fees
28227,Gypsum Works
28228,Incentives
28229,Site Related Fees
28230,Site Related Fees
28231,Site Related Fees
28232,Other Expenses
28233,Office Expenses
28234,Metal Works
28235,Material
28236,MEP Material
28237,Signage
28238,Gypsum Works
28239,Site Consumables 
28241,Ironmongery
28242,Cement 
28243,Tyres
28244,Legal Fees 
28245,Swimming Pool 
28246,Parts
28247,Ironmongery
28248,Formwork
28249,Charge
28250,Gypsum Works
28251,Insurance
28252,Insurance
28253,Cables & Wires
28254,Formwork
28255,Gypsum Works
28256,Electrician 
28257,Rebar
28258,Manpower
28259,Sundries
28260,Legal Fees 
28261,Legal Fees 
28262,Water Supply
28263,Geotechnical Report
28264,Swimming Pool 
28265,Refreshments
28266,Cement 
28267,Tyres
28268,Manpower
28269,Water Supply
28270,Precast Concrete
28271,Geotechnical Report
28272,Electrical
28273,Transformer
28274,Transformer
28275,Material
28276,Pipes
28277,Gypsum Works
28278,Material
28279,Gypsum Works
28280,
28281,Manpower
28282,Manpower
28283,Office Expenses
28284,Electrician 
28285,Manpower
28286,Site Consumables 
28287,Insurance
28288,MEP Material
28289,Cables & Wires
28290,Insurance
28291,Refreshments
28292,Insurance
28293,Refreshments
28294,Concrete 
28295,Sundries
28296,Block Work
28297,Painting Work 
28298,Parts
28299,Tyres
28300,Geotechnical Report
28301,Refreshments
28302,Interlock Work
28303,Cluster Block Work
28304,Plaster Work
28305,Reinforcement
28306,Refreshments
28307,Refreshments
28308,Block Work
28309,Refreshments
28310,Refreshments
28311,Refreshments
28312,Legal Fees 
28313,Vehicle & Equipment
28314,Office Consumables 
28315,Ironmongery
28316,Ironmongery
28317,Manpower
28318,Refreshments
28319,Refreshments
28320,Refreshments
28321,Refreshments
28322,Manpower
28323,Manpower
28324,Precast Concrete
28325,Precast Concrete
28326,Gypsum Works
28327,Electrical
28328,Ironmongery
28329,Electrician 
28330,Pipes
28332,Drainage 
28333,Flooring
28334,Waterproofing
28335,Gypsum 
28336,PEB
28337,Swimming Pool 
28338,PEB
28339,Excavation
28340,Legal Fees 
28341,Electrical
28342,Refreshments
28343,Tyres
28345,Gypsum Works
28346,Gypsum Works
28347,Pipes
28348,Gypsum Works
28349,Manpower
28350,
28351,Cables & Wires
28352,Gypsum Works
28353,Insurance
28354,Cables & Wires
28355,Cables & Wires
28356,Vehicle & Equipment
28357,Pipes
28358,Epoxy
28359,Cables & Wires
28360,Incentives
28361,Block Work
28362,Reinforcement
28363,Structural Works
28364,MEP Material
28365,Block Work
28366,Cluster Block Work
28367,Painting Work 
28368,Sundries
28370,Sundries
28371,Sundries
28372,Gypsum Works
28373,Office Consumables 
28374,MEP
28375,Office Consumables 
28376,Precast Concrete
28377,Sundries
28378,Sundries
28379,Gypsum Works
28380,Sundries
28381,Gypsum Works
28382,Sundries
28383,Sundries
28384,Swimming Pool 
28385,Drainage 
28386,Electrician 
28387,Electrician 
28388,Sundries
28389,Swimming Pool 
28390,MEP
28391,Concrete 
28392,Sundries
28393,Signage
28394,Manpower
28395,MEP
28396,Material
28397,Ironmongery
28398,Legal Fees 
28399,Electrical
28400,Sundries
28401,Office Expenses
28402,Electrician 
28403,Precast Concrete
28404,Sundries
28405,Gypsum Works
28406,Sundries
28407,Sundries
28408,Sundries
28409,Refreshments
28410,Sundries
28411,Gypsum Works
28412,Office Consumables 
28413,Office Expenses
28414,Cement 
28415,Swimming Pool 
28416,Electrical
28417,Tools & Parts 
28418,Electrical
28419,Pipes
28420,Office Expenses
28421,Gypsum Works
28422,Pipes
28423,Sundries
28424,Site Consumables 
28425,Office Expenses
28426,Rebar
28427,Gypsum Works
28428,Gypsum Works
28429,Gypsum Works
28430,Dewatering
28431,Dewatering
28432,Dewatering
28433,Manpower
28434,Electrical
28435,Vehicle Related Fees
28436,Legal Fees 
28437,Infrastructure 
28438,Gypsum Works
28439,Cement 
28440,Fees 
28442,Electrical
28443,Sundries
28444,Gypsum Works
28445,Precast Concrete
28446,Sundries
28447,Bank Charges
28448,Bank Charges
28450,Electrical
28451,Sundries
28452,Pipes
28453,Vehicle Related Fees
28454,Gypsum Works
28455,Blinds
28456,Geotechnical Report
28457,Draftsmen
28458,Office Expenses
28459,Draftsmen
28460,Draftsmen
28461,Draftsmen
28462,Draftsmen
28463,Draftsmen
28464,Unskilled Labour
28465,MEP
28466,Vehicle & Equipment
28467,Water Supply
28468,Gypsum Works
28469,Office Expenses
28471,Office Consumables 
28472,Sundries
28473,Draftsmen
28474,Gypsum Works
28475,Manpower
28476,Pipes
28477,PEB
28478,Cables & Wires
28479,Cables & Wires
28480,Cables & Wires
28481,Ironmongery
28482,Sundries
28483,Manpower
28484,Gypsum Works
28485,Gypsum Works
28486,MEP
28487,Material
28488,Office Consumables 
28489,Office Expenses
28490,Office Expenses
28491,Administrative Fees 
28492,Administrative Fees 
28493,Administrative Fees 
28494,Site Related Fees
28495,Other Expenses
28496,Other Expenses
28497,Immigration Fees
28498,Medical Fees 
28499,Other Expenses
28500,Other Expenses
28501,Administrative Fees 
28502,Administrative Fees 
28503,Other Expenses
28504,Medical Fees 
28505,Immigration Fees
28506,MEP
28507,Other Expenses
28508,Other Expenses
28509,Other Expenses
28510,Medical Fees 
28511,Medical Fees 
28512,Other Expenses
28513,Geotechnical Report
28514,Other Expenses
28515,Ironmongery
28516,Administrative Fees 
28517,Other Expenses
28518,Tyres
28519,Tyres
28520,Tyres
28521,Tyres
28522,Office Expenses
28523,Other Expenses
28524,Gypsum Works
28525,Legal Fees 
28526,Electrical
28527,Gypsum Works
28528,Manpower
28529,Electrical
28530,Other Expenses
28531,Other Expenses
28532,Administrative Fees 
28533,Insurance
28534,Material
28535,Electrical
28536,Gypsum Works
28537,Material
28538,Fire Fighting
28539,Insurance
28540,HVAC 
28541,Office Consumables 
28542,Fire Alarm
28543,Fire Alarm
28544,Fire Alarm
28545,Sundries
28546,Tyres
28547,Insurance
28548,Ironmongery
28549,Tyres
28550,Immigration Fees
28551,Other Expenses
28553,Medical Fees 
28554,Administrative Fees 
28555,Administrative Fees 
28556,Administrative Fees 
28557,Site Related Fees
28558,Site Related Fees
28559,Administrative Fees 
28560,Immigration Fees
28561,Medical Fees 
28562,HVAC 
28563,Incentives
28564,Electrical
28565,Office Consumables 
28566,Swimming Pool 
28567,Site Consumables 
28568,Gypsum Works
28569,Sundries
28570,Infrastructure 
28571,Office Expenses
28572,MEP Material
28573,Infrastructure 
28574,Formwork
28575,Infrastructure 
28576,Office Consumables 
28577,Administrative Fees 
28578,Site Related Fees
28579,Other Expenses
28580,Other Expenses
28581,Other Expenses
28582,Other Expenses
28583,Other Expenses
28584,Other Expenses
28585,Medical Fees 
28586,Rebar
28587,Ironmongery
28588,Office Expenses
28589,Manpower
28590,Gypsum Works
28591,Electrician 
28592,Cement 
28593,Tyres
28594,Erection
28595,Erection
28597,Immigration Fees
28598,Manpower
28599,Manpower
28600,Office Expenses
28601,Electrician 
28602,Site Consumables 
28603,Gypsum Works
28604,Gypsum Works
28605,Gypsum Works
28606,Sundries
28607,Insurance
28608,Electrical
28609,Sundries
28610,Sundries
28611,Office Consumables 
28612,MEP
28613,Sundries
28614,Gypsum Works
28615,Gypsum Works
28616,Ironmongery
28617,Sundries
28618,Moziac
28619,MEP Material
28620,Fees 
28621,Gypsum Works
28622,Sundries
28623,Pipes
28624,Office Expenses
28625,Office Expenses
28626,Sundries
28627,Office Expenses
28628,Gypsum Works
28629,Gypsum Works
28630,Vehicle Related Fees
28631,Tyres
28632,Ironmongery
28633,MEP Material
28634,Tyres
28635,Water Supply
28636,Pipes
28637,Gypsum Works
28638,Fees 
28639,Electrical
28640,Ironmongery
28641,Pipes
28642,Pipes
28643,Manpower
28644,Sundries
28645,Material
28646,Manpower
28647,Sundries
28648,Sundries
28649,Sundries
28650,Sundries
28651,Ironmongery
28652,Pipes
28653,Electrical
28654,Transformer
28655,Mirrors & Glazing 
28656,External Manpower
28657,Sundries
28658,Softscape (Landscape)
28659,Sundries
28660,Formwork
28661,Sundries
28662,Gypsum Works
28663,Sundries
28664,Rebar
28665,Swimming Pool 
28666,Painting Works
28667,Moziac
28668,Pipes
28669,Concrete 
28670,
28671,Softscape (Landscape)
28672,Mirrors & Glazing 
28673,MEP Material
28674,Incentives
28675,Signage
28676,Precast
28677,Electrical
28678,Legal Fees 
28679,Transformer
28680,Pipes
28681,Gypsum Works
28682,Refreshments
28683,Refreshments
28684,Pipes
28685,Geotechnical Report
28686,Gypsum Works
28687,MEP Material
28688,Rebar
28689,Pipes
28690,Rebar
28691,Gypsum Works
28692,Fees 
28693,Transformer
28694,Sundries
28695,Pipes
28696,Gypsum Works
28697,Office Expenses
28698,Insurance
28699,Insurance
28700,Dewatering
28701,Consumables
28702,Consumables
28703,Consumables
28704,Consumables
28705,Consumables
28706,Consumables
28707,Consumables
28708,Consumables
28709,Insurance
28710,Site Consumables 
28711,Gypsum Works
28712,Gypsum Works
28713,Office Expenses
28714,MEP
28715,Precast Concrete
28716,Rebar
28717,HVAC 
28718,Manpower
28719,Office Consumables 
28720,Gypsum Works
28721,Insurance
28722,Swimming Pool 
28723,Pipes
28724,Tyres
28725,Swimming Pool 
28726,Tyres
28727,Rebar
28728,Electrical
28729,Electrical
28730,Gypsum Works
28731,Pipes
28732,Electrical
28733,Electrical
28734,Office Expenses
28735,Geotechnical Report
28736,Insurance
28737,Manpower
28738,MEP
28739,Electrical
28740,Ironmongery
28741,Precast Concrete
28742,Manpower
28743,Tyres
28744,Office Expenses
28745,Material
28746,Sundries
28747,Office Expenses
28748,Sundries
28749,Tyres
28750,Gypsum Works
28751,Pipes
28752,Sundries
28753,Insurance
28754,Sundries
28755,Site Consumables 
28756,Gypsum Works
28757,Office Expenses
28758,Ironmongery
28759,Office Expenses
28760,Gypsum Works
28761,Precast Concrete
28762,Gypsum Works
28763,Precast Concrete
28764,Office Consumables 
28765,Furniture
28766,Joinery
28767,Façade
28768,Waterproofing
28769,
28770,Gypsum Works
28771,Pipes
28772,Electrical
28773,Gypsum Works
28774,Electrical
28775,Mirrors & Glazing 
28776,Gypsum Works
28777,Sundries
28778,Sundries
28779,Water Supply
28780,Cement 
28781,Cement 
28782,Consumables
28783,Consumables
28784,Consumables
28785,Consumables
28786,Consumables
28787,Consumables
28788,Infrastructure 
28789,Consumables
28790,Consumables
28791,Consumables
28792,Refreshments
28793,Electrical
28794,Transformer
28795,Infrastructure 
28796,Sundries
28797,Pipes
28798,Formwork
28799,Sundries
28800,Electrical
28801,Manpower
28802,Office Expenses
28803,Office Expenses
28804,Office Expenses
28805,Legal Fees 
28806,Excavation
28807,Other Expenses
28808,Sundries
28809,Vehicle & Equipment
28810,Gypsum Works
28811,Erection
28812,Insurance
28813,Refreshments
28815,MEP
28816,Ironmongery
28817,Sundries
28818,Swimming Pool 
28819,Unskilled Labour
28820,Immigration Fees
28821,
28822,Swimming Pool 
28823,
28824,Gypsum Works
28825,Material
28826,Sundries
28827,Gypsum Works
28828,Sundries
28829,Precast Concrete
28830,Office Expenses
28831,Manpower
28832,Sundries
28833,Immigration Fees
28834,Tyres
28835,Tyres
28836,Electrician 
28837,Sundries
28838,Electrical
28839,Geotechnical Report
28840,Gypsum Works
28841,Pipes
28842,MEP Material
28843,Office Consumables 
28844,Charge
28845,Tyres
28846,Tyres
28847,Tyres
28848,Insurance
28849,Pipes
28850,Manpower
28851,Insurance
28852,Precast Concrete
28853,Gypsum Works
28854,Electrical
28855,Cables & Wires
28856,Tanks
28857,Refreshments
28858,Refreshments
28859,Tyres
28860,Insurance
28861,Moziac
28862,Tanks
28863,Office Consumables 
28864,Electrical
28865,Sundries
28866,Electrician 
28867,Flooring
28868,Electrical
28869,Dewatering
28870,Sundries
28871,Swimming Pool 
28872,Backfilling
28873,Sundries
28874,Pipes
28875,Pipes
28876,Gypsum Works
28877,Dewatering
28878,Office Consumables 
28879,Insurance
28880,MEP Material
28881,Erection
28882,Pipes
28883,Tyres
28884,Office Expenses
28885,Tyres
28886,Sundries
28887,Insurance
28888,Refreshments
28889,Precast Concrete
28890,Ironmongery
28891,Electrician 
28892,Mirrors & Glazing 
28893,Precast Concrete
28894,Gypsum Works
28895,Gypsum Works
28896,Sundries
28897,Pumps
28898,Backfilling
28899,Fees 
28900,Pipes
28901,Water Supply
28902,Manpower
28903,Office Consumables 
28904,Electrical
28905,Electrical
28906,Sundries
28907,Fees 
28908,Gypsum Works
28909,Insurance
28910,Tyres
28911,Gypsum Works
28912,Sundries
28913,Backfilling
28914,Meters
28915,Shuttering Carpentry
28916,Geotechnical Report
28917,Sundries
28918,Office Consumables 
28919,Electrical
28920,Formwork
28921,Sundries
28922,Softscape (Landscape)
28923,Softscape (Landscape)
28924,Pipes
28925,Insurance
28926,Manpower
28927,Insurance
28928,Manpower
28929,Electrical
28930,Tyres
28931,Tyres
28932,PEB
28933,Gypsum Works
28934,Tyres
28935,Material
28936,Vehicle & Equipment
28937,Office Expenses
28938,Manpower
28939,Manpower
28940,Precast Concrete
28942,Gypsum Works
28943,Sundries
28944,Precast Concrete
28945,Manpower
28946,Sundries
28947,Vehicle Related Fees
28948,Office Consumables 
28949,Gypsum Works
28950,Pipes
28951,Pipes
28952,Site Consumables 
28953,Gypsum Works
28954,Erection
28955,Pipes
28956,Insurance
28957,Concrete 
28958,Tyres
28959,Gypsum Works
28960,MEP Material
28961,Transformer
28962,Sundries
28963,Electrical
28964,Insurance
28965,Charge
28966,Office Consumables 
28967,Insurance
28968,Material
28969,Parts
28970,Gypsum Works
28971,Gypsum Works
28972,Office Expenses
28973,Gypsum Works
28974,Insurance
28975,Refreshments
28976,Refreshments
28977,Refreshments
28978,Refreshments
28979,Refreshments
28980,Refreshments
28981,Refreshments
28982,Electrician 
28983,Office Expenses
28984,Office Expenses
28985,Insurance
28986,Gypsum Works
28987,Sundries
28988,Blinds
28989,MEP Material
28990,Signage
28991,Pipes
28992,Gypsum Works
28993,Pipes
28994,Gypsum Works
28995,Site Consumables 
28996,Precast Concrete
28997,Electrical
28998,Insurance
28999,Insurance
29000,Insurance
29001,Pipes
29002,Ironmongery
29003,Sundries
29004,Sundries
29005,Fire Alarm
29006,Geotechnical Report
29007,Tyres
29008,Refreshments
29009,Refreshments
29010,Refreshments
29011,Refreshments
29012,Cement 
29013,Refreshments
29014,Electrician 
29015,Heaters
29016,Swimming Pool 
29017,Sundries
29018,Moziac
29019,Office Consumables 
29020,Office Consumables 
29021,Office Consumables 
29022,Office Expenses
29023,Concrete 
29024,Sundries
29025,Manpower
29026,Office Expenses
29027,Swimming Pool 
29028,Sundries
29029,MEP Material
29030,Office Consumables 
29031,Swimming Pool 
29032,Gypsum Works
29033,Immigration Fees
29034,Ironmongery
29035,Electrical
29036,Office Expenses
29037,Gypsum Works
29038,Tyres
29039,Gypsum Works
29040,Vehicle & Equipment
29041,Vehicle & Equipment
29042,Vehicle & Equipment
29043,Electrical
29044,Electrical
29045,Electrical
29046,Electrical
29047,Swimming Pool 
29048,Moziac
29049,Office Expenses
29050,Pipes
29051,Swimming Pool 
29052,Block Work
29053,Rebar
29054,Sundries
29055,Cluster Block Work
29056,Infrastructure 
29057,Cement 
29058,Infrastructure 
29059,Shuttering Carpentry
29060,Block Work
29061,Painting Work 
29062,Reinforcement
29063,Fire Stoppage Work
29064,Block Work
29065,Painting Work 
29066,Office Expenses
29067,Interlock Work
29068,Plaster Work
29069,Sundries
29070,Plaster Work
29071,Sundries
29072,Sundries
29073,Sundries
29074,Sundries
29075,Gypsum Works
29076,Sundries
29077,Sundries
29078,MEP Material
29079,Gypsum Works
29080,Pipes
29081,Ironmongery
29082,Office Expenses
29083,Gypsum Works
29084,Manpower
29085,Precast Concrete
29086,Structural Works
29087,Waterproofing work
29088,MEP Material
29089,Tyres
29090,Tyres
29091,Sundries
29092,Sundries
29093,Sundries
29094,Sundries
29095,Sundries
29096,Material
29097,Electrician 
29098,Sundries
29099,Geotechnical Report
29100,Gypsum Works
29101,Ironmongery
29102,Concrete 
29103,Gypsum Works
29104,Electrical
29105,Pipes
29106,Water Supply
29107,Sundries
29108,Sundries
29109,MEP Material
29110,Sundries
29111,Pipes
29112,Sundries
29113,Site Consumables 
29114,Tyres
29115,Tyres
29116,Tyres
29117,Sundries
29118,Sundries
29119,Ironmongery
29120,Sundries
29121,Pipes
29122,Swimming Pool 
29123,Flooring
29124,Swimming Pool 
29125,Swimming Pool 
29126,Gypsum Works
29127,MEP
29128,Sundries
29129,Tyres
29130,Tyres
29131,Electrical
29132,Office Expenses
29133,Concrete 
29134,Precast Concrete
29135,Insurance
29136,Precast
29137,Tyres
29138,Tyres
29140,Office Consumables 
29141,Manpower
29142,Electrical
29143,Electrical
29144,Sundries
29145,Sundries
29146,Refreshments
29147,Flooring
29148,Electrical
29149,Refreshments
29150,Refreshments
29151,Swimming Pool 
29152,Ironmongery
29153,Unskilled Labour
29154,Refreshments
29155,Concrete 
29156,Tyres
29157,Transformer
29158,Erection
29159,Erection
29160,Office Expenses
29161,Erection
29162,Material
29163,Pipes
29164,Pipes
29165,Office Expenses
29166,Electrical
29167,Tyres
29168,Immigration Fees
29169,Tyres
29170,Other Expenses
29171,Other Expenses
29172,Office Expenses
29173,Sundries
29174,Sundries
29176,Gypsum Works
29177,Formwork
29178,Electrical
29179,Pipes
29180,Moziac
29181,Legal Fees 
29182,Material
29183,Office Consumables 
29184,Electrical
29185,Tyres
29186,Fire Alarm
29188,Tyres
29189,Legal Fees 
29190,Infrastructure 
29191,Cement 
29192,HVAC 
29193,HVAC 
29194,Pipes
29195,Immigration Fees
29196,Electrical
29197,Office Consumables 
29198,Office Consumables 
29199,Precast Concrete
29200,Gypsum Works
29201,Signage
29202,Painting Works
29203,Infrastructure 
29204,Geotechnical Report
29205,Tyres
29206,Gypsum Works
29207,Office Expenses
29208,Shuttering Carpentry
29209,Signage
29210,Material
29211,Structural Works
29212,Painting Work 
29213,Office Expenses
29214,Manpower
29215,Manpower
29216,Electrical
29217,Electrical
29218,Electrical
29219,Cables & Wires
29220,Moziac
29221,MEP Material
29222,Pipes
29223,Gypsum Works
29224,Pipes
29225,Geotechnical Report
29226,Manpower
29227,Refreshments
29228,Formwork
29229,Manpower
29230,Sundries
29231,Manpower
29232,Swimming Pool 
29233,Tyres
29234,Insurance
29235,Insurance
29236,Cement 
29237,Insurance
29238,Cement 
29239,Tyres
29240,Sundries
29241,Sundries
29242,Manpower
29243,Gypsum Works
29244,Rebar
29245,Gypsum Works
29246,Manpower
29247,Manpower
29248,Swimming Pool 
29249,Fire Fighting Materials
29250,Gypsum Works
29251,Gypsum Works
29252,MEP
29253,Office Consumables 
29254,Sundries
29255,Sundries
29256,Office Expenses
29257,Office Expenses
29258,Office Expenses
29259,Manpower
29260,Dewatering
29261,Sundries
29262,Gypsum Works
29263,Manpower
29264,Sundries
29265,Tyres
29266,Gypsum Works
29267,Tyres
29268,Sundries
29269,Coring Works
29270,Legal Fees 
29271,Vehicle & Equipment
29272,Backfilling
29273,Swimming Pool 
29275,Draftsmen
29276,Draftsmen
29277,Draftsmen
29278,Draftsmen
29279,Draftsmen
29280,Sundries
29281,
29282,Manpower
29283,Manpower
29284,Precast Concrete
29285,Roadworks
29286,Sundries
29287,Sundries
29288,Rebar
29289,Gypsum Works
29290,Pipes
29291,Refreshments
29292,Sundries
29293,Sundries
29294,Rebar
29295,Sundries
29296,Formwork
29297,ELV 
29298,Tyres
29299,Mirrors & Glazing 
29300,Sundries
29301,Geotechnical Report
29302,Draftsmen
29303,Draftsmen
29304,Draftsmen
29305,Draftsmen
29306,Formwork
29307,Softscape (Landscape)
29308,Pipes
29309,Office Consumables 
29310,Draftsmen
29311,Insurance
29312,Insurance
29313,Tyres
29314,Tyres
29315,Insurance
29316,Material
29317,Pipes
29318,Gypsum Works
29319,Drainage 
29320,Softscape (Landscape)
29321,Pipes
29322,Signage
29323,Geotechnical Report
29324,Insurance
29325,Immigration Fees
29326,Electrical
29327,Fees 
29328,Pipes
29329,Swimming Pool 
29330,Insurance
29331,Sundries
29332,Site Consumables 
29333,Cables & Wires
29334,Electrical
29335,Pipes
29336,Gypsum Works
29337,Sundries
29338,Precast Concrete
29339,Sundries
29340,Swimming Pool 
29341,Swimming Pool 
29342,Swimming Pool 
29343,Electrician 
29344,Office Consumables 
29345,Office Expenses
29346,MEP Material
29347,Formwork
29348,Cement 
29349,Gypsum Works
29350,Water Supply
29351,Swimming Pool 
29352,Concrete 
29353,Electrical
29354,Gypsum Works
29355,Manpower
29356,Office Expenses
29357,Sundries
29358,Parts
29359,Insurance
29360,Insurance
29361,Immigration Fees
29362,Office Expenses
29363,Electrical
29364,Cables & Wires
29365,Electrical
29366,Insurance
29367,Shuttering Carpentry
29368,Gypsum Works
29369,Pipes
29370,Manpower
29371,Insurance
29372,Office Expenses
29373,Material
29374,Gypsum Works
29375,Sundries
29376,Rebar
29377,Office Expenses
29378,Gypsum Works
29379,Precast Concrete
29380,Formwork
29381,Material
29382,Sundries
29383,Tyres
29384,Immigration Fees
29385,Blinds
29386,Tyres
29387,Tyres
29388,Sundries
29389,Manpower
29390,Ironmongery
29391,Ironmongery
29392,Concrete 
29393,Manpower
29394,Heaters
29395,Cement 
29396,Pipes
29397,Ironmongery
29398,Pipes
29399,Swimming Pool 
29400,Gypsum Works
29401,Immigration Fees
29402,Cement 
29403,Sundries
29404,Dewatering
29405,Gypsum Works
29406,Manpower
29407,Blinds
29408,Coring Works
29409,Concrete 
29410,Vehicle & Equipment
29411,Office Consumables 
29412,Office Consumables 
29413,LPG
29414,Gypsum Works
29415,Fees 
29416,Gypsum Works
29417,Electrical
29418,Electrical
29419,Tyres
29420,Office Expenses
29421,Pipes
29422,MEP Material
29423,Office Expenses
29424,Rebar
29425,Precast Concrete
29426,Cement 
29427,Meters
29428,Cables & Wires
29429,Electrical
29430,Rebar
29431,Cables & Wires
29433,Softscape (Landscape)
29434,Pipes
29435,Meters
29436,Manpower
29437,ELV 
29438,Swimming Pool 
29439,Consulting Fees 
29440,Electrical
29441,Cables & Wires
29442,Gypsum Works
29443,Cables & Wires
29444,Gypsum Works
29445,Formwork
29446,Gypsum Works
29447,Gypsum Works
29448,Site Consumables 
29449,Fees 
29450,Moziac
29451,Refreshments
29452,Concrete 
29453,Medical Fees 
29454,Electrical
29455,Office Expenses
29456,Sundries
29457,Signage
29458,Immigration Fees
29459,Signage
29460,Tyres
29461,Consumables
29462,Consumables
29463,Office Expenses
29464,Consumables
29465,Consumables
29466,Consumables
29467,Consumables
29468,Consumables
29469,Sundries
29470,Formwork
29471,Gypsum Works
29472,Site Consumables 
29473,Precast Concrete
29474,Gypsum Works
29475,Electrician 
29476,Other Expenses
29477,Other Expenses
29478,Medical Fees 
29479,Other Expenses
29480,Other Expenses
29481,Incentives
29482,Gypsum Works
29483,Refreshments
29484,Refreshments
29485,Insurance
29486,Office Expenses
29487,Insurance
29488,Swimming Pool 
29489,Site Consumables 
29490,Pipes
29491,Manpower
29492,Vehicle & Equipment
29493,Electrical
29494,Insurance
29495,Tyres
29496,Ironmongery
29497,Pipes
29498,Insurance
29499,Insurance
29500,Material
29501,MEP
29502,Painting Works
29503,Sundries
29504,Tools & Parts 
29505,Drainage 
29506,Mirrors & Glazing 
29507,Painting Works
29508,Signage
29509,Painting Works
29510,Electrical
29511,Electrical
29512,Sundries
29513,Gypsum Works
29514,Moziac
29515,Ironmongery
29516,Pipes
29517,Signage
29518,Dewatering
29519,Tanks
29520,Formwork
29521,Electrical
29522,Electrical
29523,Electrical
29524,Tyres
29525,Concrete 
29526,Tyres
29527,Geotechnical Report
29528,Electrician 
29529,Cables & Wires
29530,Office Consumables 
29531,Office Consumables 
29532,Water Supply
29533,Ironmongery
29534,Meters
29535,Electrical
29536,Office Expenses
29537,Gypsum Works
29538,Cement 
29539,Gypsum Works
29540,Manpower
29541,Gypsum Works
29542,Ironmongery
29543,Pipes
29544,Electrical Works
29545,Rubber
29546,Site Related Fees
29547,Water Supply
29548,Geotechnical Report
29549,Sundries
29550,Electrical
29551,Electrical
29552,Electrical
29553,
29554,Swimming Pool 
29555,Manpower
29556,Concrete 
29557,Precast Concrete
29558,Electrical
29559,Electrical
29560,Electrical
29561,Gypsum Works
29562,Insurance
29563,Refreshments
29564,Refreshments
29565,Refreshments
29566,Refreshments
29567,Refreshments
29568,Refreshments
29569,Refreshments
29570,Refreshments
29571,Refreshments
29572,Refreshments
29573,Refreshments
29574,Refreshments
29575,Cables & Wires
29576,Other Expenses
29577,Gypsum Works
29578,Cables & Wires
29579,Meters
29580,Office Expenses
29581,Office Expenses
29582,Electrical
29583,Manpower
29584,Manpower
29585,Gypsum Works
29586,Pipes
29587,Other Expenses
29588,Sundries
29589,Fees 
29590,Site Consumables 
29591,Gypsum 
29592,Sundries
29593,Electrician 
29594,Gypsum Works
29595,Cables & Wires
29596,Precast Concrete
29597,Formwork
29598,Administrative Fees 
29599,Manpower
29600,Vehicle & Equipment
29601,Sundries
29602,Office Consumables 
29603,Sundries
29604,Manpower
29605,Office Expenses
29606,Geotechnical Report
29607,Fees 
29608,Insurance
29609,Office Expenses
29610,Sundries
29611,Gypsum Works
29612,Sundries
29613,Insurance
29614,Gypsum Works
29615,Insurance
29616,Insurance
29617,Electrical
29618,Tyres
29619,Insurance
29620,Insurance
29621,Gypsum Works
29623,Ironmongery
29624,Softscape (Landscape)
29625,Electrical
29626,Office Expenses
29627,Tyres
29628,Office Expenses
29629,Manpower
29630,Manpower
29631,Pipes
29632,Pipes
29633,Swimming Pool 
29634,Ironmongery
29635,Cables & Wires
29636,Pipes
29637,Office Expenses
29638,Geotechnical Report
29639,Tyres
29640,MEP
29641,Painting Works
29642,Formwork
29643,Softscape (Landscape)
29644,Electrical
29645,Precast Concrete
29647,Elevator / Escalator / Conveyor Belt
29648,Site Consumables 
29649,Sundries
29650,Tyres
29651,Site Consumables 
29652,Pipes
29653,Softscape (Landscape)
29654,Ironmongery
29655,Gypsum Works
29656,Gypsum Works
29657,Office Expenses
29658,Gypsum Works
29659,Water Supply
29660,Tyres
29661,Gypsum Works
29662,Immigration Fees
29663,Cement 
29664,Structural Works
29665,Cluster Block Work
29666,Cluster Block Work
29667,Structural Works
29668,Shuttering Carpentry
29669,Shuttering Carpentry
29670,Painting Work 
29671,Painting Work 
29672,Reinforcement
29673,Interlock Work
29674,Reinforcement
29675,Sundries
29676,Reinforcement
29677,Swimming Pool 
29678,Interlock Work
29679,Plaster Work
29680,Plaster Work
29681,Electrical
29682,Tyres
29683,Tyres
29684,Tyres
29685,Tyres
29686,Electrician 
29687,Office Consumables 
29688,Pipes
29689,Gypsum Works
29690,Ironmongery
29691,Sundries
29692,Office Consumables 
29693,Manpower
29694,Tyres
29695,Tyres
29696,Tyres
29697,Sundries
29698,Precast Concrete
29699,Electrical
29700,Formwork
29701,Sundries
29702,Painting Works
29703,Moziac
29704,MEP Material
29705,Electrician 
29706,Shuttering Carpentry
29707,Geotechnical Report
29708,Formwork
29709,Ironmongery
29710,Manpower
29711,Dewatering
29712,MEP
29713,Office Consumables 
29714,Electrical
29715,Insurance
29716,Manpower
29717,Rebar
29718,Office Expenses
29719,Gypsum Works
29720,Manpower
29721,Pipes
29722,Precast Concrete
29723,Vehicle & Equipment
29724,Ironmongery
29725,Office Consumables 
29726,Geotechnical Report
29727,Insurance
29728,Charge
29729,Tyres
29730,Pipes
29731,Gypsum Works
29732,Geotechnical Report
29733,Gypsum Works
29734,Insurance
29735,Sundries
29736,Insurance
29737,Electrical
29738,Manpower
29739,Concrete 
29741,Electrical
29743,Sundries
29744,Sundries
29745,Gypsum Works
29746,Sundries
29747,Medical Fees 
29748,Gypsum Works
29749,Cluster Block Work
29750,Concrete 
29751,MEP
29752,Immigration Fees
29753,Moziac
29754,Sundries
29755,Sundries
29757,Sundries
29758,Gypsum Works
29759,Sundries
29760,Sundries
29761,Sundries
29762,Formwork
29763,Manpower
29764,Block Work
29765,Reinforcement
29766,Office Expenses
29767,Block Work
29768,Tyres
29769,Waterproofing work
29770,Manholes/Gratings
29771,Fire Alarm
29772,Tyres
29773,Tyres
29774,Concrete 
29775,Tyres
29776,Tyres
29777,Manpower
29778,Sundries
29779,Sundries
29780,Sundries
29782,Sundries
29783,Sundries
29784,Refreshments
29785,Gypsum Works
29786,Ironmongery
29787,Ironmongery
29788,Moziac
29789,Gypsum Works
29790,Gypsum Works
29791,Pipes
29793,Office Expenses
29794,Pipes
29795,Sundries
29796,Office Consumables 
29797,Electrical
29798,Sundries
29799,Gypsum Works
29800,Precast Concrete
29801,Swimming Pool 
29802,Material
29803,Gypsum Works
29804,Electrical Works
29805,Electrical
29806,Metal Works
29807,Infrastructure 
29808,Geotechnical Report
29809,Sundries
29810,Painting Work 
29811,Painting Work 
29812,External Manpower
29813,Painting Work 
29814,Electrician 
29815,Pipes
29816,Office Expenses
29817,Refreshments
29818,Office Expenses
29819,Electrical
29820,Insurance
29821,Plaster Work
29822,Plaster Work
29823,Unskilled Labour
29824,Swimming Pool 
29825,Swimming Pool 
29826,Draftsmen
29827,Draftsmen
29828,Cement 
29829,Cement 
29830,Legal Fees 
29831,Draftsmen
29832,Draftsmen
29833,HSE
29834,Draftsmen
29835,Draftsmen
29836,HSE
29837,Geotechnical Report
29838,Gypsum Works
29839,Ironmongery
29840,Legal Fees 
29841,Tyres
29842,Gypsum Works
29843,Manpower
29844,Electrician 
29845,Office Expenses
29846,Tyres
29847,Tyres
29848,Sundries
29849,Tyres
29850,Tyres
29851,Legal Fees 
29852,Sundries
29853,Manpower
29854,
29855,Electrician 
29856,Gypsum Works
29857,MEP Material
29858,Sundries
29859,Concrete 
29860,Tyres
29861,Insurance
29862,Insurance
29863,Erection
29864,Insurance
29865,Refreshments
29866,Sundries
29867,Immigration Fees
29868,Pipes
29869,Manpower
29870,Pipes
29871,Softscape (Landscape)
29872,Softscape (Landscape)
29873,Water Supply
29874,Water Supply
29875,Gypsum Works
29876,Ironmongery
29877,Fees 
29878,Cement 
29879,Precast Concrete
29880,Gypsum Works
29881,Office Consumables 
29882,Sundries
29883,Legal Fees 
29884,Sundries
29885,Façade
29886,Legal Fees 
29887,Gypsum Works
29888,Electrical Works
29889,Office Expenses
29890,MEP
29891,Refreshments
29892,Office Expenses
29893,Office Consumables 
29894,Tools & Parts 
29895,Sundries
29896,Sundries
29897,Sundries
29898,Electrical
29899,Electrical
29900,Tanks
29901,Electrical
29902,Rubber
29903,Electrical
29904,Tanks
29905,Gypsum Works
29906,Gypsum Works
29907,Electrical
29908,Insurance
29909,Epoxy
29910,Insurance
29911,Signage
29912,MEP Material
29913,MEP Material
29914,Tyres
29915,Office Consumables 
29916,Pipes
29917,Manpower
29918,Manpower
29919,Manpower
29920,Office Expenses
29921,Electrician 
29922,Ironmongery
29924,MEP Material
29925,Pipes
29926,Pipes
29927,Gypsum Works
29928,Shuttering Carpentry
29929,Swimming Pool 
29930,Gypsum 
29931,Signage
29932,Gypsum Works
29933,Parts
29934,Gypsum Works
29935,Pipes
29936,Sundries
29937,Manpower
29938,Tanks
29939,Tyres
29940,Cement 
29941,Coring Works
29942,Geotechnical Report
29943,Gypsum Works
29944,Swimming Pool 
29945,Sundries
29946,Infrastructure 
29947,Manpower
29948,Material
29949,Office Expenses
29950,Office Expenses
29951,Water Supply
29952,Geotechnical Report
29953,Tyres
29954,Water Supply
29955,Pipes
29956,Gypsum Works
29957,Gypsum Works
29958,Office Expenses
29959,Electrician 
29960,Tyres
29961,Geotechnical Report
29962,Refreshments
29963,Insurance
29964,Insurance
29965,Sundries
29966,Insurance
29967,Insurance
29968,Sundries
29969,Sundries
29970,Insurance
29971,Geotechnical Report
29972,MEP
29973,HVAC 
29974,Rubber
29975,Moziac
29976,Tyres
29977,Tyres
29978,Tyres
29979,Swimming Pool 
29980,Sundries
29982,Tyres
29983,Tyres
29984,Sundries
29985,Dewatering
29986,Dewatering
29987,Precast Concrete
29988,Gypsum Works
29989,Ironmongery
29990,Material
29991,Precast Concrete
29992,Gypsum Works
29993,Precast Concrete
29994,Sundries
29995,Office Consumables 
29996,Office Expenses
29997,Other Expenses
29998,Tyres
29999,Site Related Fees
30000,Tyres
30001,Other Expenses
30002,Tyres
30003,Immigration Fees
30004,Ceramic & Porcelain
30005,Dewatering
30006,Sundries
30007,Site Related Fees
30008,Site Related Fees
30009,Other Expenses
30010,Formwork
30011,
30012,Signage
30013,Manpower
30014,Cables & Wires
30015,Gypsum Works
30016,Ironmongery
30017,Ironmongery
30018,Swimming Pool 
30019,Tyres
30020,Office Consumables 
30021,Refreshments
30022,Gypsum Works
30023,Office Expenses
30024,Sundries
30025,Precast Concrete
30026,Gypsum Works
30027,Manpower
30028,Gypsum Works
30029,Site Consumables 
30030,Pipes
30031,Swimming Pool 
30032,Electrical
30033,Heaters
30034,Pipes
30035,Cables & Wires
30036,Signage
30037,Electrical
30038,Moziac
30039,Moziac
30040,Tyres
30041,Office Expenses
30042,
30043,Geotechnical Report
30044,Pipes
30045,Pipes
30046,Ironmongery
30047,Sundries
30048,Precast Concrete
30049,MEP Material
30050,Softscape (Landscape)
30051,Cables & Wires
30053,Tyres
30054,Pipes
30055,Manpower
30056,Swimming Pool 
30057,Gypsum Works
30058,Moziac
30059,Rebar
30060,Manpower
30061,Manpower
30062,Furniture
30063,Cables & Wires
30064,Formwork
30065,Cables & Wires
30066,Immigration Fees
30067,Façade
30068,Water Supply
30069,Fees 
30070,Electrical
30071,Tyres
30072,Tyres
30073,Sundries
30074,Fees 
30075,Sundries
30076,Tyres
30077,Office Consumables 
30078,Fees 
30079,Refreshments
30080,Refreshments
30081,Office Expenses
30082,Manpower
30083,Office Consumables 
30084,Office Expenses
30085,Incentives
30086,Pipes
30087,Incentives
30088,External Manpower
30089,Electrical Works
30090,Sundries
30091,Ironmongery
30092,Rebar
30093,Ironmongery
30094,Office Expenses
30095,Office Expenses
30096,Geotechnical Report
30097,Blinds
30098,Insurance
30099,Gypsum Works
30100,Cement 
30101,Legal Fees 
30102,Pipes
30103,Other Expenses
30104,Office Expenses
30105,Gypsum Works
30106,Electrical
30107,Tyres
30108,Geotechnical Report
30109,Office Expenses
30110,HVAC 
30111,Electrical
30112,Tyres
30114,Precast
30115,Gypsum Works
30116,Pipes
30117,Pipes
30118,Tanks
30119,Sundries
30120,Electrical
30121,Sundries
30122,Sundries
30123,Sundries
30124,Cables & Wires
30125,Office Consumables 
30126,Pipes
30127,Pipes
30128,Pipes
30129,Material
30130,Erection
30131,Insurance
30132,Insurance
30133,Parts
30134,Pipes
30135,Swimming Pool 
30136,Insurance
30137,Insurance
30138,Tyres
30139,Tyres
30140,Tyres
30141,Vehicle & Equipment
30142,Vehicle & Equipment
30143,Drainage 
30144,MEP Material
30145,Gypsum Works
30146,Sundries
30147,Water Supply
30148,Pipes
30149,Office Consumables 
30150,Gypsum Works
30151,Manpower
30152,Gypsum Works
30153,Ironmongery
30154,Gypsum Works
30155,Signage
30156,Refreshments
30157,Precast Concrete
30158,Precast Concrete
30159,Sundries
30160,Refreshments
30161,Refreshments
30162,Refreshments
30163,Refreshments
30164,Refreshments
30165,Refreshments
30166,Refreshments
30167,Refreshments
30168,Refreshments
30169,Refreshments
30170,Refreshments
30171,Office Expenses
30172,Gypsum Works
30173,Tyres
30174,Material
30175,Sundries
30176,Geotechnical Report
30177,Tyres
30178,Moziac
30179,Gypsum Works
30180,Sundries
30182,Gypsum Works
30183,Pipes
30184,Pipes
30185,Cables & Wires
30186,Refreshments
30187,Office Expenses
30188,Office Expenses
30189,Pipes
30190,LPG
30191,Fees 
30192,Immigration Fees
30193,Ironmongery
30194,Heaters
30196,Water Supply
30197,Water Supply
30198,Geotechnical Report
30199,Insurance
30200,Gypsum Works
30201,Pipes
30202,Material
30203,Tyres
30204,Fire Fighting Materials
30205,Tyres
30206,HVAC 
30207,Tyres
30208,Geotechnical Report
30209,Electrician 
30210,Sundries
30211,Sundries
30212,Sundries
30213,Ironmongery
30214,Gypsum Works
30215,Gypsum Works
30216,Precast Concrete
30217,Office Expenses
30218,Insurance
30219,Tyres
30220,Insurance
30221,Office Expenses
30222,Office Expenses
30224,Ironmongery
30225,Heaters
30226,Immigration Fees
30227,Dewatering
30228,Ironmongery
30229,Vehicle & Equipment
30230,Gypsum Works
30231,Gypsum Works
30232,Gypsum Works
30233,Insurance
30234,Geotechnical Report
30235,Drainage 
30236,Pipes
30237,Rebar
30238,Insurance
30239,Precast Concrete
30240,Gypsum Works
30241,Gypsum Works
30242,Office Consumables 
30243,Transformer
30244,Office Expenses
30245,Geotechnical Report
30246,Charge
30247,Tyres
30248,Tyres
30249,Softscape (Landscape)
30250,Office Expenses
30251,Sundries
30252,Pipes
30253,Formwork
30254,Gypsum Works
30255,Material
30256,Office Expenses
30257,Office Expenses
30258,Drainage 
30259,Ironmongery
30260,Ironmongery
30261,Tyres
30262,Tyres
30263,Tyres
30264,Sundries
30265,Tyres
30266,Tyres
30267,Transformer
30268,Rubber
30269,MEP Material
30270,Sundries
30271,Legal Fees 
30272,Backfilling
30273,Dewatering
30274,Swimming Pool 
30275,Blinds
30276,Softscape (Landscape)
30277,Pipes
30278,Pipes
30279,Gypsum Works
30280,Sundries
30281,Geotechnical Report
30282,Sundries
30283,Sundries
30284,Sundries
30285,Gypsum Works
30286,Sundries
30287,Sundries
30288,Fees 
30290,Insurance
30292,Cables & Wires
30293,Insurance
30294,Office Expenses
30295,Office Expenses
30296,Insurance
30297,Sundries
30298,Pipes
30299,Pipes
30300,Pipes
30301,Sundries
30302,Site Consumables 
30303,Legal Fees 
30304,Gypsum Works
30305,Tyres
30306,Concrete 
30307,Moziac
30308,Pipes
30309,Office Expenses
30310,Office Consumables 
30311,Electrical
30312,Water Supply
30313,Fees 
30314,Gypsum Works
30315,Electrician 
30316,Sundries
30317,Office Expenses
30318,Immigration Fees
30319,Legal Fees 
30320,Vehicle & Equipment
30321,Gypsum Works
30322,Site Consumables 
30323,Manpower
30324,Refreshments
30325,Gypsum Works
30326,Manpower
30328,Immigration Fees
30329,Transformer
30330,Sundries
30331,Sundries
30332,Electrical
30333,Gypsum Works
30334,Insurance
30335,Backfilling
30336,Cement 
30337,Draftsmen
30338,Draftsmen
30339,Draftsmen
30340,Sundries
30341,Sundries
30342,Gypsum Works
30343,Gypsum Works
30344,Cables & Wires
30345,Office Expenses
30346,Draftsmen
30347,MEP Material
30348,ELV 
30349,ELV 
30350,Pipes
30351,Office Expenses
30352,Sundries
30353,Swimming Pool 
30354,Refreshments
30355,Sundries
30356,Cables & Wires
30357,Gypsum Works
30358,Gypsum Works
30359,Immigration Fees
30360,Façade
30361,Façade
30362,Gypsum Works
30363,Gypsum Works
30364,Draftsmen
30365,Draftsmen
30366,Draftsmen
30367,Sundries
30368,Draftsmen
30369,Draftsmen
30370,Sundries
30371,Medical Fees 
30372,Immigration Fees
30373,Medical Fees 
30374,Site Related Fees
30375,Blinds
30376,Softscape (Landscape)
30377,Office Expenses
30378,Pipes
30379,Office Consumables 
30380,Electrical
30381,Sundries
30382,Office Expenses
30383,Tyres
30384,Tyres
30385,Geotechnical Report
30386,Manpower
30387,Insurance
30388,Electrician 
30389,Electrician 
30390,Pipes
30391,Pipes
30392,Concrete 
30393,Pipes
30395,Pipes
30396,Pipes
30397,Sundries
30398,Office Expenses
30399,Gypsum Works
30400,Material
30401,Sundries
30402,Site Consumables 
30403,Vehicle & Equipment
30404,Internal Work
30405,Electrical
30406,Tyres
30407,Sundries
30408,Sundries
30409,Geotechnical Report
30410,Tyres
30412,Moziac
30413,Sundries
30414,Water Supply
30415,Swimming Pool 
30416,Precast Concrete
30417,Gypsum Works
30418,Concrete 
30419,Sundries
30420,Electrician 
30421,Tanks
30422,Electrical Works
30423,Gypsum Works
30424,Insurance
30425,Insurance
30427,Tyres
30428,Electrical
30429,Electrical
30430,Office Consumables 
30431,Electrical
30432,Electrical
30433,Electrical
30434,Electrical
30435,Electrical
30436,Immigration Fees
30437,Office Consumables 
30438,Tyres
30439,Precast Concrete
30440,Vehicle & Equipment
30441,Gypsum Works
30442,Manpower
30443,Sundries
30444,Sundries
30445,Sundries
30446,Pipes
30447,Material
30448,Sundries
30449,Fire Alarm
30450,Pipes
30451,Insurance
30452,Insurance
30453,Tyres
30454,Tyres
30455,Pipes
30456,Insurance
30457,Pipes
30458,Legal Fees 
30459,Legal Fees 
30460,Insurance
30461,Insurance
30462,Softscape (Landscape)
30463,Legal Fees 
30465,Electrician 
30466,Electrician 
30467,Office Expenses
30468,Heaters
30469,Manpower
30470,Sundries
30471,Cement 
30472,Sundries
30473,MEP Material
30474,Moziac
30475,Signage
30476,Electrical
30477,Manpower
30478,Sundries
30479,Material
30480,Manpower
30481,Sundries
30482,Cables & Wires
30483,Tanks
30484,Manpower
30485,Electrician 
30486,Office Consumables 
30487,Manpower
30488,Manpower
30489,Manpower
30490,Office Expenses
30491,Gypsum Works
30492,
30493,Office Expenses
30494,Gypsum Works
30495,Material
30496,Refreshments
30497,Roadworks
30498,Furniture
30499,Swimming Pool 
30500,Tyres
30501,Tyres
30502,Tyres
30503,Tyres
30504,Tyres
30505,Tyres
30506,Tyres
30507,Office Expenses
30508,Rubber
30509,Ironmongery
30510,Gypsum Works
30511,Office Expenses
30512,Incentives
30513,Manholes/Gratings
30514,Refreshments
30515,Structural Works
30516,Reinforcement
30517,Cluster Block Work
30518,Structural Works
30519,Shuttering Carpentry
30520,Painting Work 
30521,Painting Work 
30522,Interlock Work
30523,Waterproofing work
30524,Plaster Work
30525,Painting Work 
30526,Painting Work 
30527,Reinforcement
30528,Plaster Work
30529,Plaster Work
30530,LPG
30531,Manpower
30532,Refreshments
30533,Office Consumables 
30534,Electrical
30535,Ironmongery
30536,Gypsum Works
30537,Office Consumables 
30538,Site Consumables 
30539,Fire Fighting Materials
30540,Sundries
30541,Sundries
30542,Geotechnical Report
30543,Charge
30544,Water Supply
30545,Geotechnical Report
30546,Water Supply
30547,Water Supply
30548,Electrical
30549,Swimming Pool 
30550,Cement 
30551,Drainage 
30552,Office Consumables 
30553,Sundries
30554,Sundries
30555,Insurance
30556,Insurance
30557,Charge
30558,Consulting Fees 
30559,Tyres
30560,Insurance
30561,Office Expenses
30562,Drainage 
30563,Blinds
30564,Manpower
30565,HVAC 
30566,Electrical Works
30567,Swimming Pool 
30568,Sundries
30569,Geotechnical Report
30571,LPG
30572,Pipes
30573,MEP Material
30575,Plaster Work
30576,Tyres
30577,Material
30578,Gypsum Works
30579,Office Expenses
30580,Office Consumables 
30581,Legal Fees 
30582,Refreshments
30583,Refreshments
30584,Refreshments
30585,Tyres
30587,Swimming Pool 
30588,LPG
30589,Shuttering Carpentry
30590,Cables & Wires
30591,Sundries
30592,Pipes
30593,MEP Material
30594,Fees 
30595,Tyres
30596,Parts
30597,Office Expenses
30598,Charge
30599,Swimming Pool 
30600,Tyres
30601,MEP Material
30602,Erection
30603,Sundries
30604,Office Expenses
30605,Insurance
30606,Electrician 
30607,Dewatering
30608,Electrician 
30609,Façade
30610,Immigration Fees
30611,Water Supply
30612,Gypsum Works
30613,Cables & Wires
30614,Pipes
30615,Gypsum Works
30616,Gypsum Works
30617,Office Expenses
30618,Pipes
30619,Swimming Pool 
30620,Electrical Works
30621,Cables & Wires
30622,Office Expenses
30623,Gypsum Works
30624,Refreshments
30625,Electrician 
30626,Electrician 
30627,Electrician 
30629,Gypsum Works
30630,Sundries
30631,Office Expenses
30632,Cables & Wires
30633,Office Expenses
30634,Sundries
30635,Cement 
30636,Office Consumables 
30637,Manholes/Gratings
30638,Bank Charges
30639,Tyres
30641,Softscape (Landscape)
30642,Softscape (Landscape)
30643,Softscape (Landscape)
30644,Electrical Works
30645,Sundries
30646,Sundries
30647,PEB
30648,Sundries
30649,Dewatering
30650,Formwork
30651,Office Expenses
30652,Office Expenses
30653,Rebar
30654,LPG
30655,Electrical
30656,Office Expenses
30657,Ironmongery
30658,Site Consumables 
30659,Pipes
30660,Electrical
30661,Gypsum Works
30662,Refreshments
30663,Electrician 
30664,Formwork
30665,Ironmongery
30666,Manpower
30667,Sundries
30668,Refreshments
30669,Refreshments
30670,Refreshments
30671,Refreshments
30672,Refreshments
30673,Softscape (Landscape)
30674,Office Expenses
30675,Gypsum Works
30676,Immigration Fees
30677,Insurance
30678,Swimming Pool 
30679,Erection
30680,Tyres
30681,Fees 
30682,Tyres
30683,Tyres
30684,Insurance
30685,Insurance
30686,Insurance
30687,Geotechnical Report
30688,Tyres
30689,Refreshments
30690,Manpower
30691,Geotechnical Report
30692,Manpower
30693,Rebar
30694,Gypsum Works
30695,Gypsum Works
30696,Precast Concrete
30697,Electrical Works
30698,Refreshments
30699,Refreshments
30700,Refreshments
30701,Refreshments
30702,Refreshments
30703,Refreshments
30704,Shuttering Carpentry
30705,MEP Material
30706,Gypsum Works
30707,Office Consumables 
30708,Office Consumables 
30709,Electrical Works
30710,Sundries
30711,Water Supply
30712,Geotechnical Report
30713,Tyres
30714,Refreshments
30715,Tyres
30716,Tyres
30717,Tyres
30718,Tyres
30719,Tyres
30720,Cables & Wires
30721,Swimming Pool 
30722,Cables & Wires
30724,Swimming Pool 
30726,Office Expenses
30727,Manpower
30728,Site Consumables 
30729,Gypsum Works
30730,Office Consumables 
30731,Refreshments
30732,Tyres
30733,Cement 
30734,Office Expenses
30735,Insurance
30736,Gypsum Works
30737,Gypsum Works
30738,Tyres
30739,Office Consumables 
30740,Electrician 
30741,Office Expenses
30742,Pipes
30743,Immigration Fees
30744,Pipes
30745,Joinery
30746,Sundries
30747,Rebar
30748,Electrician 
30749,Tyres
30750,HVAC 
30751,Sundries
30752,Immigration Fees
30753,Manpower
30754,Heaters
30755,Sundries
30756,Fire Alarm
30757,Backfilling
30758,Backfilling
30759,Formwork
30760,Cluster Block Work
30761,Heaters
30762,Electrical
30763,Medical Fees 
30764,Office Consumables 
30765,Painting Works
30766,Fire Alarm
30767,Joinery
30768,Electrical
30769,Swimming Pool 
30770,Elevator / Escalator / Conveyor Belt
30771,Manpower
30772,Gypsum Works
30773,Office Consumables 
30774,Cables & Wires
30775,Cables & Wires
30776,Sundries
30777,Electrician 
30778,Gypsum Works
30779,Electrician 
30780,Electrician 
30781,Erection
30782,Tyres
30783,Tyres
30784,Tyres
30785,Tyres
30786,Insurance
30787,Geotechnical Report
30788,Swimming Pool 
30789,Swimming Pool 
30790,Tyres
30791,Vehicle & Equipment
30792,Vehicle & Equipment
30793,Sundries
30794,Sundries
30795,Moziac
30796,Sundries
30797,Electrician 
30799,LPG
30800,Plumbing
30801,Sundries
30802,PEB
30803,Manpower
30804,Electrical
30805,Flooring
30806,Manpower
30807,Electrical
30808,Gypsum Works
30809,Gypsum Works
30810,Tyres
30811,Rebar
30812,Electrician 
30813,Office Consumables 
30814,Precast Concrete
30815,Sundries
30816,Fire Fighting
30817,Draftsmen
30818,Infrastructure 
30819,Office Consumables 
30821,Sundries
30822,Gypsum Works
30823,Fire Fighting Materials
30824,Sundries
30825,Tyres
30826,Tyres
30827,Gypsum Works
30828,Gypsum Works
30829,Sundries
30830,Precast Concrete
30831,Sundries
30832,Tyres
30833,MEP
30834,Mirrors & Glazing 
30835,Swimming Pool 
30836,Gypsum Works
30837,Rebar
30838,Electrician 
30839,Swimming Pool 
30840,Procurement (HO)
30841,Sundries
30842,Swimming Pool 
30843,Refreshments
30844,Pipes
30845,Office Consumables 
30846,Sundries
30849,Sundries
30850,Office Expenses
30851,MEP
30852,Manpower
30853,Moziac
30855,Flooring
30856,Electrical
30857,Geotechnical Report
30858,Tyres
30859,Immigration Fees
30860,Refreshments
30861,Medical Fees 
30862,Gypsum Works
30863,Blinds
30864,Moziac
30865,Drainage 
30866,Office Consumables 
30867,Sundries
30868,Tyres
30869,Insurance
30870,Legal Fees 
30871,Tyres
30872,Tyres
30873,Tyres
30874,Swimming Pool 
30875,Sundries
30876,Meters
30877,Sundries
30878,Parts
30879,Precast Concrete
30880,Precast Concrete
30881,Office Expenses
30882,Electrical
30883,Electrical
30884,Electrical
30885,LPG
30886,Flooring
30887,PEB
30888,Bank Charges
30889,Legal Fees 
30890,Heaters
30891,Electrician 
30892,Electrician 
30893,Gypsum Works
30894,Sundries
30895,Office Consumables 
30896,Refreshments
30897,Office Expenses
30898,Formwork
30899,Tyres
30900,Office Expenses
30901,Sundries
30902,Precast Concrete
30903,Gypsum 
30904,Sundries
30905,Manpower
30906,Rebar
30907,Electrician 
30908,Transformer
30909,Cables & Wires
30910,Dewatering
30911,Refreshments
30912,Dewatering
30913,Dewatering
30914,Cement 
30915,Office Expenses
30916,Tyres
30917,Refreshments
30918,Office Consumables 
30919,Sundries
30920,Manpower
30921,Manpower
30922,Tyres
30923,Tyres
30924,Tyres
30925,Tyres
30926,Electrician 
30927,Sundries
30928,Sundries
30929,Tyres
30930,Meters
30931,Insurance
30932,Site Consumables 
30933,Sundries
30934,Cement 
30935,Cables & Wires
30936,Manpower
30937,Manpower
30938,Gypsum Works
30939,Manpower
30940,Sundries
30941,Swimming Pool 
30942,Swimming Pool 
30943,Swimming Pool 
30945,Tyres
30946,Electrician 
30947,Gypsum 
30948,Electrical Works
30949,Refreshments
30950,Electrical Works
30951,Office Consumables 
30952,Refreshments
30953,Electrical
30954,Insurance
30955,Electrical
30956,Manpower
30957,Gypsum Works
30958,Gypsum Works
30959,Refreshments
30960,Geotechnical Report
30961,Electrical
30962,Precast Concrete
30963,Pipes
30964,Miscellaneous
30965,Electrical
30966,Excavation
30967,Cables & Wires
30968,Geotechnical Report
30969,Electrical
30970,Office Expenses
30971,Refreshments
30972,Electrician 
30973,Sundries
30974,Bank Charges
30975,Manpower
30976,Rebar
30977,Procurement (HO)
30978,Tyres
30979,Electrical
30980,Sundries
30981,Gypsum Works
30982,Office Expenses
30983,Office Consumables 
30984,Gypsum Works
30985,Gypsum Works
30986,Gypsum Works
30987,Gypsum Works
30988,Gypsum Works
30989,Gypsum Works
30990,Pipes
30992,Pipes
30994,Cables & Wires
30995,Gypsum Works
30996,Electrical
30997,Electrical
30998,Electrical
30999,Electrical
31000,Tyres
31001,Pipes
31002,Cables & Wires
31003,Manholes/Gratings
31004,Fire Fighting
31005,Electrical
31006,Pipes
31007,Gypsum Works
31008,Gypsum Works
31009,Gypsum Works
31010,Pipes
31011,Gypsum Works
31013,Cables & Wires
31014,Manpower
31016,Refreshments
31017,Manpower
31018,Precast Concrete
31019,Office Expenses
31020,Sundries
31021,Cement 
31022,Block
31023,Tyres
31024,Charge
31025,Insurance
31026,Insurance
31027,Tyres
31028,Manpower
31029,Manpower
31031,Geotechnical Report
31032,Insurance
31033,Office Expenses
31034,Mirrors & Glazing 
31035,Ironmongery
31036,Rebar
31037,Gypsum Works
31038,Precast Concrete
31039,Incentives
31040,Office Consumables 
31041,Site Consumables 
31042,Office Expenses
31043,Pipes
31044,Precast Concrete
31045,Office Expenses
31046,Precast Concrete
31047,Gypsum Works
31048,Tyres
31049,Insurance
31050,Insurance
31051,Ironmongery
31052,Fire Alarm
31053,Cement 
31054,Geotechnical Report
31055,Office Expenses
31056,Swimming Pool 
31057,Swimming Pool 
31058,Precast Concrete
31059,Site Consumables 
31060,Site Consumables 
31061,Block
31062,Site Consumables 
31063,Sundries
31064,Medical Fees 
31065,Refreshments
31066,Pipes
31067,Tyres
31068,Tyres
31069,Office Expenses
31070,Pipes
31071,Electrician 
31072,Furniture
31073,Furniture
31074,Furniture
31075,Insurance
31076,Formwork
31079,Furniture
31081,Sundries
31082,Joinery
31083,Plaster Work
31084,Plaster Work
31085,Tyres
31086,Immigration Fees
31087,Bank Charges
31088,Bank Charges
31089,Office Consumables 
31091,Dewatering
31092,Block
31093,Cladding Work 
31094,Structural Works
31095,Reinforcement
31096,Structural Works
31098,Gypsum Works
31099,Coring Works
31100,Ironmongery
31101,Coring Works
31102,Office Expenses
31103,Ironmongery
31104,Tyres
31105,Coring Works
31106,Moziac
31107,Tyres
31108,Electrical
31109,Legal Fees 
31110,Gypsum Works
31111,Manpower
31112,Rebar
31113,Refreshments
31114,Plaster Work
31115,Plaster Work
31116,Painting Work 
31117,Electrician 
31118,Electrician 
31119,Office Consumables 
31120,Electrician 
31121,Material
31122,Manpower
31123,Refreshments
31124,Cement 
31125,Water Supply
31126,Sundries
31127,Immigration Fees
31128,Electrical Works
31129,Geotechnical Report
31130,Manpower
31131,Office Expenses
31132,Electrical
31133,Rebar
31134,Gypsum Works
31135,Sundries
31136,Precast Concrete
31137,Gypsum 
31138,Office Expenses
31139,Precast Concrete
31140,Interlock Work
31141,Reinforcement
31142,Gypsum 
31143,Sundries
31144,Block Work
31145,Block
31146,Tyres
31147,Plaster Work
31148,Painting Work 
31149,Shuttering Carpentry
31150,Shuttering Carpentry
31151,Structural Works
31152,Structural Works
31153,Cluster Block Work
31154,Reinforcement
31155,Cluster Block Work
31157,Structural Works
31158,Structural Works
31159,Painting Work 
31160,Painting Work 
31161,Waterproofing work
31162,Waterproofing work
31164,Interlock Work
31165,Interlock Work
31166,Plaster Work
31167,Insurance
31168,Office Consumables 
31169,Office Consumables 
31170,Concrete 
31171,Immigration Fees
31172,Interlock Work
31173,Interlock Work
31174,Block
31175,Sundries
31176,Manpower
31178,Sundries
31179,Incentives
31180,Parts
31181,Electrical
31182,Office Expenses
31183,Insurance
31184,Blinds
31185,Drainage 
31186,Manpower
31187,Moziac
31188,Refreshments
31189,Refreshments
31190,Sundries
31191,Sundries
31192,Precast Concrete
31193,Refreshments
31194,Sundries
31195,Sundries
31196,Sundries
31197,Immigration Fees
31198,Immigration Fees
31199,Other Expenses
31200,Immigration Fees
31201,Office Consumables 
31202,Immigration Fees
31203,Miscellaneous
31204,Immigration Fees
31205,Immigration Fees
31206,Immigration Fees
31207,Fire Alarm
31208,Geotechnical Report
31209,Office Consumables 
31210,Sundries
31211,Fees 
31212,Refreshments
31213,Refreshments
31214,Gypsum Works
31215,Moziac
31216,Precast Concrete
31217,Sundries
31218,Electrician 
31219,Electrical
31220,Office Consumables 
31221,Immigration Fees
31222,Sundries
31223,Immigration Fees
31224,Other Expenses
31225,Electrical
31226,Other Expenses
31227,Office Expenses
31228,Other Expenses
31229,Immigration Fees
31230,Manpower
31231,Rebar
31232,Electrical
31233,Site Consumables 
31234,Other Expenses
31235,Charge
31236,Insurance
31237,Immigration Fees
31238,Site Related Fees
31239,Immigration Fees
31240,Site Related Fees
31241,Other Expenses
31242,Manpower
31243,Office Consumables 
31244,Administrative Fees 
31245,Sundries
31246,Incentives
31247,Other Expenses
31248,Other Expenses
31249,Immigration Fees
31251,Ironmongery
31252,Refreshments
31253,Immigration Fees
31254,Refreshments
31255,Other Expenses
31256,Coring Works
31257,Refreshments
31258,Dewatering
31259,Ironmongery
31260,Fees 
31261,Cement 
31262,Vehicle & Equipment
31263,Sundries
31264,Immigration Fees
31265,Legal Fees 
31266,Legal Fees 
31267,Ironmongery
31268,Fees 
31269,Office Consumables 
31270,Legal Fees 
31271,Block
31272,Electrician 
31273,Electrician 
31274,Electrician 
31275,Other Expenses
31276,Immigration Fees
31277,Immigration Fees
31278,Refreshments
31279,Vehicle & Equipment
31282,Office Consumables 
31283,Refreshments
31284,Refreshments
31285,Tyres
31286,Tyres
31287,Tyres
31288,Tyres
31289,Vehicle & Equipment
31290,Manpower
31291,MEP
31292,Medical Fees 
31293,Immigration Fees
31294,Manpower
31295,Sundries
31296,Refreshments
31297,Consumables
31298,Flooring
31299,Cables & Wires
31300,Gypsum Works
31301,Office Expenses
31302,Bank Charges
31303,Vehicle & Equipment
31304,Bank Charges
31305,Manpower
31306,Gypsum Works
31307,Sundries
31308,Gypsum Works
31309,Office Expenses
31310,Block
31311,Consumables
31312,Legal Fees 
31313,Legal Fees 
31314,Sundries
31315,Flooring
31316,Flooring
31317,Vehicle & Equipment
31318,Precast Concrete
31319,Rebar
31320,Vehicle & Equipment
31321,Pipes
31322,Office Consumables 
31324,Ironmongery
31325,Vehicle & Equipment
31326,Geotechnical Report
31327,Gypsum Works
31328,Gypsum Works
31329,Transformer
31330,Electrical
31331,Vehicle & Equipment
31332,Formwork
31333,Manpower
31334,Other Expenses
31335,Moziac
31336,Immigration Fees
31337,Office Consumables 
31338,Tyres
31339,Vehicle & Equipment
31340,Tanks
31341,Ironmongery
31342,Site Consumables 
31343,Rebar
31344,Office Expenses
31345,Insurance
31346,Block
31347,Medical Fees 
31348,Office Consumables 
31349,Pipes
31350,Pipes
31351,Sundries
31352,Office Expenses
31353,Vehicle & Equipment
31354,Tyres
31355,Tyres
31356,Tyres
31357,Immigration Fees
31358,Office Consumables 
31359,Flooring
31360,Joinery
31361,Office Expenses
31362,Block
31363,Sundries
31364,MEP
31365,Formwork
31366,Gypsum Works
31367,Tyres
31368,Pipes
31369,Tyres
31370,Site Consumables 
31371,Electrical
31372,Sundries
31373,Fire Fighting
31374,Office Consumables 
31375,Manpower
31376,Gypsum Works
31377,Gypsum Works
31378,Sundries
31379,Site Consumables 
31380,Sundries
31381,Office Consumables 
31382,Office Consumables 
31383,Vehicle & Equipment
31384,Manpower
31385,Electrical Works
31386,Gypsum Works
31387,Electrician 
31388,Electrician 
31389,Manpower
31390,Office Consumables 
31391,Geotechnical Report
31392,Ironmongery
31394,Manpower
31395,Other Expenses
31396,Other Expenses
31397,Other Expenses
31398,Precast Concrete
31399,Rebar
31400,Site Consumables 
31401,Pipes
31402,Sundries
31403,Formwork
31404,Pipes
31405,Electrician 
31406,Electrical
31407,Office Consumables 
31408,Vehicle & Equipment
31409,Insurance
31410,Erection
31411,Geotechnical Report
31412,Vehicle & Equipment
31413,Miscellaneous
31414,Manpower
31415,Office Expenses
31416,Tyres
31417,Sundries
31418,Sundries
31419,Electrician 
31420,Tyres
31421,Tyres
31422,Manpower
31423,Manpower
31424,Transformer
31425,Sundries
31426,Refreshments
31427,Office Consumables 
31428,Manpower
31429,Site Consumables 
31430,Manpower
31431,Refreshments
31432,Refreshments
31433,Refreshments
31434,Pipes
31435,Immigration Fees
31436,Block Work
31437,Gypsum Works
31438,Site Related Fees
31439,Immigration Fees
31440,Gypsum Works
31441,Office Expenses
31442,Electrician 
31443,Consumables
31444,Consumables
31445,Consumables
31446,Consumables
31447,Swimming Pool 
31448,Immigration Fees
31449,Vehicle & Equipment
31450,Insurance
31452,Insurance
31453,Fees 
31454,Insurance
31455,Precast Concrete
31456,Material
31457,Geotechnical Report
31458,Vehicle & Equipment
31459,Immigration Fees
31460,Tyres
31461,Draftsmen
31462,Draftsmen
31463,Unskilled Labour
31464,Unskilled Labour
31465,Draftsmen
31466,Draftsmen
31467,Draftsmen
31468,Draftsmen
31469,Unskilled Labour
31470,Draftsmen
31471,Gypsum Works
31472,Office Consumables 
31473,Ironmongery
31475,Block
31476,Legal Fees 
31477,Sundries
31478,Sundries
31479,Sundries
31480,Office Consumables 
31481,Infrastructure 
31482,Unskilled Labour
31483,Backfilling
31484,Immigration Fees
31485,Moziac
31486,Electrician 
31487,Vehicle & Equipment
31488,Ironmongery
31489,Office Consumables 
31490,Office Consumables 
31491,Refreshments
31492,Refreshments
31493,Refreshments
31494,Refreshments
31495,Refreshments
31496,Sundries
31497,Manpower
31498,Gypsum Works
31499,Office Consumables 
31500,Miscellaneous
31501,Insurance
31502,Insurance
31503,Insurance
31504,Electrical
31505,Gypsum Works
31506,MEP
31507,Office Expenses
31508,Electrical
31509,Electrical
31510,Electrical
31511,Electrical
31512,Electrical
31513,Precast Concrete
31514,Tyres
31515,Flooring
31516,Flooring
31517,Manpower
31520,Sundries
31521,Swimming Pool 
31522,Façade
31523,Insurance
31524,Insurance
31525,Tyres
31526,Insurance
31527,Draftsmen
31528,Insurance
31529,Moziac
31530,Geotechnical Report
31532,Cables & Wires
31534,Sundries
31535,Office Consumables 
31536,Manpower
31538,Gypsum Works
31539,Immigration Fees
31540,Office Expenses
31541,Electrical
31542,Electrical
31543,Electrical
31544,Electrical
31545,Gypsum Works
31546,Electrical
31547,Precast Concrete
31548,Electrical
31549,Swimming Pool 
31550,Block
31552,Electrician 
31553,Insurance
31554,Tyres
31555,Other Expenses
31556,Sundries
31557,Electrician 
31558,Miscellaneous
31559,Vehicle Related Fees
31560,Consumables
31561,Consumables
31562,Consumables
31563,Miscellaneous
31564,Miscellaneous
31565,Miscellaneous
31566,Immigration Fees
31567,Sundries
31568,Electrician 
31569,Electrician 
31570,Electrician 
31571,Precast Concrete
31572,Gypsum Works
31573,Miscellaneous
31574,Tyres
31575,Office Consumables 
31576,Legal Fees 
31577,Office Expenses
31578,Electrician 
31579,Material
31581,Electrician 
31582,Electrician 
31584,Block
31585,Sundries
31586,Pipes
31587,Rebar
31588,Ironmongery
31589,Office Expenses
31590,Cables & Wires
31591,Electrical
31592,Gypsum Works
31593,Electrical
31594,Miscellaneous
31595,Electrical
31596,Manpower
31597,Immigration Fees
31598,Softscape (Landscape)
31599,Office Expenses
31600,Gypsum Works
31601,Refreshments
31602,Formwork
31603,Sundries
31604,Cement 
31605,Geotechnical Report
31606,Fees 
31607,Ironmongery
31608,Rebar
31609,Immigration Fees
31610,Manpower
31611,Immigration Fees
31612,Sundries
31613,Gypsum Works
31614,Office Expenses
31615,Office Expenses
31616,Office Expenses
31617,MEP
31618,Refreshments
31619,Tyres
31620,Electrical
31621,Tyres
31622,Immigration Fees
31623,MEP
31624,Refreshments
31625,Gypsum Works
31626,Electrical Works
31627,Gypsum Works
31628,Gypsum Works
31629,Fees 
31630,Office Consumables 
31631,Refreshments
31632,Pipes
31633,Pipes
31634,Insurance
31635,Swimming Pool 
31636,Insurance
31637,Screed Work
31638,Pipes
31639,Tyres
31640,Electrician 
31641,Fees 
31642,Immigration Fees
31643,Refreshments
31645,Miscellaneous
31646,Erection
31647,Electrical Purchaser
31648,MEP
31649,Refreshments
31650,Office Expenses
31651,Sundries
31652,Gypsum Works
31653,Office Expenses
31654,Incentives
31655,Electrical
31656,Refreshments
31657,Dewatering
31658,Sundries
31659,Electrician 
31660,Geotechnical Report
31661,Manpower
31662,Gypsum Works
31663,Material
31664,Manpower
31665,Blinds
31666,Manpower
31667,Immigration Fees
31668,Office Consumables 
31669,Pipes
31670,Erection
31671,Immigration Fees
31672,Manpower
31673,Office Expenses
31674,Heaters
31675,Site Consumables 
31676,Precast Concrete
31677,Manpower
31678,Ironmongery
31679,Coring Works
31680,Sundries
31681,Pipes
31682,Pipes
31683,Sundries
31684,Gypsum Works
31685,Manpower
31686,Painting Works
31687,Draftsmen
31688,Draftsmen
31689,Draftsmen
31690,Draftsmen
31691,Insurance
31692,Draftsmen
31693,Geotechnical Report
31694,Draftsmen
31695,Draftsmen
31696,Draftsmen
31697,Draftsmen
31698,Office Consumables 
31699,Draftsmen
31700,Draftsmen
31701,HSE
31702,Charge
31703,Insurance
31704,Manpower
31705,Manpower
31706,Sundries
31707,Rebar
31708,Gypsum Works
31709,Electrical
31710,Anti Termite Control
31711,Electrician 
31712,Manpower
31713,Pipes
31714,Sundries
31715,Gypsum Works
31716,Formwork
31717,Insurance
31718,Ironmongery
31719,Manpower
31720,Bank Charges
31721,Blinds
31722,Immigration Fees
31723,Transformer
31724,Electrical
31725,Insurance
31726,Insurance
31727,Electrical
31728,Legal Fees 
31729,Legal Fees 
31730,Precast Concrete
31731,Site Consumables 
31732,Gypsum Works
31733,Manpower
31734,Manpower
31735,Sundries
31736,Draftsmen
31737,Consulting Fees 
31738,Refreshments
31739,Immigration Fees
31740,Manpower
31741,Pipes
31742,Immigration Fees
31743,Immigration Fees
31744,Medical Fees 
31745,Insurance
31746,Immigration Fees
31747,Draftsmen
31748,Unskilled Labour
31749,Geotechnical Report
31750,Gypsum Works
31751,Electrical
31752,Immigration Fees
31753,Immigration Fees
31754,Office Consumables 
31755,Office Expenses
31756,Electrical
31757,Draftsmen
31758,Draftsmen
31759,Draftsmen
31760,Draftsmen
31761,Draftsmen
31762,Draftsmen
31763,Draftsmen
31764,Miscellaneous
31765,MEP
31766,Electrical
31767,Manpower
31768,Insurance
31769,Insurance
31770,Insurance
31771,Insurance
31772,Tyres
31773,Manpower
31774,Refreshments
31775,Immigration Fees
31776,Electrician 
31777,Fees 
31778,Legal Fees 
31779,Electrical
31780,Signage
31781,Electrical Works
31782,Fuel Tank Works
31783,Sundries
31784,Sundries
31785,Miscellaneous
31786,Façade
31787,Refreshments
31788,Gypsum Works
31789,Precast Concrete
31790,Manpower
31791,Site Consumables 
31792,Gypsum Works
31793,Façade
31794,Drainage 
31795,HVAC 
31796,Geotechnical Report
31797,Softscape (Landscape)
31798,Ironmongery
31799,Immigration Fees
31800,Electrician 
31801,Pipes
31802,Manpower
31803,Ironmongery
31804,Sundries
31805,Pipes
31806,Electrical
31807,Swimming Pool 
31808,Electrical
31810,
31811,Gypsum Works
31812,Office Consumables 
31813,Refreshments
31814,Ironmongery
31815,Office Expenses
31816,Geotechnical Report
31817,Formwork
31818,Refreshments
31819,Sundries
31820,Ironmongery
31821,Rebar
31822,Infrastructure 
31823,Cement 
31824,Electrician 
31825,Tyres
31826,Refreshments
31827,Immigration Fees
31828,Unskilled Labour
31829,Office Consumables 
31830,Miscellaneous
31831,Geotechnical Report
31832,Softscape (Landscape)
31833,Pipes
31834,Office Expenses
31835,Insurance
31836,Cables & Wires
31837,Refreshments
31838,Refreshments
31839,Electrical
31841,Refreshments
31842,Refreshments
31843,Refreshments
31844,MEP
31845,Sundries
31846,ELV 
31847,Insurance
31848,Incentives
31849,Insurance
31850,MEP
31851,Refreshments
31852,MEP
31853,Insurance
31854,Tyres
31855,Sundries
31856,Refreshments
31857,Immigration Fees
31858,Legal Fees 
31859,Sundries
31860,Ironmongery
31861,Pipes
31862,MEP Material
31863,Site Related Fees
31864,Miscellaneous
31865,Administrative Fees 
31866,Medical Fees 
31867,Immigration Fees
31868,Site Related Fees
31869,Insurance
31870,Vehicle & Equipment
31871,Erection
31872,Electrician 
31873,Charge
31874,Insurance
31875,Immigration Fees
31876,Cables & Wires
31877,MEP
31878,Immigration Fees
31879,Moziac
31880,Office Consumables 
31881,Transformer
31882,Manpower
31883,Sundries
31884,Refreshments
31885,Manpower
31886,Geotechnical Report
31887,Rebar
31888,Precast Concrete
31889,Office Expenses
31890,Gypsum Works
31891,Reinforcement
31892,Painting Work 
31893,Block Work
31895,Immigration Fees
31896,Bank Charges
31897,Fire Fighting
31898,Fire Fighting
31899,Backfilling
31900,Backfilling
31901,Office Consumables 
31902,Sundries
31903,Formwork
31904,Material
31905,Block
31906,Office Expenses
31907,Ironmongery
31909,Unskilled Labour
31910,HSE
31911,HSE
31912,HSE
31913,HSE
31914,HSE
31915,Draftsmen
31916,Unskilled Labour
31917,Unskilled Labour
31918,Electrical
31919,Draftsmen
31920,Miscellaneous
31921,Transformer
31922,Miscellaneous
31923,Electrical
31924,Façade
31925,Façade
31926,Façade
31927,Sundries
31928,MEP
31929,Miscellaneous
31930,Infrastructure 
31931,Other Expenses
31932,Pipes
31933,Sundries
31934,MEP
31935,MEP
31936,Electrician 
31937,Electrician 
31938,Fees 
31939,Geotechnical Report
31940,Dewatering
31941,Office Consumables 
31942,Backfilling
31943,Miscellaneous
31944,Gypsum Works
31945,Ironmongery
31946,Legal Fees 
31947,Pipes
31948,Office Expenses
31949,Manpower
31950,Tanks
31951,Tyres
31952,Consumables
31953,Consumables
31954,Consumables
31955,Refreshments
31956,Tyres
31957,Office Expenses
31958,Roadworks
31959,Gypsum Works
31960,Roadworks
31961,Sundries
31962,Formwork
31963,Manpower
31964,Site Consumables 
31965,Insurance
31966,Erection
31967,Plant
31968,Sundries
31969,Immigration Fees
31970,Refreshments
31971,Refreshments
31972,Cables & Wires
31973,Cables & Wires
31974,Block
31975,Site Consumables 
31976,Office Expenses
31977,Fees 
31978,Geotechnical Report
31979,Office Expenses
31980,Vehicle Related Fees
31981,Precast Concrete
31982,Gypsum Works
31983,Block
31984,Immigration Fees
31985,Office Consumables 
31986,Manpower
31987,Backfilling
31988,Electrical
31989,Office Expenses
31990,Immigration Fees
31991,Electrician 
31992,Signage
31993,Gypsum Works
31994,Water Supply
31995,LPG
31996,Office Consumables 
31997,Manpower
31998,Sundries
31999,LPG
32000,Refreshments
32001,Fees 
32002,Refreshments
32003,Manpower
32004,Refreshments
32005,Rebar
32006,Manpower
32007,Immigration Fees
32008,Gypsum Works
32009,Backfilling
32010,Sundries
32011,Electrical
32012,Sundries
32013,Office Expenses
32014,Gypsum Works
32015,Refreshments
32016,Immigration Fees
32017,Immigration Fees
32018,Electrician 
32019,Electrical
32020,Transformer
32021,Miscellaneous
32022,Immigration Fees
32023,Miscellaneous
32024,Vehicle & Equipment
32025,Ironmongery
32026,Sundries
32027,Material
32028,Miscellaneous
32029,Legal Fees 
32030,Pipes
32031,Backfilling
32032,Miscellaneous
32033,Geotechnical Report
32034,Sundries
32035,Fees 
32036,Manpower
32037,Sundries
32038,Material
32039,Office Expenses
32040,Gypsum Works
32041,Electrician 
32042,Manpower
32043,Sundries
32044,Pipes
32045,Insurance
32046,Office Consumables 
32047,Immigration Fees
32048,Electrical
32049,Refreshments
32050,Gypsum Works
32051,Electrician 
32052,Sundries
32053,Precast Concrete
32054,Immigration Fees
32055,Water Supply
32056,Water Supply
32057,Roadworks
32058,Water Supply
32059,Other Expenses
32060,Pipes
32061,Gypsum Works
32062,Manpower
32063,Site Consumables 
32064,Tyres
32065,Site Consumables 
32066,Sundries
32067,Erection
32068,Miscellaneous
32069,Miscellaneous
32070,Insurance
32071,Ironmongery
32072,Electrical Works
32073,Flooring
32074,Manpower
32075,Office Expenses
32076,MEP
32077,Fees 
32078,Manpower
32079,Manpower
32080,Sundries
32081,Electrical
32082,Gypsum Works
32083,Sundries
32084,Formwork
32085,Ironmongery
32086,Office Consumables 
32087,Transformer
32088,Office Expenses
32089,Office Expenses
32090,Charge
32091,Consulting Fees 
32092,Refreshments
32093,Refreshments
32094,Immigration Fees
32095,Joinery
32096,Rebar
32097,Manpower
32098,Formwork
32099,Gypsum Works
32100,Pipes
32101,Pipes
32102,Electrician 
32103,Gypsum Work
32104,Internal Work
32105,Office Expenses
32106,Electrician 
32107,Electrician 
32108,Precast Concrete
32109,Refreshments
32110,Refreshments
32111,Refreshments
32112,Refreshments
32113,Refreshments
32114,Backfilling
32115,Formwork
32116,Rebar
32117,Sundries
32118,Gypsum Works
32119,Sundries
32120,Geotechnical Report
32121,Cement 
32122,Office Consumables 
32123,Insurance
32124,Swimming Pool 
32125,Sundries
32126,
32127,Sundries
32128,Gypsum Works
32129,Meters
32130,Softscape (Landscape)
32131,Gypsum Works
32132,Incentives
32133,Office Consumables 
32134,Immigration Fees
32135,Electrician 
32136,Office Expenses
32137,Gypsum Works
32138,Office Expenses
32139,Manpower
32140,Miscellaneous
32141,Structural Works
32142,Structural Works
32143,Legal Fees 
32144,Reinforcement
32145,Miscellaneous
32146,Sundries
32147,Gypsum Works
32148,Office Consumables 
32149,Office Consumables 
32150,Refreshments
32151,Electrical
32152,Electrician 
32153,Cables & Wires
32154,Fees 
32155,Manpower
32156,Office Expenses
32157,Manpower
32158,Electrical
32159,Cables & Wires
32160,Manpower
32161,Refreshments
32162,Insurance
32163,Insurance
32164,Tyres
32165,Gypsum Works
32166,Gypsum Works
32167,Transformer
32168,Moziac
32169,MEP
32170,Other Expenses
32171,Immigration Fees
32172,Immigration Fees
32173,Administrative Fees 
32174,Other Expenses
32175,Softscape (Landscape)
32176,Immigration Fees
32177,Plaster Work
32178,Block Work
32179,Block Work
32180,Signage
32181,Office Expenses
32182,Legal Fees 
32183,Manpower
32184,Backfilling
32185,Rebar
32186,Gypsum Works
32187,Tanks
32188,Office Expenses
32189,Shuttering Carpentry
32190,Office Expenses
32191,Tanks
32192,Swimming Pool 
32193,Tanks
32194,Immigration Fees
32195,Electrical
32196,Manpower
32197,Site Consumables 
32198,Gypsum Works
32199,Pipes
32200,Manpower
32201,Backfilling
32202,Backfilling
32203,Backfilling
32204,Sundries
32205,Office Consumables 
32206,Manpower
32207,Incentives
32208,Pipes
32209,Heaters
32210,Incentives
32211,Incentives
32212,Heaters
32213,Swimming Pool 
32214,ELV 
32215,Site Consumables 
32216,Manpower
32217,Ironmongery
32218,Coring Works
32219,Manpower
32220,Incentives
32221,Draftsmen
32222,Rebar
32223,Concrete 
32224,Gypsum Works
32226,Manpower
32227,Incentives
32228,Electrical
32229,Electrician 
32230,Insurance
32231,Electrician 
32232,Gypsum Works
32234,Electrician 
32235,Backfilling
32236,Gypsum Works
32237,Manpower
32238,Office Consumables 
32239,Water Supply
32240,Geotechnical Report
32241,Tyres
32242,Gypsum Works
32243,Other Expenses
32244,Insurance
32245,Precast Concrete
32246,Immigration Fees
32247,Immigration Fees
32248,Site Related Fees
32249,Gypsum Works
32250,Vehicle & Equipment
32251,Block
32252,Consumables
32253,Erection
32254,Ironmongery
32255,Site Consumables 
32256,Office Consumables 
32257,Electrician 
32258,Consumables
32259,Consumables
32260,Precast Concrete
32261,Gypsum Works
32262,Gypsum Works
32263,Furniture
32264,Charge
32265,Unskilled Labour
32266,Incentives
32267,Electrician 
32268,Immigration Fees
32269,Transformer
32270,Office Consumables 
32271,Sundries
32272,Site Consumables 
32273,Manpower
32274,Office Expenses
32275,Gypsum Works
32276,Gypsum Works
32277,Site Consumables 
32278,Backfilling
32279,Ironmongery
32280,Sundries
32281,Electrician 
32282,Electrician 
32283,Manpower
32284,Ironmongery
32285,Precast Concrete
32286,Ironmongery
32287,Other Expenses
32288,Insurance
32289,Erection
32290,Plant
32291,Vehicle & Equipment
32292,Immigration Fees
32293,Cables & Wires
32294,Draftsmen
32295,Unskilled Labour
32296,Meters
32297,Draftsmen
32298,Draftsmen
32299,Miscellaneous
32300,Office Consumables 
32301,Geotechnical Report
32302,Rebar
32303,Gypsum Works
32304,Gypsum Works
32305,Manpower
32306,Sundries
32307,Office Expenses
32308,Gypsum Works
32309,Gypsum Works
32310,Sundries
32311,Electrician 
32312,Manpower
32313,Manpower
32314,Manpower
32315,Manpower
32316,Fees 
32317,Gypsum Works
32318,Gypsum Works
32319,Manpower
32320,Manpower
32321,Ironmongery
32322,Manpower
32323,Office Consumables 
32324,Insurance
32325,Tyres
32326,Plant
32327,Refreshments
32328,Office Consumables 
32329,Refreshments
32330,Fees 
32331,Sundries
32332,Office Expenses
32333,Electrical
32334,Ironmongery
32335,Formwork
32336,Manpower
32337,MEP
32338,Office Consumables 
32339,Rebar
32340,Vehicle & Equipment
32341,Electrician 
32342,Concrete 
32343,Backfilling
32344,Infrastructure 
32345,Gypsum Works
32346,Electrical
32347,Electrical
32348,Sundries
32349,Gypsum Works
32350,Sundries
32351,Site Consumables 
32353,Gypsum Works
32354,Gypsum Works
32355,Manpower
32356,Precast Concrete
32357,Electrician 
32358,Electrical
32359,Office Consumables 
32360,Backfilling
32361,Backfilling
32362,Refreshments
32363,Refreshments
32364,Immigration Fees
32365,Refreshments
32366,MEP
32367,Gypsum Works
32368,Site Consumables 
32369,Electrician 
32370,Sundries
32371,Pipes
32372,Gypsum Works
32373,Miscellaneous
32374,Ironmongery
32375,Façade
32376,Swimming Pool 
32377,MEP
32378,Refreshments
32379,Transformer
32380,Office Consumables 
32381,Tyres
32382,Internal Work
32383,Swimming Pool 
32384,Tyres
32385,Insurance
32386,Insurance
32387,Office Expenses
32388,Electrician 
32389,Immigration Fees
32390,Office Expenses
32391,Geotechnical Report
32392,Fees 
32393,Manpower
32394,Manpower
32396,Ironmongery
32397,Sundries
32398,Sundries
32399,Refreshments
32400,Refreshments
32401,Ironmongery
32402,Bank Charges
32403,Gypsum Works
32404,Pipes
32405,MEP
32406,Backfilling
32407,Refreshments
32408,Refreshments
32409,Refreshments
32410,Refreshments
32411,Refreshments
32412,Refreshments
32413,Electrician 
32414,Electrical
32415,Gypsum Works
32416,Electrician 
32417,Legal Fees 
32418,Pipes
32419,Office Expenses
32420,LPG
32421,Gypsum Works
32422,Sundries
32423,Office Expenses
32424,Rebar
32425,Gypsum Works
32426,Office Expenses
32427,Sundries
32428,Ironmongery
32429,Pipes
32430,Tanks
32431,Material
32432,Office Consumables 
32433,Internal Work
32434,Immigration Fees
32435,Refreshments
32436,Sundries
32437,Pipes
32438,Manpower
32439,Draftsmen
32440,Precast Concrete
32441,Ironmongery
32442,Manpower
32443,Cables & Wires
32444,Electrical
32445,Electrical
32446,Ironmongery
32447,Manpower
32448,Sundries
32449,Office Expenses
32451,Gypsum Work
32452,Bank Charges
32453,Electrical
32454,Site Related Fees
32455,Heaters
32456,Electrical
32457,Gypsum Works
32458,Gypsum Works
32459,Façade
32460,Gypsum Works
32461,Insurance
32462,Manpower
32463,Manpower
32464,Office Consumables 
32465,Office Expenses
32466,Gypsum Works
32467,Bank Charges
32468,Office Expenses
32470,Rubber
32471,Electrician 
32472,Refreshments
32473,Office Expenses
32474,Parts
32475,Insurance
32476,Tyres
32477,Tyres
32479,Other Expenses
32480,Other Expenses
32481,Cables & Wires
32482,Cables & Wires
32483,Cables & Wires
32484,Immigration Fees
32485,Façade
32486,Façade
32487,Insurance
32488,Office Consumables 
32489,Transformer
32490,Insurance
32491,Insurance
32492,Office Expenses
32493,Sundries
32494,Backfilling
32495,Electrician 
32496,Gypsum Works
32497,Gypsum Works
32498,Precast Concrete
32499,Pipes
32501,Electrical
32502,MEP Material
32503,MEP
32504,Gypsum Works
32505,Sundries
32506,Tanks
32507,Blinds
32508,Rebar
32509,Gypsum Works
32510,Rebar
32511,Gypsum Works
32512,Gypsum Works
32513,Manpower
32514,Office Consumables 
32515,Office Consumables 
32516,Pipes
32517,Draftsmen
32518,Unskilled Labour
32519,Draftsmen
32520,Draftsmen
32521,Draftsmen
32522,Unskilled Labour
32523,Consumables
32524,Consumables
32525,Consumables
32527,Manpower
32528,Manpower
32529,Gypsum Works
32530,MEP
32532,Office Consumables 
32533,Manpower
32534,Electrical
32535,Façade
32536,Sundries
32537,Plaster Work
32538,Electrician 
32539,Legal Fees 
32540,Office Consumables 
32541,Vehicle & Equipment
32542,Tyres
32543,Electrical
32544,Sundries
32545,Other Expenses
32546,Manpower
32547,Site Consumables 
32549,Office Expenses
32550,Swimming Pool 
32551,Refreshments
32552,Electrical
32553,Charge
32554,Material
32555,Tyres
32556,Flooring
32557,Sundries
32558,Switchgear
32559,Office Expenses
32560,Office Consumables 
32561,Gypsum 
32562,Swimming Pool 
32563,Painting Work 
32564,Painting Work 
32565,Block Work
32566,Block Work
32567,Reinforcement
32568,Reinforcement
32569,Structural Works
32570,Shuttering Carpentry
32571,Geotechnical Report
32572,Geotechnical Report
32573,Miscellaneous
32574,Insurance
32575,Erection
32576,Plant
32577,Transformer
32578,Sundries
32579,Gypsum Works
32580,Office Expenses
32581,Epoxy
32582,Swimming Pool 
32583,Gypsum Works
32584,Site Consumables 
32585,Manpower
32586,Office Expenses
32587,Refreshments
32588,Vehicle & Equipment
32589,Refreshments
32590,Sundries
32591,Manpower
32592,Sundries
32593,Block
32594,Pipes
32595,Vehicle & Equipment
32596,Electrician 
32597,Transformer
32598,Refreshments
32599,Dewatering
32600,Office Consumables 
32601,Office Expenses
32602,Gypsum Works
32603,Electrical
32604,Precast Concrete
32605,Block
32606,Office Consumables 
32607,Cement 
32608,Tyres
32609,Gypsum Works
32610,Precast Concrete
32611,Gypsum Works
32612,Immigration Fees
32613,Office Expenses
32614,Gypsum Works
32615,Site Consumables 
32616,Sundries
32617,Gypsum Works
32618,Office Expenses
32619,HVAC 
32620,Backfilling
32621,Moziac
32622,Electrical
32623,Cement 
32624,Ceramic & Porcelain
32625,Sundries
32626,Electrician 
32627,Plant
32628,Insurance
32629,Insurance
32630,Material
32631,Bank Charges
32632,Insurance
32633,Ironmongery
32634,Ironmongery
32635,Office Expenses
32636,Manpower
32637,Ironmongery
32638,Meters
32640,Gypsum Works
32641,Miscellaneous
32642,Sundries
32643,Shuttering Carpentry
32644,Electrical
32645,Immigration Fees
32646,Vehicle & Equipment
32647,Fees 
32648,Tyres
32649,Manpower
32650,Sundries
32651,Medical Fees 
32652,Rebar
32653,Manpower
32654,Sundries
32655,Office Consumables 
32656,Refreshments
32657,Refreshments
32658,Refreshments
32659,Refreshments
32660,Fees 
32661,Geotechnical Report
32662,Gypsum Works
32663,Pipes
32664,Office Consumables 
32665,Backfilling
32666,Vehicle & Equipment
32667,Ironmongery
32668,Vehicle & Equipment
32669,Refreshments
32670,Electrical
32671,Precast Concrete
32672,Insurance
32673,Vehicle & Equipment
32674,Material
32675,Moziac
32676,Electrician 
32677,Moziac
32678,Swimming Pool 
32679,Roadworks
32680,Office Consumables 
32681,Manpower
32682,Insurance
32683,Vehicle Related Fees
32684,MEP
32685,MEP
32686,MEP
32687,Refreshments
32688,Transformer
32689,Office Expenses
32690,Office Consumables 
32691,Manpower
32692,Fees 
32693,Fees 
32694,Water Supply
32695,Electrical
32696,LPG
32697,Office Consumables 
32698,Fees 
32699,Precast Concrete
32700,Pipes
32701,MEP Material
32702,Fees 
32703,Gypsum Works
32704,Gypsum Works
32705,Sundries
32706,Ironmongery
32707,Sundries
32708,Miscellaneous
32709,Miscellaneous
32710,Miscellaneous
32711,Miscellaneous
32713,Ironmongery
32714,Formwork
32715,Gypsum Works
32716,Sundries
32718,Formwork
32719,Plumbing
32720,Tyres
32721,Administrative Fees 
32722,Transformer
32723,Electrical
32724,Office Consumables 
32725,Excavation
32726,Geotechnical Report
32727,Fees 
32728,Pipes
32729,Sundries
32730,Manpower
32731,Manpower
32732,Manpower
32733,Insurance
32734,Insurance
32735,Electrical
32736,Electrician 
32737,Heaters
32738,Erection
32739,Insurance
32740,Ironmongery
32741,Vehicle & Equipment
32742,Refreshments
32743,Electrical
32744,Sundries
32745,Electrical
32746,Façade
32747,Façade
32748,Sundries
32749,Manpower
32750,Manpower
32751,Manpower
32752,Manpower
32753,Office Expenses
32754,Gypsum Works
32755,Rebar
32756,Erection
32757,Electrician 
32758,Office Expenses
32759,Fees 
32760,Infrastructure 
32761,Office Consumables 
32762,Cement 
32763,MEP
32764,Office Consumables 
32765,Office Consumables 
32766,Draftsmen
32767,Manpower
32768,Gypsum Works
32769,Gypsum Works
32770,Manpower
32771,Sundries
32772,Ironmongery
32773,Swimming Pool 
32774,Swimming Pool 
32775,Cement 
32776,Tyres
32777,Manpower
32778,Manpower
32779,Pipes
32780,Pipes
32781,Fees 
32782,Rebar
32783,Manpower
32784,Electrical
32785,Tyres
32786,Sundries
32787,Ironmongery
32788,Legal Fees 
32789,Refreshments
32790,Formwork
32791,Manpower
32792,Gypsum Works
32793,Gypsum Works
32794,Transformer
32795,Sundries
32796,Metal Works
32797,Fees 
32798,Geotechnical Report
32799,Fees 
32800,Fees 
32802,Refreshments
32803,Refreshments
32804,Manpower
32805,Refreshments
32806,Gypsum Works
32807,Gypsum Works
32808,Ironmongery
32809,Refreshments
32810,Sundries
32811,Refreshments
32812,Electrician 
32813,Refreshments
32814,Refreshments
32815,Refreshments
32816,Electrician 
32817,Gypsum Works
32818,Gypsum Works
32819,Electrical
32820,Swimming Pool 
32821,Office Consumables 
32822,MEP
32823,Gypsum 
32824,Shuttering Carpentry
32825,Refreshments
32826,Precast Concrete
32827,Pipes
32828,Office Expenses
32829,Cement 
32830,MEP
32831,Gypsum Works
32832,Refreshments
32833,Insurance
32834,Signage
32835,Manpower
32836,Shuttering Carpentry
32838,Fees 
32839,Gypsum Works
32840,Rebar
32841,Office Consumables 
32842,Gypsum Works
32843,Incentives
32844,Gypsum Works
32845,Electrician 
32846,Electrician 
32847,Office Expenses
32848,Manpower
32849,Electrical
32850,Façade
32851,Cables & Wires
32852,HVAC 
32854,Sundries
32855,Fees 
32856,Immigration Fees
32857,Sundries
32859,LPG
32860,Sundries
32861,Formwork
32862,Office Consumables 
32863,Block
32864,Electrical
32865,Gypsum Works
32866,Sundries
32867,Office Consumables 
32868,Manpower
32869,Transformer
32870,Immigration Fees
32871,Manpower
32872,Manpower
32873,Office Consumables 
32874,Tyres
32875,Other Expenses
32876,Site Related Fees
32877,Other Expenses
32878,Other Expenses
32879,Material
32880,Gypsum Works
32881,Other Expenses
32882,Formwork
32883,Cement 
32884,Infrastructure 
32885,Tyres
32886,Tyres
32887,Tyres
32888,Cement 
32889,Sundries
32890,Gypsum Works
32891,Electrical
32892,Tanks
32893,Sundries
32894,Site Consumables 
32895,Sundries
32896,Unskilled Labour
32897,HSE
32898,Draftsmen
32899,Draftsmen
32900,Draftsmen
32901,Insurance Fees 
32902,Manpower
32903,Ironmongery
32904,Office Consumables 
32905,Sundries
32906,Electrical
32907,Fees 
32908,Cement 
32909,Block
32910,Electrical
32911,Electrical
32912,Geotechnical Report
32913,Legal Fees 
32914,Refreshments
32915,MEP Material
32916,Office Expenses
32917,Electrical
32918,Cables & Wires
32919,Sundries
32920,Electrician 
32921,Vehicle & Equipment
32922,Refreshments
32923,Medical Fees 
32924,Sundries
32925,Electrical
32926,Precast Concrete
32927,Tyres
32928,Sundries
32929,Vehicle & Equipment
32930,Sundries
32931,Geotechnical Report
32932,Office Expenses
32933,Office Consumables 
32934,Formwork
32935,Gypsum Works
32936,Material
32937,Electrical
32938,Façade
32939,Office Consumables 
32940,Manpower
32941,Miscellaneous
32942,Office Expenses
32943,Insurance
32944,Insurance
32945,Insurance
32946,Refreshments
32947,Vehicle & Equipment
32948,Manpower
32949,Fees 
32950,Gypsum Works
32951,Manpower
32952,Site Consumables 
32953,Cables & Wires
32954,Office Consumables 
32955,Gypsum Works
32956,Office Expenses
32957,Tyres
32958,Gypsum Works
32959,Block
32960,Ironmongery
32961,MEP
32962,Electrician 
32963,Coring Works
32964,Electrical
32965,Façade
32966,Façade
32967,Façade
32968,Ironmongery
32969,Gypsum Works
32970,Gypsum Works
32971,Manpower
32972,Office Expenses
32973,Ironmongery
32974,Office Consumables 
32975,Blinds
32976,Office Consumables 
32977,Parts
32978,Tyres
32979,Consumables
32980,Consumables
32981,Consumables
32982,Façade
32983,Consumables
32984,Refreshments
32985,Refreshments
32986,Manpower
32987,Gypsum 
32988,Office Expenses
32990,Material
32991,Office Consumables 
32992,Insurance
32993,Painting Works
32994,Tyres
32995,Geotechnical Report
32996,Office Consumables 
32997,MEP
32998,Cement 
32999,Pipes
33000,Sundries
33001,Rebar
33002,Rebar
33003,Tyres
33004,Tanks
33005,Sundries
33006,ELV 
33007,ELV 
33008,Fees 
33009,Roadworks
33010,Cement 
33011,Ironmongery
33012,Tyres
33013,Tyres
33014,Ironmongery
33015,Manpower
33016,Manpower
33017,Gypsum Works
33018,Manpower
33019,Façade
33020,Office Consumables 
33021,Electrical
33022,Gypsum Works
33023,Sundries
33024,Pipes
33025,Office Expenses
33026,Electrical Works
33028,Immigration Fees
33029,Furniture
33030,MEP
33031,Refreshments
33033,Pipes
33034,Gypsum Works
33035,Pipes
33036,Electrician 
33037,Ironmongery
33038,Cement 
33039,Tyres
33040,Sundries
33041,
33042,Manpower
33043,Manpower
33044,Water Supply
33045,Gypsum Works
33046,Painting Works
33047,Vehicle & Equipment
33048,Vehicle & Equipment
33049,Electrical
33050,Insurance
33051,Vehicle & Equipment
33052,Gypsum Works
33053,Electrician 
33054,MEP
33055,Gypsum Works
33056,Sundries
33057,Medical Fees 
33058,Moziac
33059,Façade
33060,Coring Works
33061,Sundries
33062,Gypsum Works
33063,Office Expenses
33064,Cement 
33065,Tyres
33066,Erection
33067,Precast Concrete
33068,Insurance
33069,Insurance
33070,Vehicle & Equipment
33071,Geotechnical Report
33072,Pipes
33073,Office Expenses
33074,Gypsum Works
33075,Office Consumables 
33076,Refreshments
33078,Electrician 
33079,Manpower
33080,Internal Work
33081,Internal Work
33082,Internal Work
33083,Ironmongery
33084,Miscellaneous
33085,Pipes
33086,Gypsum Works
33087,Vehicle & Equipment
33088,Charge
33089,Pipes
33090,Vehicle & Equipment
33091,Refreshments
33092,Gypsum Works
33093,Vehicle & Equipment
33094,Rebar
33095,Procurement (HO)
33096,Refreshments
33097,Refreshments
33098,Refreshments
33099,Pipes
33100,Insurance
33101,Pipes
33102,Meters
33103,Tyres
33104,Pipes
33105,Pipes
33106,Sundries
33107,Electrician 
33108,Tyres
33109,Vehicle & Equipment
33110,Draftsmen
33111,Swimming Pool 
33112,Manpower
33113,Manpower
33114,Electrical
33115,Precast Concrete
33116,Pipes
33117,Pipes
33118,Pipes
33119,Pipes
33120,Charge
33121,ELV 
33122,Gypsum Works
33123,Sundries
33124,Gypsum Works
33125,Formwork
33126,Gypsum Works
33127,Pipes
33128,Ironmongery
33129,Sundries
33130,Office Expenses
33131,Waterproofing
33132,Office Consumables 
33133,Bank Charges
33134,Cement 
33135,Sundries
33136,Gypsum Works
33137,Electrical
33138,Sundries
33139,Miscellaneous
33140,Refreshments
33141,Vehicle & Equipment
33142,Office Consumables 
33143,Cables & Wires
33144,Coring Works
33145,Electrician 
33146,Electrician 
33147,Insurance
33148,Insurance
33149,Tyres
33150,Tyres
33151,Immigration Fees
33152,Pipes
33153,Material
33154,Gypsum Works
33155,MEP Material
33156,Office Consumables 
33157,Pipes
33158,Precast Concrete
33159,Insurance
33161,Sundries
33162,Precast Concrete
33163,Precast Concrete
33164,Manpower
33165,Electrician 
33166,Manpower
33167,Sundries
33168,Other Expenses
33169,Nurse
33170,Immigration Fees
33171,Site Consumables 
33172,Other Expenses
33173,Insurance
33174,Office Expenses
33175,Electrical
33176,Other Expenses
33177,Vehicle & Equipment
33178,Material
33179,Gypsum Works
33180,Vehicle & Equipment
33181,Gypsum Works
33182,Block
33183,Water Supply
33184,Formwork
33185,Electrical
33186,Façade
33187,Gypsum Works
33188,Gypsum Works
33189,Office Consumables 
33190,Plant
33191,Refreshments
33192,Unskilled Labour
33193,Office Consumables 
33194,Tyres
33195,Shuttering Carpentry
33196,Structural Works
33197,Structural Works
33198,Reinforcement
33199,Office Expenses
33200,Electrician 
33201,Gypsum Works
33202,Backfilling
33203,Unskilled Labour
33204,Block Work
33206,Sundries
33207,Refreshments
33208,Manpower
33209,Gypsum Works
33210,Electrician 
33211,Electrician 
33212,Shuttering Carpentry
33213,Incentives
33214,Unskilled Labour
33215,Draftsmen
33216,Draftsmen
33217,Draftsmen
33218,Draftsmen
33219,Draftsmen
33220,Draftsmen
33221,HSE
33222,Unskilled Labour
33223,MEP
33224,MEP
33225,Refreshments
33226,Gypsum Works
33227,Manpower
33228,Precast Concrete
33229,Office Expenses
33230,Formwork
33231,Transformer
33232,Electrical
33233,Electrical
33234,Cables & Wires
33235,Refreshments
33236,Office Expenses
33237,Sundries
33238,Immigration Fees
33239,Immigration Fees
33240,Immigration Fees
33241,Sundries
33242,Pipes
33243,Manpower
33244,Blinds
33245,Gypsum Works
33246,Block
33247,Manpower
33248,Tyres
33249,Refreshments
33250,Backfilling
33251,Ironmongery
33252,Tyres
33253,Backfilling
33254,Electrical
33255,Cables & Wires
33256,Refreshments
33257,Refreshments
33258,Geotechnical Report
33259,Tyres
33260,Refreshments
33261,Refreshments
33262,Electrical
33263,Office Expenses
33264,Sundries
33265,MEP
33266,Gypsum Works
33267,Manpower
33268,Manpower
33269,Precast Concrete
33270,Precast Concrete
33271,Sundries
33272,Medical Fees 
33273,Manpower
33274,Sundries
33275,Ironmongery
33276,Formwork
33277,Electrical
33278,Immigration Fees
33279,Refreshments
33280,Other Expenses
33281,Site Related Fees
33282,Insurance
33283,Precast Concrete
33284,Coring Works
33285,Office Consumables 
33286,Tyres
33287,Infrastructure 
33288,Charge
33289,Sundries
33290,Cables & Wires
33291,Tanks
33292,Office Expenses
33293,Electrical
33294,Rebar
33295,Miscellaneous
33296,Refreshments
33297,Manpower
33298,
33299,Cables & Wires
33300,Pipes
33301,Office Expenses
33302,Sundries
33303,Electrician 
33304,Office Consumables 
33305,Manpower
33306,Office Expenses
33307,Office Expenses
33308,Gypsum Works
33309,Cement 
33310,Consumables
33311,Consumables
33312,Consumables
33313,Consumables
33314,Tyres
33315,Electrician 
33316,Tyres
33317,Insurance
33318,Sundries
33319,Sundries
33320,Sundries
33321,Waterproofing work
33322,Sundries
33323,Façade
33324,Refreshments
33325,Block Work
33326,Painting Work 
33327,Legal Fees 
33328,Watchman
33329,Electrical Purchaser
33330,Bank Charges
33331,Vehicle & Equipment
33332,Pipes
33333,Miscellaneous
33334,Heaters
33335,Refreshments
33336,Refreshments
33337,Charge
33338,Legal Fees 
33339,Medical Fees 
33340,Electrical
33341,Sundries
33342,Manpower
33343,Manpower
33344,Site Consumables 
33345,Softscape (Landscape)
33346,Softscape (Landscape)
33347,Material
33348,Geotechnical Report
33349,Sundries
33350,Sundries
33351,Ironmongery
33352,Gypsum Works
33353,Material
33354,Office Consumables 
33355,Refreshments
33356,Insurance
33357,Electrician 
33358,Façade
33359,Façade
33360,Immigration Fees
33361,Immigration Fees
33362,Manpower
33363,Electrician 
33364,Fees 
33365,Manpower
33366,Precast Concrete
33367,Precast Concrete
33368,
33369,Pipes
33371,Consulting Fees 
33372,Tyres
33373,Sundries
33374,Sundries
33375,Electrical
33376,Manpower
33377,Manpower
33378,Ironmongery
33379,Gypsum Works
33380,Epoxy
33381,Swimming Pool 
33382,Electrical
33383,Pipes
33384,Coring Works
33385,Electrical
33386,Electrical
33387,Electrical
33388,Electrical
33389,Gypsum Works
33390,Office Expenses
33391,Office Expenses
33392,Office Consumables 
33393,Pipes
33394,Manpower
33395,Sundries
33396,Precast Concrete
33397,Pipes
33398,Office Expenses
33399,Swimming Pool 
33400,Façade
33401,Cables & Wires
33402,Electrical
33403,Electrical
33404,Vehicle & Equipment
33405,Ironmongery
33406,Plant
33407,Plant
33408,Tyres
33409,Tyres
33410,Tyres
33411,Tyres
33412,Tyres
33413,Pipes
33414,Medical Fees 
33415,Heaters
33416,Sundries
33417,Transformer
33418,Sundries
33419,Softscape (Landscape)
33420,Immigration Fees
33421,Refreshments
33422,Sundries
33423,Gypsum Works
33424,Office Consumables 
33425,Tanks
33426,Manpower
33427,Manpower
33428,Manpower
33429,Sundries
33430,Sundries
33431,Sundries
33432,LPG
33433,Roadworks
33434,Incentives
33435,Incentives
33436,Incentives
33437,Swimming Pool 
33438,Electrical
33439,Gypsum Works
33440,Gypsum Works
33441,Gypsum Works
33442,Cement 
33443,Ironmongery
33444,Electrical
33445,Refreshments
33446,Refreshments
33447,Refreshments
33448,Material
33449,Gypsum Works
33451,Manpower
33452,Sundries
33453,Tanks
33454,Precast Concrete
33455,Refreshments
33456,Refreshments
33457,Medical Fees 
33458,Geotechnical Report
33459,Sundries
33460,Rebar
33461,Ironmongery
33462,Draftsmen
33463,Consulting Fees 
33464,
33465,Blinds
33466,Swimming Pool 
33467,Charge
33468,Gypsum Works
33469,Vehicle & Equipment
33470,Moziac
33471,Vehicle & Equipment
33472,Fees 
33473,Tyres
33474,Insurance
33475,Office Consumables 
33476,Tyres
33477,Sundries
33478,Site Consumables 
33479,Sundries
33480,Manpower
33481,PEB
33482,Pipes
33483,Office Expenses
33484,Façade
33485,Office Expenses
33486,Gypsum Works
33487,Office Consumables 
33488,Gypsum Works
33489,Blinds
33490,Legal Fees 
33491,Immigration Fees
33492,Refreshments
33493,Medical Fees 
33494,Electrical
33495,MEP Material
33496,Rebar
33497,Sundries
33498,Consulting Fees 
33499,Gypsum Works
33500,Geotechnical Report
33501,Gypsum Works
33502,Refreshments
33503,Rebar
33504,Refreshments
33505,Manpower
33506,Refreshments
33507,Gypsum Works
33508,Refreshments
33509,Refreshments
33510,Gypsum Works
33511,Refreshments
33512,Refreshments
33513,Refreshments
33514,Ironmongery
33515,Precast Concrete
33516,Refreshments
33517,Refreshments
33518,Immigration Fees
33519,Façade
33520,Office Consumables 
33521,Gypsum Works
33522,Gypsum Works
33523,Gypsum Works
33524,Moziac
33525,Signage
33526,Miscellaneous
33527,Miscellaneous
33528,Geotechnical Report
33529,Geotechnical Report
33530,Gypsum Works
33531,Refreshments
33532,Immigration Fees
33533,Electrical
33534,Electrical
33535,Cables & Wires
33536,Office Consumables 
33537,Manpower
33538,Charge
33539,Charge
33540,Electrician 
33542,Sundries
33543,Swimming Pool 
33544,
33545,
33546,Refreshments
33547,Electrical
33548,
33549,HVAC 
33550,Manpower
33551,Gypsum Works
33552,Manpower
33553,Precast Concrete
33554,Manpower
33555,Block
33556,Formwork
33557,Transformer
33558,Electrician 
33559,Vehicle & Equipment
33560,Façade
33561,Cables & Wires
33562,Electrical
33563,Sundries
33564,Electrical
33565,Consulting Fees 
33566,Tyres
33567,Immigration Fees
33568,Office Consumables 
33569,Ironmongery
33570,Rebar
33571,Sundries
33572,Tyres
33573,Tyres
33574,Tyres
33575,Tyres
33576,Refreshments
33577,Infrastructure 
33578,Manpower
33579,Refreshments
33580,Sundries
33581,MEP
33582,Plumbing
33583,Transformer
33584,Office Consumables 
33585,Manpower
33586,Gypsum Works
33587,Gypsum Works
33588,Pipes
33589,Gypsum Works
33590,Moziac
33591,Manpower
33592,Office Expenses
33593,Sundries
33594,Electrical
33595,Refreshments
33596,Immigration Fees
33597,Manpower
33598,Manpower
33599,Electrical
33600,Manpower
33601,Sundries
33602,Ironmongery
33603,Precast Concrete
33604,Office Consumables 
33605,Refreshments
33606,Electrician 
33607,Electrical
33608,Erection
33610,Rebar
33611,Site Consumables 
33612,Sundries
33613,
33614,Façade
33615,Vehicle & Equipment
33616,Transformer
33617,Sundries
33618,Office Expenses
33619,Coring Works
33620,Pipes
33621,Sundries
33622,Elevator / Escalator / Conveyor Belt
33623,Dewatering
33624,Refreshments
33625,MEP Material
33626,Gypsum Works
33628,Electrical
33629,Parts
33630,Fees 
33631,Legal Fees 
33632,Office Consumables 
33633,Office Expenses
33634,Office Expenses
33635,Manpower
33636,Precast Concrete
33637,Material
33638,Administrative Fees 
33639,Geotechnical Report
33640,Electrical
33641,Manpower
33642,Sundries
33643,Charge
33644,Manpower
33646,Other Expenses
33647,Electrician 
33648,Electrician 
33649,Swimming Pool 
33650,Office Consumables 
33651,
33652,Electrician 
33653,Insurance
33654,Plaster Work
33655,Sundries
33656,Manpower
33657,Rebar
33658,Ironmongery
33659,Pipes
33660,Painting Work 
33661,Ironmongery
33662,Block Work
33663,Draftsmen
33664,Draftsmen
33665,Draftsmen
33666,Draftsmen
33667,Draftsmen
33668,Draftsmen
33669,Draftsmen
33670,Draftsmen
33671,Draftsmen
33672,Draftsmen
33673,Block
33674,Rebar
33675,Office Consumables 
33676,Pipes
33677,Sundries
33678,Refreshments
33679,Fees 
33680,Fees 
33681,Heaters
33682,Geotechnical Report
33683,Pipes
33684,Electrician 
33685,Administrative Fees 
33686,Electrician 
33687,Sundries
33688,Precast Concrete
33689,Electrician 
33690,Immigration Fees
33691,Medical Fees 
33692,Immigration Fees
33693,Miscellaneous
33694,Immigration Fees
33695,Immigration Fees
33696,Immigration Fees
33697,Site Related Fees
33698,Office Consumables 
33699,Electrical
33700,Gypsum Works
33701,Consumables
33702,Consumables
33703,Consumables
33704,Consumables
33705,Manpower
33706,Sundries
33707,Insurance
33708,Legal Fees 
33709,Material
33710,Refreshments
33711,Refreshments
33713,Tyres
33714,Plant
33715,MEP
33716,Electrical
33717,Insurance
33718,Façade
33719,Tyres
33720,Sundries
33721,Gypsum Works
33722,Gypsum Works
33723,Manpower
33724,Blinds
33725,Gypsum Works
33726,Concrete 
33727,Tyres
33728,Manpower
33729,Immigration Fees
33730,Electrical
33731,Electrical
33732,Electrician 
33733,Charge
33734,Sundries
33735,Tyres
33736,Insurance
33737,Insurance Fees 
33738,Refreshments
33739,Electrician 
33740,Tyres
33741,Geotechnical Report
33742,Gypsum Works
33743,Vehicle & Equipment
33744,Material
33745,Tyres
33746,Tyres
33747,Tyres
33748,Tyres
33749,Tyres
33750,Vehicle & Equipment
33751,Charge
33752,MEP
33753,Legal Fees 
33754,Façade
33755,Façade
33757,Site Consumables 
33758,Gypsum Works
33759,Office Expenses
33760,Pipes
33761,Gypsum Works
33762,Pipes
33763,Gypsum 
33764,LPG
33765,Manpower
33766,Tyres
33767,Fire Alarm
33768,Electrical
33769,Insurance
33770,Geotechnical Report
33771,Swimming Pool 
33772,Bank Charges
33773,Gypsum Works
33774,Sundries
33775,Charge
33776,Pipes
33777,Gypsum Works
33778,Material
33779,Ironmongery
33780,Manpower
33781,Insurance
33782,
33783,Charge
33784,Charge
33785,MEP
33786,Office Consumables 
33787,Gypsum Works
33788,Manpower
33789,Manpower
33790,Tyres
33791,Insurance
33792,Insurance
33793,Insurance
33794,Fees 
33795,Fees 
33796,Electrician 
33797,Sundries
33798,Precast Concrete
33799,Office Expenses
33800,Gypsum Works
33801,Sundries
33802,Fees 
33803,Gypsum Works
33804,Manpower
33805,Manpower
33806,Manpower
33807,MEP
33808,Watchman
33809,Electrical
33810,Manpower
33811,Refreshments
33812,Rebar
33813,Electrical
33814,Tanks
33815,Backfilling
33816,Medical Fees 
33817,Façade
33818,Backfilling
33819,Tyres
33820,Office Expenses
33821,Sundries
33823,Office Consumables 
33824,Refreshments
33825,Refreshments
33826,Refreshments
33827,Refreshments
33828,Refreshments
33829,Refreshments
33830,Refreshments
33831,Refreshments
33832,Refreshments
33833,Office Expenses
33834,Sundries
33835,Electrical
33836,Façade
33837,Tyres
33838,Electrician 
33839,Office Expenses
33840,Electrician 
33841,Electrician 
33842,Sundries
33843,Sundries
33844,Manpower
33845,Sundries
33846,Electrical
33847,Insurance
33848,Electrician 
33849,Transformer
33850,Transformer
33851,Rebar
33852,Manholes/Gratings
33853,Precast Concrete
33854,Precast Concrete
33855,Furniture
33856,Material
33857,Pipes
33858,Pipes
33859,Sundries
33860,Electrical
33861,Office Expenses
33862,Office Consumables 
33863,Office Consumables 
33864,Refreshments
33865,Sundries
33866,Sundries
33867,HVAC 
33868,Gypsum Works
33869,MEP
33870,Insurance
33871,Immigration Fees
33872,Pipes
33873,Electrician 
33874,Pipes
33875,Sundries
33876,Site Consumables 
33877,Manpower
33878,Gypsum Works
33879,Electrical
33880,Tyres
33881,Tyres
33882,Tyres
33883,Tyres
33884,Tyres
33885,Sundries
33886,Refreshments
33887,Office Expenses
33888,Geotechnical Report
33889,Electrical
33890,Ironmongery
33891,Miscellaneous
33892,Draftsmen
33893,Sundries
33894,Sundries
33895,Electrical
33896,Refreshments
33897,Fire Alarm
33898,MEP
33899,Cement 
33900,Sundries
33901,Precast Concrete
33902,Consulting Fees 
33903,Immigration Fees
33904,Immigration Fees
33905,Immigration Fees
33906,Electrician 
33907,Transformer
33908,External Manpower
33909,Office Consumables 
33910,Office Expenses
33911,Sundries
33912,Office Expenses
33913,Refreshments
33914,Gypsum Works
33915,Gypsum Works
33916,Precast Concrete
33917,Site Consumables 
33918,Office Expenses
33919,Fees 
33920,Site Consumables 
33921,Tyres
33922,Infrastructure 
33923,Legal Fees 
33924,Cement 
33925,Tyres
33926,Tanks
33927,Refreshments
33928,Refreshments
33929,Electrician 
33930,Gypsum Works
33931,Cement 
33932,Sundries
33933,Sundries
33934,Plant
33935,Medical Fees 
33936,Painting Works
33937,Gypsum Works
33938,Gypsum Works
33939,Refreshments
33940,Unskilled Labour
33941,Draftsmen
33942,Draftsmen
33943,Draftsmen
33944,HSE
33945,Electrical Purchaser
33946,Draftsmen
33947,Shuttering Carpentry
33948,Office Expenses
33949,Electrician 
33950,Sundries
33951,MEP Material
33952,Water Supply
33953,Gypsum Works
33954,Gypsum Works
33955,Sundries
33956,Gypsum Works
33957,Gypsum Works
33958,Other Expenses
33959,Administrative Fees 
33960,Other Expenses
33961,Immigration Fees
33962,Tyres
33963,Refreshments
33964,Electrician 
33965,Geotechnical Report
33966,Geotechnical Report
33967,Gypsum Works
33968,Vehicle & Equipment
33969,Sundries
33970,Manpower
33971,Ironmongery
33972,Precast Concrete
33973,Gypsum Works
33974,Elevator / Escalator / Conveyor Belt
33975,Site Consumables 
33976,Office Consumables 
33977,Sundries
33978,Consulting Fees 
33979,Sundries
33980,Transformer
33981,Coring Works
33982,Geotechnical Report
33983,Cables & Wires
33984,Electrician 
33985,Fees 
33986,Tyres
33987,Sundries
33988,Gypsum Works
33989,Manpower
33990,Sundries
33991,Gypsum Works
33992,Fees 
33993,Erection
33994,Fees 
33995,Office Consumables 
33996,Swimming Pool 
33997,Consumables
33998,Consumables
33999,Consumables
34000,Swimming Pool 
34001,Consumables
34002,Flooring
34003,Immigration Fees
34004,Backfilling
34005,Site Related Fees
34007,Backfilling
34008,Immigration Fees
34009,Sundries
34010,Manpower
34011,Plant
34012,Vehicle Related Fees
34013,Electrician 
34014,Sundries
34015,Tyres
34016,Erection
34017,Charge
34018,Tyres
34019,Vehicle & Equipment
34020,Refreshments
34021,Manpower
34022,Electrician 
34023,Office Expenses
34024,Cement 
34025,Gypsum Works
34026,Office Consumables 
34027,Electrical
34028,Precast
34029,Electrician 
34030,Electrician 
34031,Office Consumables 
34032,Medical Fees 
34033,Charge
34034,Office Expenses
34035,Office Consumables 
34036,Electrical
34037,Electrician 
34039,Rebar
34040,Sundries
34041,Refreshments
34043,Sundries
34044,Pipes
34045,Pipes
34046,Gypsum Works
34047,Office Consumables 
34048,Office Consumables 
34049,Insurance
34050,Refreshments
34051,Erection
34052,Manpower
34053,Cement 
34054,Manpower
34055,Electrical
34056,Manpower
34057,Office Expenses
34058,Sundries
34059,Fees 
34060,Immigration Fees
34061,Legal Fees 
34062,Electrician 
34063,Electrician 
34064,Cables & Wires
34065,Electrical
34066,Electrician 
34067,Office Consumables 
34068,Vehicle & Equipment
34069,Geotechnical Report
34070,Geotechnical Report
34071,Vehicle & Equipment
34072,Ironmongery
34073,Gypsum Works
34074,Gypsum Works
34075,Refreshments
34076,Gypsum Works
34077,Tyres
34078,Tyres
34079,Tyres
34080,Tyres
34081,Signage
34083,Electrician 
34084,Gypsum Works
34085,Water Supply
34086,Insurance
34087,Insurance
34088,Insurance
34089,Gypsum Works
34090,Erection
34091,Geotechnical Report
34092,Sundries
34093,Electrician 
34094,Transformer
34095,Office Expenses
34096,Electrician 
34097,Manpower
34098,Precast Concrete
34099,Rebar
34100,Manpower
34101,Tyres
34102,Office Consumables 
34103,Pipes
34104,Epoxy
34105,Bank Charges
34106,Sundries
34107,Geotechnical Report
34108,Electrician 
34109,Manpower
34110,Refreshments
34111,Refreshments
34112,Manpower
34113,Office Expenses
34114,Sundries
34115,Fees 
34116,Manpower
34117,Insurance
34118,Refreshments
34119,Gypsum Works
34120,Sundries
34121,Electrical Works
34122,Electrician 
34123,Office Consumables 
34124,Sundries
34125,Formwork
34126,Site Consumables 
34127,Manpower
34128,Water Supply
34129,Refreshments
34130,Vehicle & Equipment
34131,Sundries
34132,Vehicle & Equipment
34133,Electrical
34134,Insurance
34135,Insurance
34136,Parts
34137,Office Consumables 
34138,Cables & Wires
34139,Concrete 
34140,Concrete 
34141,Gypsum Works
34142,Electrician 
34143,Sundries
34144,Pipes
34145,MEP Material
34146,Gypsum Works
34147,Medical Fees 
34148,Office Consumables 
34149,Water Supply
34150,Precast Concrete
34151,Sundries
34152,Sundries
34153,Precast Concrete
34154,Sundries
34155,Tyres
34156,Garbage Removal
34157,Fees 
34158,
34159,Electrician 
34160,Electrician 
34162,Sundries
34163,Manpower
34164,Precast Concrete
34165,Gypsum Works
34166,Tyres
34167,Sundries
34168,Gypsum Works
34169,Sundries
34170,Manpower
34171,Sundries
34172,Gypsum Works
34173,Electrician 
34174,Office Expenses
34175,Insurance
34176,Sundries
34177,Office Consumables 
34178,Cement 
34179,Sundries
34180,Precast Concrete
34181,Refreshments
34182,Refreshments
34183,Refreshments
34184,Refreshments
34185,Charge
34186,Sundries
34187,Sundries
34188,Façade
34189,Sundries
34190,Office Expenses
34191,Erection
34192,Office Expenses
34193,Tyres
34194,Electrician 
34195,Sundries
34196,Heaters
34197,Office Consumables 
34198,Manpower
34199,Precast Concrete
34200,Office Expenses
34201,Sundries
34202,Swimming Pool 
34203,Ironmongery
34204,Sundries
34205,Tyres
34206,Gypsum Works
34207,Geotechnical Report
34208,Tyres
34209,Tyres
34210,Refreshments
34211,Pipes
34212,Fees 
34213,Manpower
34214,Gypsum Works
34215,Gypsum Works
34216,Rebar
34217,Manpower
34218,MEP Material
34219,Refreshments
34220,Refreshments
34221,Refreshments
34222,Refreshments
34223,Tyres
34224,Insurance
34225,Geotechnical Report
34226,Tyres
34227,Electrical
34228,Office Expenses
34229,Electrician 
34230,Gypsum Works
34231,Site Consumables 
34232,Gypsum Works
34233,Rebar
34234,Manpower
34235,Miscellaneous
34236,Medical Fees 
34237,Electrician 
34238,Cables & Wires
34239,Electrician 
34240,Electrical
34241,Office Consumables 
34242,Erection
34243,Rebar
34244,Site Consumables 
34245,Office Consumables 
34246,Manpower
34247,Immigration Fees
34248,Sundries
34249,Vehicle & Equipment
34250,Plant
34251,Precast Concrete
34252,Vehicle & Equipment
34253,Refreshments
34255,Erection
34256,Insurance
34257,Sundries
34258,Erection
34259,Geotechnical Report
34260,Infrastructure 
34261,Sundries
34262,Office Expenses
34263,Legal Fees 
34264,Electrical
34265,Manpower
34266,Precast Concrete
34267,Manpower
34268,Cement 
34269,Fees 
34270,Fees 
34271,Refreshments
34272,Tanks
34273,Tyres
34274,Electrician 
34275,Manpower
34276,Gypsum Works
34277,Precast Concrete
34278,Precast Concrete
34279,Manpower
34280,Office Consumables 
34281,Cables & Wires
34283,Immigration Fees
34284,Office Consumables 
34285,Heaters
34286,Electrical
34287,Tyres
34288,Tyres
34289,Tyres
34290,Tyres
34291,Material
34292,Sundries
34293,Sundries
34294,Sundries
34295,Sundries
34296,Gypsum Works
34297,Gypsum Works
34298,Formwork
34299,Manpower
34300,Cement 
34301,Manholes/Gratings
34302,Site Consumables 
34303,Office Expenses
34304,Site Consumables 
34305,Gypsum Works
34306,Manpower
34307,Precast Concrete
34308,Sundries
34309,Fire Stoppage Work
34310,Electrical
34311,Draftsmen
34312,Electrical Purchaser
34313,HSE
34314,Draftsmen
34315,Unskilled Labour
34316,Draftsmen
34317,Draftsmen
34318,Other Expenses
34319,Other Expenses
34320,Other Expenses
34321,Other Expenses
34322,Other Expenses
34323,Other Expenses
34324,Tyres
34325,Block
34326,Gypsum Works
34327,Sundries
34328,Manpower
34329,Office Consumables 
34330,Electrical
34331,Backfilling
34332,Electrical
34333,Rebar
34334,Sundries
34335,Sundries
34336,Sundries
34337,Gypsum Works
34338,Manpower
34339,Geotechnical Report
34340,MEP Material
34341,Electrical
34342,Sundries
34343,Electrician 
34344,Precast Concrete
34345,Formwork
34346,Office Expenses
34347,Gypsum Works
34348,Concrete 
34349,Gypsum Works
34350,Manpower
34351,Sundries
34352,Rebar
34353,Gypsum Works
34354,Site Consumables 
34355,Geotechnical Report
34356,Infrastructure 
34357,Sundries
34358,Office Consumables 
34359,Office Expenses
34360,Consulting Fees 
34361,Gypsum Works
34362,Electrical
34363,Tyres
34364,Tyres
34365,Erection
34366,Manpower
34367,Coring Works
34368,Ironmongery
34369,Tyres
34370,Legal Fees 
34371,Vehicle & Equipment
34372,Tyres
34373,Elevator / Escalator / Conveyor Belt
34375,Electrical
34376,Cement 
34377,Pipes
34378,Sundries
34379,Office Expenses
34380,Pipes
34381,Other Expenses
34382,Immigration Fees
34383,Immigration Fees
34384,Site Related Fees
34385,Administrative Fees 
34386,Sundries
34387,Refreshments
34388,Electrical
34389,Electrical
34390,Miscellaneous
34391,Sundries
34392,Sundries
34393,Gypsum Works
34394,Material
34395,Precast Concrete
34396,Sundries
34397,Tyres
34398,Manpower
34399,Consumables
34400,Consumables
34402,Consumables
34403,Consumables
34404,Tyres
34405,Refreshments
34406,MEP Material
34407,Electrician 
34408,Roadworks
34409,Electrical
34410,Tyres
34411,Fees 
34412,Rebar
34413,Precast Concrete
34414,Refreshments
34415,Manpower
34416,Gypsum Works
34417,Sundries
34418,Geotechnical Report
34419,Insurance
34420,Parts
34421,Precast Concrete
34422,Electrical
34423,Sundries
34424,Gypsum Works
34425,Manpower
34426,Gypsum Works
34427,Tyres
34428,Sundries
34429,Sundries
34430,Office Consumables 
34431,Gypsum Works
34432,Office Expenses
34433,Gypsum Works
34434,Gypsum Works
34435,Manpower
34436,Manpower
34437,Precast Concrete
34438,Rebar
34439,Office Consumables 
34440,Rebar
34441,Manpower
34442,Pipes
34443,Precast Concrete
34444,Electrical
34445,Elevator / Escalator / Conveyor Belt
34446,Elevator / Escalator / Conveyor Belt
34447,Charge
34448,MEP
34449,Manpower
34450,Office Expenses
34451,Gypsum Works
34452,Refreshments
34453,Precast Concrete
34454,Manpower
34455,Gypsum Works
34456,Consulting Fees 
34457,Refreshments
34458,Geotechnical Report
34459,Sundries
34460,Insurance
34461,Insurance
34462,Insurance
34463,Gypsum Works
34464,Rebar
34465,Precast Concrete
34466,Tyres
34467,Vehicle & Equipment
34468,Manpower
34469,Sundries
34470,Manpower
34471,Sundries
34472,Sundries
34473,Material
34474,Ironmongery
34475,Electrical
34476,Site Consumables 
34477,Gypsum Works
34478,Office Expenses
34479,Manpower
34480,Sundries
34481,Fees 
34482,Electrical
34483,Electrical
34484,
34485,
34486,Precast Concrete
34488,Precast Concrete
34489,Precast Concrete
34490,Ironmongery
34491,Manpower
34492,Pipes
34493,Office Expenses
34494,Rebar
34495,Manpower
34496,MEP Material
34497,Tyres
34498,Plant
34499,Legal Fees 
34500,Medical Fees 
34501,Gypsum Works
34502,Ironmongery
34503,Office Expenses
34504,Office Consumables 
34505,Sundries
34506,Precast Concrete
34507,Precast Concrete
34508,Office Expenses
34509,Gypsum Works
34510,Precast Concrete
34511,Office Expenses
34512,Refreshments
34513,Legal Fees 
34514,Refreshments
34515,MEP Material
34516,Electrical
34517,MEP
34518,Tyres
34519,Sundries
34520,Sundries
34521,Manpower
34522,Rebar
34523,Legal Fees 
34524,Sundries
34525,Tyres
34526,Tyres
34527,Tyres
34528,Cement 
34529,Tyres
34530,Gypsum Works
34531,Sundries
34532,Immigration Fees
34533,Charge
34534,Insurance
34536,Insurance
34537,Electrical
34538,Electrical
34539,Office Consumables 
34540,MEP Material
34541,Rebar
34542,Precast Concrete
34543,Electrician 
34544,Gypsum Works
34545,Gypsum Works
34546,Insurance
34547,MEP Material
34548,Tanks
34549,Geotechnical Report
34550,Sundries
34551,Office Expenses
34552,Office Consumables 
34553,Heaters
34554,Heaters
34555,Sundries
34556,MEP
34557,Electrical
34558,Office Expenses
34559,Sundries
34560,Rebar
34561,Precast Concrete
34562,Sundries
34563,Insurance Fees 
34564,Tyres
34565,Site Consumables 
34566,Electrical
34567,Manpower
34568,Sundries
34569,Sundries
34570,Precast Concrete
34571,Office Expenses
34572,Office Expenses
34573,Electrician 
34574,Manpower
34575,Fees 
34576,Incentives
34577,Gypsum Works
34578,Manpower
34579,Site Consumables 
34580,Manpower
34581,Manpower
34582,MEP Material
34583,Refreshments
34584,Refreshments
34585,Refreshments
34586,Refreshments
34587,Refreshments
34588,Gypsum Works
34589,Office Expenses
34590,Rebar
34591,Sundries
34592,Gypsum Works
34593,Administrative Fees 
34594,Refreshments
34595,Refreshments
34596,Refreshments
34597,Refreshments
34598,Sundries
34599,Gypsum Works
34600,Electrical
34601,Electrician 
34602,Heaters
34603,Material
34604,Block
34605,Sundries
34606,Heaters
34607,Gypsum Works
34608,Tyres
34609,Precast Concrete
34610,Geotechnical Report
34611,Precast Concrete
34612,Office Consumables 
34613,Ironmongery
34614,Electrical
34615,Sundries
34616,Sundries
34617,Sundries
34618,MEP Material
34619,Refreshments
34620,Gypsum Works
34621,Electrical
34622,MEP Material
34623,Electrician 
34624,Formwork
34625,Gypsum Works
34626,Ironmongery
34627,Sundries
34628,Sundries
34629,Gypsum Works
34630,Sundries
34631,Medical Fees 
34632,Elevator / Escalator / Conveyor Belt
34633,Insurance
34634,Office Expenses
34635,Cement 
34636,MEP Material
34637,Gypsum Works
34638,Rebar
34639,Manpower
34640,Gypsum Works
34641,Manpower
34642,Heaters
34643,Electrical
34644,Tyres
34645,Insurance
34646,Erection
34647,Insurance
34648,Erection
34649,Immigration Fees
34650,Vehicle & Equipment
34651,Bank Charges
34652,Tyres
34653,MEP Material
34654,Refreshments
34655,Gypsum Works
34656,Tyres
34657,Electrician 
34658,Gypsum Works
34659,MEP Material
34660,Gypsum Works
34661,Office Consumables 
34662,MEP Material
34663,Excavation
34664,Immigration Fees
34665,Ironmongery
34666,Tyres
34667,Manpower
34668,Sundries
34669,Sundries
34670,Cement 
34671,Office Expenses
34672,Gypsum Works
34673,Block
34674,Gypsum Works
34675,Office Expenses
34676,Electrical
34677,Manpower
34678,Geotechnical Report
34679,Tyres
34680,Rebar
34681,Tyres
34682,Tyres
34683,Tyres
34684,Unskilled Labour
34685,HSE
34686,Electrical Purchaser
34687,Draftsmen
34688,Draftsmen
34689,Draftsmen
34690,Draftsmen
34691,HSE
34693,Electrician 
34694,Unskilled Labour
34695,Electrical
34696,Gypsum Works
34697,Precast Concrete
34698,Ironmongery
34699,Formwork
34700,Material
34701,MEP Material
34702,Manpower
34703,Office Consumables 
34704,Fees 
34705,Electrical
34706,Refreshments
34707,Blinds
34708,Material
34710,Refreshments
34711,Manholes/Gratings
34712,Manholes/Gratings
34713,Sundries
34714,Gypsum Works
34715,Sundries
34716,Pipes
34717,Gypsum Works
34718,Sundries
34719,Office Expenses
34720,Electrical
34721,Sundries
34722,Legal Fees 
34723,Other Expenses
34724,Site Related Fees
34725,Other Expenses
34727,Other Expenses
34728,Miscellaneous
34729,Medical Fees 
34730,Cement 
34731,Sundries
34732,Other Expenses
34733,Immigration Fees
34734,Medical Fees 
34735,Refreshments
34736,Office Expenses
34737,Site Related Fees
34738,
34739,Medical Fees 
34740,Immigration Fees
34741,MEP
34742,PEB
34743,PEB
34744,Miscellaneous
34745,Pipes
34746,Rebar
34747,Heaters
34748,Gypsum Works
34749,Tyres
34750,Gypsum Works
34751,MEP Material
34752,Office Consumables 
34753,Coring Works
34754,Cables & Wires
34755,Concrete 
34756,Tyres
34757,Sundries
34758,Tyres
34759,Transformer
34760,Fees 
34761,Block
34762,Pipes
34763,Pipes
34764,Joinery
34765,Manpower
34766,Ironmongery
34767,Gypsum Works
34768,Precast Concrete
34769,Manpower
34770,Tyres
34771,Tyres
34772,Sundries
34773,Legal Fees 
34774,Sundries
34775,Heaters
34776,Ironmongery
34777,Fees 
34778,Site Consumables 
34779,Erection
34780,Cement 
34781,Sundries
34782,Precast Concrete
34783,Material
34784,Sundries
34785,Insurance
34786,Sundries
34787,MEP Material
34788,Gypsum Works
34789,Erection
34790,Gypsum Works
34792,Softscape (Landscape)
34793,Interlock Work
34794,Interlock Work
34795,Reinforcement
34796,Shuttering Carpentry
34797,Tyres
34798,Sundries
34799,Gypsum Works
34800,Façade
34802,Shuttering Carpentry
34803,Structural Works
34804,Immigration Fees
34805,Refreshments
34806,Office Consumables 
34807,Sundries
34808,Office Expenses
34809,Pipes
34810,Sundries
34811,Material
34812,Signage
34813,Infrastructure 
34814,Consumables
34815,Consumables
34816,Consumables
34817,Consumables
34818,Insurance
34819,Office Expenses
34820,Electrician 
34821,Refreshments
34822,Refreshments
34823,Sundries
34824,Manpower
34825,Manpower
34826,Electrician 
34827,Manpower
34828,Water Supply
34829,Office Expenses
34830,Precast Concrete
34831,Precast Concrete
34832,Sundries
34833,Gypsum Works
34834,Pipes
34835,Tyres
34836,Gypsum Works
34837,Geotechnical Report
34838,Cement 
34839,
34840,Manpower
34841,Formwork
34842,
34843,Refreshments
34844,Gypsum Works
34845,Transformer
34846,Electrical
34847,Manpower
34848,Gypsum Works
34849,Gypsum Works
34850,Gypsum Works
34851,Precast Concrete
34852,Gypsum Works
34853,Office Expenses
34854,Swimming Pool 
34855,Metal Works
34856,Tyres
34857,Office Expenses
34858,Office Expenses
34859,Sundries
34860,Electrical
34861,Administrative Fees 
34862,Office Consumables 
34863,Office Consumables 
34864,Gypsum Works
34865,Insurance
34866,Cables & Wires
34867,Cables & Wires
34868,Backfilling
34869,Material
34870,Gypsum Works
34871,Precast Concrete
34872,Sundries
34873,Precast Concrete
34874,Precast Concrete
34875,Sundries
34876,Refreshments
34877,Charge
34878,Sundries
34879,Sundries
34880,Moziac
34881,Flooring
34882,MEP Material
34883,Rebar
34884,Gypsum Works
34885,Sundries
34886,Office Consumables 
34887,Office Expenses
34888,Sundries
34889,Rebar
34890,Rebar
34891,Precast Concrete
34892,Excavation
34893,Blinds
34894,Tyres
34895,Gypsum Works
34896,Sundries
34897,Tyres
34898,Gypsum Works
34899,MEP Material
34900,Gypsum Works
34901,Gypsum Works
34902,Office Expenses
34903,Electrical
34904,Epoxy
34905,Gypsum Works
34906,Gypsum Works
34907,Office Consumables 
34908,Gypsum Works
34909,Sundries
34910,MEP Material
34911,Tyres
34912,Gypsum Works
34913,Office Consumables 
34914,Backfilling
34915,Refreshments
34916,Transformer
34917,Gypsum Works
34918,Manpower
34919,Manpower
34920,MEP Material
34921,Manpower
34922,Sundries
34923,Pipes
34924,Block
34925,Gypsum Works
34926,Rebar
34927,Site Consumables 
34928,Insurance
34929,Refreshments
34930,Office Consumables 
34931,ELV 
34932,Insurance
34933,Refreshments
34934,Office Expenses
34935,Cement 
34936,Ironmongery
34937,Gypsum Works
34938,Material
34939,Gypsum Works
34940,Precast Concrete
34941,Sundries
34942,MEP Material
34943,Refreshments
34944,Office Expenses
34945,Sundries
34946,Shuttering Carpentry
34947,Tyres
34948,Sundries
34949,Sundries
34950,Insurance
34951,Electrical
34953,Cables & Wires
34954,Office Consumables 
34955,Gypsum Works
34956,Office Expenses
34957,Manpower
34958,Sundries
34959,Site Consumables 
34960,Fees 
34961,Precast Concrete
34962,Ironmongery
34963,Ironmongery
34964,Swimming Pool 
34965,Blinds
34966,Elevator / Escalator / Conveyor Belt
34967,Tyres
34968,Tyres
34969,Geotechnical Report
34970,Manholes/Gratings
34971,Cables & Wires
34972,Manpower
34973,Pipes
34974,Manpower
34975,Tyres
34976,Tyres
34977,Erection
34978,Insurance
34979,Insurance
34980,Insurance
34981,Vehicle & Equipment
34982,Sundries
34983,Gypsum Works
34984,Gypsum Works
34985,Electrician 
34986,Office Consumables 
34987,Formwork
34988,Office Consumables 
34989,Office Expenses
34990,Sundries
34991,Office Expenses
34992,Precast Concrete
34993,Fees 
34994,
34995,Material
34996,Gypsum Works
34997,Sundries
34998,Ironmongery
34999,Office Expenses
35000,Refreshments
35001,Sundries
35002,Ironmongery
35003,Electrical
35004,Gypsum Works
35005,Immigration Fees
35006,Rebar
35007,Sundries
35008,Sundries
35009,Site Consumables 
35010,Gypsum Works
35011,Fees 
35012,Pipes
35013,Gypsum Works
35014,Ironmongery
35015,Precast Concrete
35016,Rebar
35017,Sundries
35018,Sundries
35019,Sundries
35020,Formwork
35021,Sundries
35022,Sundries
35023,Geotechnical Report
35024,Office Consumables 
35025,Office Consumables 
35026,MEP
35027,Office Expenses
35028,Signage
35029,Formwork
35030,Sundries
35031,Gypsum Works
35032,Gypsum Works
35033,Electrician 
35034,Manpower
35035,Gypsum Works
35036,Sundries
35037,Signage
35038,Electrician 
35039,Office Expenses
35040,Refreshments
35041,Watchman
35042,Refreshments
35043,Gypsum Works
35044,Precast Concrete
35045,Sundries
35046,Manpower
35047,Precast Concrete
35048,Gypsum Works
35049,Gypsum Works
35050,Gypsum Works
35051,Office Consumables 
35052,Sundries
35053,Insurance
35054,Tyres
35055,Gypsum Works
35056,Office Consumables 
35057,Manpower
35058,Office Expenses
35059,Manpower
35060,MEP Material
35061,Cement 
35062,Office Consumables 
35063,Pipes
35064,Immigration Fees
35065,Material
35066,Signage
35067,Geotechnical Report
35068,MEP Material
35069,Gypsum Works
35070,Sundries
35071,Precast Concrete
35072,Sundries
35073,Gypsum Works
35074,Miscellaneous
35075,Electrical
35076,Immigration Fees
35077,Refreshments
35078,Formwork
35079,Gypsum Works
35080,Gypsum Works
35081,Geotechnical Report
35082,Gypsum Works
35083,Gypsum Works
35084,Geotechnical Report
35085,Gypsum Works
35086,Office Expenses
35087,Office Consumables 
35088,Electrical
35092,Material
35093,MEP Material
35094,Insurance
35095,Sundries
35096,Sundries
35097,Insurance
35098,Precast Concrete
35099,Sundries
35100,Precast Concrete
35101,Rebar
35102,Gypsum Works
35103,Office Consumables 
35104,Gypsum Works
35105,Vehicle & Equipment
35106,Transformer
35107,Erection
35108,Façade
35109,Heaters
35110,MEP Material
35111,Sundries
35112,Manpower
35113,Office Expenses
35114,MEP Material
35115,MEP Material
35116,Gypsum Works
35117,Office Consumables 
35118,LPG
35119,MEP Material
35120,Manpower
35121,Insurance
35122,Draftsmen
35123,Insurance
35124,Draftsmen
35125,Plant
35126,Plant
35127,Tyres
35128,Draftsmen
35129,Unskilled Labour
35130,Draftsmen
35131,Draftsmen
35132,HSE
35133,Geotechnical Report
35134,Sundries
35135,Tyres
35136,Tyres
35137,Electrical
35138,Backfilling
35139,Tyres
35140,Gypsum Works
35141,Gypsum Works
35142,Cement 
35143,Gypsum Works
35144,Cement 
35145,Cement 
35146,Electrical
35147,Electrical
35148,Office Consumables 
35149,Sundries
35150,Backfilling
35151,Electrical
35152,Medical Fees 
35153,Gypsum Works
35154,Sundries
35155,Tyres
35156,Sundries
35157,Formwork
35158,Gypsum Works
35159,Gypsum Works
35160,Sundries
35161,Gypsum Works
35162,Electrical
35163,Rebar
35164,Ironmongery
35165,MEP Material
35166,Bank Charges
35167,Bank Charges
35168,Bank Charges
35169,Bank Charges
35170,Bank Charges
35171,Office Consumables 
35172,Immigration Fees
35173,Insurance
35174,Immigration Fees
35175,Immigration Fees
35176,Rebar
35177,Other Expenses
35178,Precast Concrete
35179,Gypsum Works
35180,Other Expenses
35181,Other Expenses
35182,Charge
35183,Other Expenses
35184,Cement 
35185,Façade
35186,Refreshments
35187,Sundries
35188,Manpower
35189,Refreshments
35190,Tyres
35191,Façade
35193,Coring Works
35194,Tyres
35195,Tyres
35196,Vehicle & Equipment
35197,Pipes
35198,Gypsum Works
35199,Ironmongery
35200,Cement 
35201,Fees 
35202,Gypsum Works
35203,Sundries
35204,Infrastructure 
35205,Sundries
35206,Sundries
35207,Refreshments
35208,Electrical
35209,Electrician 
35210,Office Expenses
35211,Office Consumables 
35212,Gypsum Work
35214,MEP Material
35215,Dewatering
35216,Manpower
35217,Material
35218,Material
35219,Formwork
35220,Electrical
35221,Coring Works
35222,Office Expenses
35223,Gypsum Works
35224,Site Consumables 
35225,Tyres
35226,Swimming Pool 
35227,Site Consumables 
35228,Bank Charges
35229,Cables & Wires
35230,Formwork
35231,Gypsum Works
35232,Gypsum Works
35233,Gypsum Works
35234,Block
35235,MEP Material
35236,Gypsum Works
35237,Block
35238,Ironmongery
35239,Site Consumables 
35240,Legal Fees 
35241,Refreshments
35242,Sundries
35243,Electrical
35244,Office Consumables 
35245,Manpower
35246,Manpower
35247,Fees 
35248,Manpower
35249,Block
35250,Sundries
35251,Sundries
35252,Swimming Pool 
35253,Gypsum Works
35254,Swimming Pool 
35255,Legal Fees 
35256,Office Consumables 
35257,Block
35258,Gypsum Works
35259,Gypsum Works
35260,Gypsum Works
35261,Fees 
35262,Precast Concrete
35263,Ironmongery
35264,Office Consumables 
35265,Tanks
35266,Tyres
35267,Tyres
35268,Geotechnical Report
35269,Gypsum Works
35270,MEP Material
35271,Sundries
35272,Site Consumables 
35273,Gypsum Works
35274,Manpower
35275,Swimming Pool 
35276,Formwork
35277,Transformer
35278,Dewatering
35279,Swimming Pool 
35280,Electrical
35281,Electrical
35282,Manpower
35283,Formwork
35284,Swimming Pool 
35285,Gypsum Works
35286,Gypsum Works
35287,Gypsum Works
35288,Charge
35289,Gypsum Works
35290,Ironmongery
35291,Ironmongery
35292,Precast Concrete
35293,Gypsum Works
35294,Precast Concrete
35295,Electrical
35296,Cables & Wires
35297,Moziac
35298,Fire Alarm
35299,Electrical
35300,Fire Alarm
35301,Office Consumables 
35302,Cement 
35303,Sundries
35304,Pipes
35305,Vehicle & Equipment
35306,Gypsum Works
35307,Fees 
35308,Fees 
35309,MEP Material
35310,Precast Concrete
35311,Office Consumables 
35312,Sundries
35313,Rebar
35314,Site Consumables 
35315,Block
35316,Formwork
35317,Signage
35318,Erection
35319,Moziac
35320,Charge
35321,Tyres
35322,Tyres
35323,Sundries
35324,Tyres
35325,Tanks
35326,Office Expenses
35327,Manpower
35328,Sundries
35329,Gypsum Works
35330,Site Consumables 
35331,Gypsum Works
35332,Manpower
35333,Swimming Pool 
35334,Gypsum Works
35335,Electrician 
35336,Tyres
35337,Insurance
35338,Vehicle Related Fees
35339,Formwork
35340,Swimming Pool 
35341,Precast Concrete
35342,Refreshments
35343,Insurance
35344,Refreshments
35345,Refreshments
35346,Refreshments
35347,Refreshments
35348,Refreshments
35349,Medical Fees 
35350,Ironmongery
35351,Office Consumables 
35352,Rebar
35353,Gypsum Works
35354,Site Consumables 
35355,Gypsum Works
35356,Sundries
35357,Material
35358,Pipes
35359,Electrical
35360,Moziac
35361,Electrician 
35362,Electrical
35363,Refreshments
35364,Tyres
35365,Sundries
35366,Medical Fees 
35367,MEP Material
35368,Electrician 
35369,Precast Concrete
35370,Manpower
35371,Office Consumables 
35372,Refreshments
35373,Immigration Fees
35374,Bank Charges
35375,Other Expenses
35376,Painting Work 
35377,Structural Works
35378,Shuttering Carpentry
35379,Shuttering Carpentry
35380,Structural Works
35381,Reinforcement
35382,Interlock Work
35383,Cluster Block Work
35384,Transformer
35385,Shuttering Carpentry
35386,Precast Concrete
35387,Electrical
35388,Sundries
35389,Office Consumables 
35390,Manpower
35391,Electrician 
35392,Site Consumables 
35393,Block
35394,MEP Material
35395,Sundries
35396,Structural Works
35397,Precast Concrete
35398,Sundries
35399,Site Consumables 
35400,Painting Work 
35401,Sundries
35402,Manpower
35403,Office Consumables 
35404,Medical Fees 
35405,Refreshments
35406,Precast Concrete
35407,Fees 
35408,Precast Concrete
35409,MEP Material
35410,Pipes
35411,Office Expenses
35412,Pipes
35413,Tyres
35414,Tyres
35415,Tyres
35416,Insurance
35417,Joinery
35418,Office Consumables 
35419,Precast Concrete
35420,Sundries
35421,Gypsum Works
35422,Site Consumables 
35423,MEP Material
35424,Precast Concrete
35425,Gypsum Works
35426,Ironmongery
35427,Ironmongery
35428,Office Expenses
35429,Water Supply
35430,MEP Material
35431,Sundries
35432,Sundries
35433,Sundries
35434,Insurance
35435,Painting Work 
35436,Painting Work 
35437,Immigration Fees
35438,Office Consumables 
35439,Office Expenses
35440,Manpower
35441,Gypsum Works
35442,Block Work
35443,Plaster Work
35444,Interlock Work
35445,Reinforcement
35446,Tyres
35447,Incentives
35448,Immigration Fees
35449,Incentives
35450,Electrical
35451,Office Consumables 
35452,Signage
35453,Manpower
35454,Block
35455,Gypsum Works
35456,Precast Concrete
35457,Block
35458,Sundries
35459,Cement 
35460,Gypsum Works
35461,Precast Concrete
35462,Gypsum Works
35463,Gypsum Works
35464,Site Consumables 
35465,Geotechnical Report
35466,Insurance
35467,Gypsum Works
35468,Erection
35469,Ironmongery
35470,Tyres
35471,Insurance
35472,Sundries
35473,Gypsum Works
35474,Gypsum Works
35475,Gypsum Works
35476,Precast Concrete
35477,Material
35478,Gypsum Works
35479,Office Expenses
35480,Insurance
35481,Electrical
35482,Electrical
35483,Electrical
35484,MEP Material
35485,Rebar
35486,Manpower
35487,MEP Material
35488,Pipes
35489,Electrician 
35490,Administrative Fees 
35491,Pipes
35492,Gypsum Works
35493,Sundries
35494,Precast Concrete
35495,Ironmongery
35496,Sundries
35497,Manpower
35498,Gypsum Works
35499,Sundries
35500,ELV 
35501,Office Expenses
35502,Consumables
35503,Consumables
35504,Consumables
35505,Consumables
35506,Sundries
35507,Electrical
35508,Electrical
35509,Electrical
35510,Sundries
35511,Sundries
35512,Electrician 
35513,Office Expenses
35514,Manpower
35515,Tyres
35516,MEP Material
35517,Gypsum Works
35518,Sundries
35519,Rebar
35520,Gypsum Works
35521,Block
35522,Sundries
35523,Formwork
35524,Precast Concrete
35525,Precast Concrete
35526,Gypsum Works
35527,Gypsum Works
35528,Ironmongery
35529,Sundries
35530,Office Consumables 
35531,Bank Charges
35532,Tyres
35533,Tyres
35534,Tyres
35535,Office Consumables 
35536,Geotechnical Report
35537,Site Consumables 
35538,Office Consumables 
35539,Office Consumables 
35540,Heaters
35541,Block
35542,Sundries
35543,Ironmongery
35544,Sundries
35545,Pipes
35546,Water Supply
35547,Fees 
35548,Transformer
35549,Immigration Fees
35550,Sundries
35551,Gypsum Works
35552,Fees 
35553,Ironmongery
35554,Sundries
35555,Geotechnical Report
35556,Tyres
35557,Immigration Fees
35558,
35559,Electrical
35560,Electrical
35561,Sundries
35562,Refreshments
35563,Refreshments
35564,Refreshments
35565,Refreshments
35566,Refreshments
35567,Drainage 
35568,Refreshments
35569,Refreshments
35570,Office Consumables 
35571,Fees 
35572,Sundries
35573,Immigration Fees
35574,Sundries
35575,Block
35576,Sundries
35577,Sundries
35578,Sundries
35579,Electrical
35580,Charge
35581,Immigration Fees
35582,Gypsum Works
35583,Vehicle & Equipment
35584,Plant
35585,Gypsum Works
35586,Ironmongery
35587,Office Consumables 
35588,Refreshments
35589,Insurance Fees 
35590,Office Consumables 
35591,Pipes
35592,Pipes
35593,Gypsum Works
35594,Gypsum Works
35595,Formwork
35596,MEP Material
35597,Gypsum Works
35598,Precast Concrete
35599,Gypsum Works
35600,Precast Concrete
35601,Block
35602,Gypsum Works
35603,Formwork
35604,Fire Fighting
35605,Refreshments
35607,Tyres
35608,Sundries
35609,Tyres
35610,Refreshments
35611,Infrastructure 
35612,Infrastructure 
35613,Tyres
35614,Backfilling
35615,Insurance
35616,Heaters
35617,Office Expenses
35618,Gypsum Works
35619,Electrical
35620,Electrical
35621,Manpower
35622,Sundries
35623,Sundries
35624,Rebar
35625,Electrical
35626,Transformer
35627,Electrical
35628,Backfilling
35629,Medical Fees 
35630,Electrical
35631,Tanks
35632,Draftsmen
35633,Draftsmen
35634,Gypsum Works
35635,Gypsum Works
35636,MEP Material
35637,Gypsum Works
35638,Ironmongery
35639,Material
35640,Sundries
35641,Immigration Fees
35642,Electrician 
35643,Draftsmen
35644,Sundries
35645,Gypsum Works
35646,Unskilled Labour
35647,HSE
35648,Tyres
35649,Gypsum Works
35650,Unskilled Labour
35651,Tyres
35652,Tyres
35653,Infrastructure 
35654,Sundries
35655,Sundries
35656,Refreshments
35657,Precast Concrete
35658,Manpower
35659,Manpower
35660,Gypsum Works
35661,Electrical
35662,Electrical
35663,Office Consumables 
35664,Material
35665,Gypsum Works
35666,Gypsum Works
35667,Gypsum Works
35668,Office Expenses
35669,Other Expenses
35670,Tyres
35671,Insurance
35672,Sundries
35673,Other Expenses
35674,Electrician 
35675,Immigration Fees
35676,Manpower
35677,Cables & Wires
35678,Precast Concrete
35679,Electrical
35680,Other Expenses
35681,Other Expenses
35682,Other Expenses
35683,Other Expenses
35684,Office Consumables 
35685,Sundries
35686,Fees 
35687,Rebar
35688,Gypsum Works
35689,Precast Concrete
35690,
35691,Fees 
35692,MEP Material
35693,Insurance
35694,Rebar
35695,Gypsum Works
35696,Sundries
35698,Electrician 
35699,
35700,Legal Fees 
35701,Coring Works
35702,Erection
35703,Insurance
35704,Insurance
35705,Plant
35706,Plant
35707,Office Consumables 
35708,Electrical
35709,
35710,Sundries
35711,Rebar
35712,Manpower
35713,Precast Concrete
35714,Gypsum Works
35715,Pipes
35716,Ironmongery
35717,Office Expenses
35718,Administrative Fees 
35719,Immigration Fees
35720,Sundries
35721,Geotechnical Report
35722,Ironmongery
35723,Sundries
35724,Tyres
35725,Electrician 
35726,Sundries
35727,Tyres
35728,Office Expenses
35729,Precast Concrete
35730,Sundries
35731,Precast Concrete
35732,Pipes
35733,Office Expenses
35734,Precast Concrete
35735,Sundries
35736,Site Consumables 
35737,Office Expenses
35738,Plumbing
35739,Charge
35740,Office Consumables 
35741,Cables & Wires
35742,Electrical
35743,Blinds
35744,Epoxy
35745,Sundries
35746,MEP Material
35747,MEP Material
35748,Gypsum Works
35749,MEP Material
35750,Material
35751,Electrical
35752,Material
35753,Block
35754,Precast Concrete
35755,Gypsum Works
35756,Fees 
35757,Electrical
35758,Refreshments
35759,Backfilling
35760,Gypsum 
35761,Gypsum 
35762,Gypsum 
35763,Immigration Fees
35764,Immigration Fees
35765,Immigration Fees
35766,Miscellaneous
35767,Immigration Fees
35768,Miscellaneous
35769,Immigration Fees
35770,Immigration Fees
35771,Transformer
35772,Electrical
35773,Electrical
35774,Tanks
35775,Gypsum Works
35776,Office Consumables 
35777,Site Consumables 
35778,Electrician 
35779,Gypsum Works
35780,Refreshments
35781,Coring Works
35782,Signage
35783,Tyres
35784,Tyres
35785,Tyres
35786,Tyres
35787,Tyres
35788,Electrician 
35789,Ironmongery
35790,Gypsum Works
35791,Formwork
35792,Fees 
35793,MEP Material
35794,Tyres
35795,Administrative Fees 
35796,Manpower
35797,Electrician 
35798,Refreshments
35799,Office Expenses
35800,Vehicle & Equipment
35801,Vehicle & Equipment
35802,Manpower
35803,Tyres
35804,Insurance
35805,Refreshments
35806,Office Consumables 
35807,Material
35808,Material
35809,Pipes
35810,Office Expenses
35811,Sundries
35812,Sundries
35813,Manpower
35814,MEP Material
35815,Sundries
35816,Sundries
35817,Gypsum Works
35818,Insurance
35819,Sundries
35820,Insurance
35821,Insurance
35822,Refreshments
35823,Electrician 
35824,Tyres
35825,Administrative Fees 
35826,Rebar
35827,Precast Concrete
35828,Gypsum Works
35829,Sundries
35830,Gypsum Works
35831,Gypsum Works
35832,Gypsum Works
35833,Precast Concrete
35834,MEP Material
35835,Ironmongery
35836,Refreshments
35837,Miscellaneous
35838,Miscellaneous
35839,Immigration Fees
35840,Bank Charges
35841,Bank Charges
35842,Immigration Fees
35843,Immigration Fees
35844,Immigration Fees
35845,Electrical
35846,Electrical
35847,Electrical
35848,Sundries
35849,Office Consumables 
35850,Refreshments
35851,Gypsum Works
35852,Sundries
35853,Rebar
35854,Gypsum Works
35855,Sundries
35856,Gypsum Works
35857,Precast Concrete
35858,Electrical Works
35859,Gypsum 
35860,Electrical
35861,Swimming Pool 
35862,Tyres
35863,Electrical
35864,Blinds
35865,Signage
35866,Consumables
35867,Consumables
35868,Consumables
35869,Consumables
35870,Manholes/Gratings
35871,Sundries
35872,Immigration Fees
35873,Immigration Fees
35874,MEP Material
35875,Site Related Fees
35876,Structural Works
35877,Sundries
35878,Swimming Pool 
35879,Shuttering Carpentry
35880,Pipes
35881,Concrete 
35882,Electrician 
35883,Transformer
35884,Shuttering Carpentry
35885,MEP Material
35886,Gypsum Works
35887,Gypsum Works
35888,Manpower
35889,Precast Concrete
35890,Manpower
35891,Office Expenses
35892,Sundries
35893,Tyres
35894,MEP Material
35895,Vehicle & Equipment
35896,Geotechnical Report
35897,Geotechnical Report
35898,Miscellaneous
35899,Draftsmen
35900,Refreshments
35901,Refreshments
35902,Sundries
35903,Sundries
35904,Refreshments
35905,Manpower
35906,Concrete 
35907,MEP Material
35908,MEP Material
35909,Rebar
35910,Office Consumables 
35911,Unskilled Labour
35912,Tanks
35913,Fees 
35914,Sundries
35915,Gypsum Works
35916,MEP Material
35917,Gypsum Works
35918,Gypsum Works
35919,Insurance
35920,Sundries
35921,MEP Material
35922,Manholes/Gratings
35923,Gypsum Works
35924,Gypsum Works
35925,Manpower
35926,Precast Concrete
35927,Sundries
35928,Gypsum Works
35929,Office Consumables 
35930,Miscellaneous
35931,Tyres
35932,Sundries
35933,MEP Material
35934,Geotechnical Report
35935,Sundries
35936,Fuel Tank Works
35937,Softscape (Landscape)
35938,Ironmongery
35939,Pipes
35940,Material
35941,Pipes
35942,Rebar
35943,MEP Material
35944,Precast Concrete
35945,Rebar
35946,Sundries
35947,Sundries
35948,Refreshments
35949,Refreshments
35950,Refreshments
35951,Refreshments
35952,Refreshments
35953,Refreshments
35954,Refreshments
35955,Ironmongery
35956,Concrete 
35957,Electrical
35958,Tanks
35959,Gypsum Works
35960,Gypsum Works
35961,Precast Concrete
35962,Sundries
35963,Sundries
35964,Gypsum Works
35965,Immigration Fees
35966,Medical Fees 
35967,Elevator / Escalator / Conveyor Belt
35968,Electrical
35969,Office Expenses
35970,Insurance
35971,Electrical
35972,Material
35973,Fees 
35974,Gypsum Works
35975,MEP Material
35976,Cement 
35977,Rebar
35978,Gypsum Works
35979,Electrician 
35980,MEP Material
35981,Office Expenses
35982,Gypsum Works
35983,Refreshments
35984,Insurance
35985,Electrician 
35986,Insurance
35987,MEP Material
35988,Tyres
35989,Tyres
35990,Office Consumables 
35991,Geotechnical Report
35992,Gypsum Works
35993,Gypsum Works
35994,Gypsum Works
35995,Sundries
35996,Refreshments
35997,Draftsmen
35998,Sundries
35999,Consulting Fees 
36000,Administrative Fees 
36001,Administrative Fees 
36002,Immigration Fees
36003,Immigration Fees
36004,Immigration Fees
36005,Immigration Fees
36006,Immigration Fees
36007,Immigration Fees
36008,Geotechnical Report
36009,Sundries
36010,Coring Works
36011,Sundries
36012,Gypsum Works
36013,Office Consumables 
36014,Sundries
36015,Gypsum Works
36016,Precast Concrete
36017,Sundries
36018,Charge
36019,Sundries
36020,Refreshments
36021,Tyres
36022,Tyres
36023,Refreshments
36024,Electrical
36025,Electrical
36026,Refreshments
36027,Rebar
36028,Rebar
36029,Gypsum Works
36030,Manpower
36031,Fees 
36032,Gypsum Works
36033,Block
36034,Rebar
36035,Electrical
36036,Gypsum Works
36037,Insurance
36038,Insurance
36039,Unskilled Labour
36040,HSE
36041,Draftsmen
36042,Draftsmen
36043,Draftsmen
36044,Site Consumables 
36045,Insurance
36046,Gypsum Works
36047,Rebar
36048,Gypsum Works
36049,Ironmongery
36050,MEP Material
36051,Gypsum Works
36052,Precast Concrete
36053,Tyres
36054,Infrastructure 
36055,Cement 
36056,Sundries
36057,Geotechnical Report
36058,Electrical
36059,Transformer
36060,Electrical
36061,Electrical
36062,Transformer
36063,Swimming Pool 
36064,
36065,Sundries
36066,Ironmongery
36067,Sundries
36068,Precast Concrete
36069,Gypsum Works
36070,MEP Material
36071,Transformer
36072,Transformer
36073,Precast Concrete
36074,Gypsum Works
36075,Tyres
36076,Vehicle & Equipment
36077,Tyres
36078,Sundries
36079,Infrastructure 
36080,Refreshments
36081,Medical Fees 
36082,Immigration Fees
36083,MEP
36084,Office Expenses
36085,Office Consumables 
36086,Office Expenses
36087,Cement 
36088,Manpower
36089,Ironmongery
36090,MEP Material
36091,Gypsum Works
36092,Gypsum Works
36093,Manpower
36094,Immigration Fees
36095,Rebar
36096,Other Expenses
36097,Other Expenses
36098,Other Expenses
36099,Other Expenses
36100,Unskilled Labour
36101,Unskilled Labour
36102,Tyres
36103,Bank Charges
36104,Refreshments
36105,Insurance
36106,Plant
36107,Backfilling
36108,Gypsum Works
36109,Office Expenses
36110,Sundries
36111,Gypsum Works
36112,Gypsum Works
36113,Pipes
36114,Sundries
36115,Fire Alarm
36116,Office Expenses
36117,Administrative Fees 
36118,Bank Charges
36119,Bank Charges
36120,Bank Charges
36121,Immigration Fees
36122,Immigration Fees
36123,Immigration Fees
36124,Electrical Works
36125,Site Consumables 
36126,Site Related Fees
36127,
36128,Electrical
36129,Immigration Fees
36130,Manpower
36132,Precast Concrete
36133,Sundries
36134,Office Expenses
36135,Precast Concrete
36136,Precast Concrete
36137,Concrete 
36138,Office Consumables 
36139,Sundries
36140,Sundries
36141,Sundries
36142,Sundries
36143,Dewatering
36144,Cables & Wires
36145,Rebar
36146,Fees 
36147,Block
36148,Gypsum Works
36149,Block
36150,Cement 
36151,Sundries
36152,Manpower
36153,Water Supply
36154,Swimming Pool 
36155,Electrical
36156,Sundries
36157,Fire Alarm
36158,Backfilling
36159,Moziac
36160,Electrical
36161,Sundries
36162,Gypsum Works
36163,Gypsum Works
36164,Sundries
36165,Electrical
36166,Manpower
36167,Administrative Fees 
36168,Tyres
36169,Electrical
36170,Ceramic & Porcelain
36171,Office Expenses
36172,Electrician 
36173,Dewatering
36174,Office Consumables 
36175,Transformer
36176,Pipes
36177,Sundries
36178,Pipes
36179,Gypsum Works
36180,Precast Concrete
36181,Legal Fees 
36182,Ironmongery
36183,Office Consumables 
36184,Sundries
36185,MEP Material
36186,MEP Material
36187,Fees 
36188,Structural Works
36189,Structural Works
36190,Structural Works
36191,Reinforcement
36192,Shuttering Carpentry
36193,Sundries
36194,Gypsum Works
36195,Reinforcement
36196,Sundries
36197,Office Expenses
36198,Manpower
36199,Gypsum Works
36200,Gypsum Works
36201,Electrician 
36202,LPG
36203,Refreshments
36204,Office Expenses
36205,Office Expenses
36206,Electrical
36207,Office Consumables 
36208,Pipes
36209,Office Expenses
36210,Gypsum Works
36211,MEP Material
36212,Manholes/Gratings
36213,Manpower
36214,Swimming Pool 
36215,Shuttering Carpentry
36216,Shuttering Carpentry
36217,Tyres
36218,Structural Works
36219,Structural Works
36220,Fees 
36221,Reinforcement
36222,Painting Work 
36223,Tyres
36224,Painting Work 
36225,Block Work
36226,Block Work
36227,Block Work
36228,Plaster Work
36229,MEP
36230,Flooring
36231,Flooring
36232,Electrical
36233,Electrical
36234,Material
36235,Fees 
36236,Electrician 
36237,Water Supply
36238,Office Consumables 
36239,Office Expenses
36240,Material
36241,Transformer
36242,Gypsum Works
36243,Gypsum Works
36244,Refreshments
36245,Refreshments
36246,Charge
36247,Sundries
36248,Pipes
36249,Precast Concrete
36250,Formwork
36251,Manpower
36252,Sundries
36253,Block
36254,Precast Concrete
36255,Gypsum Works
36256,Ironmongery
36257,Site Consumables 
36258,Sundries
36259,Water Supply
36260,Refreshments
36261,Tyres
36262,Miscellaneous
36263,Administrative Fees 
36264,Electrical
36265,Office Consumables 
36266,Dewatering
36267,Consulting Fees 
36268,Material
36269,Sundries
36270,MEP Material
36271,Rebar
36272,Formwork
36273,MEP
36276,Ironmongery
36277,Ironmongery
36278,Sundries
36279,Electrical
36280,Insurance
36281,Tyres
36282,Transformer
36283,Office Consumables 
36284,Ironmongery
36285,Sundries
36286,Sundries
36287,Precast Concrete
36288,Gypsum Works
36289,Fees 
36290,Manpower
36291,Gypsum Works
36292,Gypsum Works
36293,Electrical
36294,Insurance
36295,Refreshments
36296,Administrative Fees 
36297,Gypsum Works
36298,Gypsum Works
36299,Refreshments
36300,Gypsum Works
36301,Manholes/Gratings
36302,Pipes
36303,MEP Material
36304,Ironmongery
36305,Rebar
36306,Sundries
36307,Gypsum Works
36308,Refreshments
36309,Insurance
36310,Plant
36311,Insurance
36312,Medical Fees 
36313,Sundries
36314,Electrical
36315,Electrical
36316,Office Consumables 
36317,Gypsum Works
36318,Electrical
36319,Formwork
36320,Sundries
36321,Gypsum Works
36322,Sundries
36323,Electrical
36324,MEP Material
36325,Ironmongery
36326,Sundries
36327,Material
36328,Fees 
36329,Gypsum Works
36330,Immigration Fees
36331,Refreshments
36332,Refreshments
36333,Draftsmen
36334,Geotechnical Report
36335,Geotechnical Report
36336,Bank Charges
36337,Pipes
36338,MEP Material
36339,Charge
36340,Electrical
36341,Office Expenses
36342,Block
36343,Precast Concrete
36344,Sundries
36345,Gypsum Works
36346,Office Consumables 
36347,Electrical
36348,Insurance
36349,MEP
36350,Gypsum Works
36351,Gypsum Works
36352,Manholes/Gratings
36353,Office Expenses
36354,Office Expenses
36355,Gypsum Works
36356,Precast Concrete
36357,Sundries
36358,MEP Material
36359,Precast Concrete
36360,Gypsum Works
36361,Swimming Pool 
36362,Gypsum Works
36363,Transformer
36364,Gypsum Works
36365,MEP Material
36366,Office Consumables 
36367,Office Expenses
36368,Manpower
36369,Refreshments
36370,Electrical
36371,Gypsum Works
36372,Gypsum Works
36373,Gypsum Works
36374,Fire Alarm
36375,Concrete 
36376,Tyres
36377,Office Expenses
36378,Manpower
36379,Gypsum Works
36380,Office Expenses
36381,Sundries
36382,Gypsum Works
36383,Gypsum Works
36384,Gypsum Works
36385,Manholes/Gratings
36386,Bank Charges
36387,MEP Material
36388,Tyres
36389,Bank Charges
36390,Charge
36391,Erection
36392,Legal Fees 
36393,Fees 
36394,Gypsum Works
36395,Office Expenses
36396,Ironmongery
36397,Rebar
36398,Electrical
36399,Electrical
36400,Sundries
36401,Sundries
36402,Sundries
36403,Tanks
36404,Electrical
36405,Electrical
36406,Electrical
36407,Office Consumables 
36408,Pipes
36409,Ironmongery
36410,Gypsum Works
36411,Gypsum Works
36412,Office Expenses
36413,MEP Material
36414,Electrician 
36415,MEP Material
36416,Gypsum Works
36417,Fees 
36418,Ironmongery
36419,Sundries
36420,Fees 
36421,Legal Fees 
36422,Office Expenses
36423,Sundries
36424,Refreshments
36425,Refreshments
36426,Refreshments
36427,Refreshments
36428,Refreshments
36429,Refreshments
36430,Refreshments
36431,Electrical Works
36432,Electrical
36433,Precast Concrete
36434,Office Expenses
36435,Gypsum Works
36436,Refreshments
36437,Immigration Fees
36438,Medical Fees 
36439,Immigration Fees
36440,Immigration Fees
36441,Immigration Fees
36442,Administrative Fees 
36443,Medical Fees 
36444,Immigration Fees
36445,Immigration Fees
36446,Immigration Fees
36447,Signage
36448,Geotechnical Report
36449,Geotechnical Report
36450,Geotechnical Report
36451,Geotechnical Report
36452,Gypsum Works
36453,Insurance
36454,Electrical Works
36455,Ironmongery
36456,Rebar
36457,Fees 
36458,Electrical
36459,Electrical
36460,Electrical
36461,Tyres
36462,Drainage 
36463,Refreshments
36464,Tyres
36465,Electrician 
36466,Tyres
36467,Pipes
36468,Pipes
36469,Office Consumables 
36470,Tyres
36471,Gypsum Works
36472,Sundries
36473,Office Consumables 
36474,Precast Concrete
36475,Manpower
36476,Water Supply
36477,Electrical
36478,Coring Works
36479,MEP
36480,Refreshments
36481,Cement 
36482,Vehicle Related Fees
36483,Refreshments
36484,Gypsum Works
36485,Fees 
36486,Tyres
36487,Pipes
36488,Gypsum Works
36489,Cement 
36490,Manpower
36491,Manpower
36492,Pipes
36493,Gypsum Works
36494,Gypsum Works
36495,Ironmongery
36496,Gypsum Works
36497,Gypsum Works
36498,Fees 
36499,Gypsum Works
36500,Formwork
36501,Sundries
36502,Infrastructure 
36503,Electrical
36504,Electrical
36505,Cables & Wires
36506,Cables & Wires
36507,Manholes/Gratings
36508,Swimming Pool 
36509,Sundries
36510,Sundries
36511,Swimming Pool 
36512,Electrical
36513,Swimming Pool 
36514,Office Consumables 
36515,Office Expenses
36516,Gypsum Works
36517,Sundries
36518,Cement 
36519,MEP Material
36520,Material
36521,Gypsum Works
36522,Draftsmen
36523,Gypsum Works
36524,Gypsum Works
36525,Draftsmen
36526,Draftsmen
36527,Infrastructure 
36528,Legal Fees 
36529,Fees 
36530,Unskilled Labour
36531,Refreshments
36532,Refreshments
36533,Draftsmen
36534,Draftsmen
36535,Draftsmen
36536,Draftsmen
36537,Manpower
36538,Electrician 
36539,Refreshments
36540,Fees 
36541,Fees 
36542,Ironmongery
36543,Manpower
36544,Office Expenses
36545,Pipes
36546,Gypsum Works
36547,Precast Concrete
36548,Precast Concrete
36549,Manpower
36550,Sundries
36551,Electrical
36552,Ironmongery
36553,Electrical
36554,Gypsum Works
36555,Legal Fees 
36556,Legal Fees 
36557,Sundries
36558,Vehicle & Equipment
36559,Sundries
36560,Tyres
36561,Office Expenses
36562,Office Consumables 
36563,Gypsum Works
36564,Gypsum Works
36565,Sundries
36566,Sundries
36567,MEP Material
36568,Vehicle Related Fees
36569,Vehicle Related Fees
36570,Gypsum Works
36571,Gypsum Works
36572,Insurance
36573,Precast Concrete
36574,Insurance
36575,Electrical Purchaser
36576,Other Expenses
36577,Sundries
36578,Other Expenses
36579,Sundries
36580,Sundries
36581,Other Expenses
36582,Administrative Fees 
36583,Other Expenses
36584,Insurance
36585,Gypsum Works
36586,MEP Material
36587,MEP Material
36588,Electrical
36589,Bank Charges
36590,Electrical
36591,Electrician 
36592,Medical Fees 
36593,Electrical
36594,Gypsum Works
36595,Precast Concrete
36596,Tyres
36597,Gypsum Works
36598,Sundries
36599,Tanks
36600,Gypsum Works
36601,Precast Concrete
36602,Cement 
36603,Manholes/Gratings
36604,Sundries
36605,Bank Charges
36606,Immigration Fees
36607,Immigration Fees
36608,Manpower
36609,Block
36610,Sundries
36611,Cables & Wires
36612,Gypsum Works
36613,Gypsum Works
36614,Ironmongery
36615,Precast Concrete
36616,Gypsum Works
36617,Block
36618,Gypsum Works
36619,Cement 
36620,PEB
36621,Dewatering
36622,Concrete 
36623,Concrete 
36624,Office Consumables 
36625,Sundries
36626,Gypsum Works
36627,MEP
36628,Pipes
36629,Electrical
36630,Electrical
36631,Sundries
36632,Sundries
36633,Geotechnical Report
36634,Tyres
36635,Tyres
36636,Gypsum Works
36637,Office Consumables 
36639,Swimming Pool 
36640,Gypsum Works
36641,Legal Fees 
36642,Gypsum Works
36643,Gypsum Works
36644,Rebar
36645,Site Consumables 
36646,Gypsum Works
36647,Gypsum Works
36648,Gypsum Works
36649,Swimming Pool 
36650,Swimming Pool 
36651,Tyres
36652,Sundries
36653,Meters
36654,Office Consumables 
36655,Gypsum Works
36656,Gypsum Works
36657,Concrete 
36658,Fees 
36659,Manpower
36660,Precast Concrete
36661,Rebar
36662,Fees 
36663,Electrical
36664,Manpower
36665,Ironmongery
36666,Unskilled Labour
36667,Sundries
36668,Water Supply
36669,MEP Material
36670,Vehicle & Equipment
36671,Sundries
36672,Tyres
36673,Tyres
36674,Heaters
36675,Material
36676,Rebar
36677,Pipes
36678,Gypsum Works
36679,Manpower
36680,Sundries
36681,Electrical
36682,Sundries
36683,Fees 
36684,Tyres
36685,Pipes
36686,Electrical
36687,Electrical
36688,Pipes
36689,Gypsum Works
36690,Material
36691,Ironmongery
36692,Gypsum Works
36693,Office Expenses
36694,Office Consumables 
36695,Sundries
36696,Swimming Pool 
36697,Gypsum Works
36698,Electrical
36699,Gypsum Works
36700,Sundries
36701,Gypsum Works
36702,Water Supply
36703,Electrical
36704,Precast Concrete
36705,Material
36706,Gypsum Works
36707,MEP
36708,Miscellaneous
36709,Electrical
36710,Backfilling
36711,Electrical
36712,Electrician 
36713,Moziac
36714,Precast Concrete
36715,Tyres
36716,Softscape (Landscape)
36717,Softscape (Landscape)
36718,Gypsum Works
36719,Gypsum Works
36720,Gypsum Works
36721,Rebar
36722,Fees 
36723,Site Consumables 
36724,Gypsum Works
36725,Gypsum Works
36726,Pipes
36727,Legal Fees 
36728,Excavation
36729,MEP Material
36730,Pipes
36731,Office Consumables 
36732,Precast Concrete
36733,Office Expenses
36734,Ironmongery
36735,Ironmongery
36736,Sundries
36737,Electrical
36738,Fees 
36739,Manpower
36740,Gypsum Works
36741,Electrician 
36742,Office Consumables 
36743,Insurance Fees 
36744,Fees 
36745,Gypsum Works
36746,Sundries
36747,Ironmongery
36748,Miscellaneous
36749,Miscellaneous
36751,Tyres
36752,Geotechnical Report
36753,Geotechnical Report
36754,Electrical
36755,Electrical
36756,Geotechnical Report
36757,Sundries
36758,Sundries
36759,Tyres
36760,Electrical
36761,Sundries
36762,
36763,Façade
36764,Sundries
36765,Manpower
36766,Fees 
36767,Manpower
36768,Fees 
36769,Refreshments
36770,Consulting Fees 
36771,Charge
36772,Fire Alarm
36773,Fire Alarm
36774,Precast Concrete
36775,Sundries
36776,Gypsum Works
36777,Sundries
36778,Gypsum Works
36779,Ironmongery
36780,Electrical
36781,Sundries
36783,Tyres
36784,Miscellaneous
36785,Office Expenses
36786,Sundries
36787,Rebar
36788,Refreshments
36789,Sundries
36790,Ironmongery
36791,Gypsum Works
36792,Sundries
36793,Tanks
36794,Swimming Pool 
36795,Precast Concrete
36796,Gypsum Works
36797,Ironmongery
36798,Sundries
36799,MEP
36800,Insurance
36801,
36802,
36803,Sundries
36804,Moziac
36805,Elevator / Escalator / Conveyor Belt
36806,Formwork
36807,Gypsum Works
36808,Sundries
36809,Material
36810,Shuttering Carpentry
36811,Sundries
36812,Sundries
36813,Sundries
36814,Ironmongery
36815,Electrical
36816,Material
36817,Gypsum Works
36818,Insurance
36819,Site Consumables 
36820,Gypsum Works
36821,Roadworks
36822,Refreshments
36823,Façade
36824,Swimming Pool 
36825,Office Consumables 
36826,Ironmongery
36827,Precast Concrete
36828,Fees 
36829,Electrical
36830,Manpower
36831,MEP Material
36832,Electrical
36833,Electrical
36834,Insurance
36835,Insurance
36836,Insurance
36837,Insurance
36838,Material
36839,Pipes
36840,Electrical
36841,Electrical
36842,Manpower
36843,Manpower
36844,Formwork
36845,Rebar
36846,Gypsum Works
36847,Gypsum Works
36848,Electrician 
36849,Sundries
36850,Rebar
36851,Sundries
36852,Pipes
36853,Sundries
36854,Gypsum Works
36855,Material
36856,Tyres
36857,Precast Concrete
36858,Electrician 
36859,Electrical
36860,MEP Material
36861,Gypsum Works
36862,Gypsum Works
36863,MEP Material
36864,
36865,Geotechnical Report
36866,Geotechnical Report
36867,Geotechnical Report
36868,Sundries
36869,Tyres
36870,Tanks
36871,Electrical
36872,Office Consumables 
36873,Formwork
36874,Pipes
36875,Elevator / Escalator / Conveyor Belt
36876,Office Expenses
36877,Manpower
36878,Immigration Fees
36879,Medical Fees 
36880,Tyres
36881,Electrical
36882,Precast Concrete
36883,Signage
36884,Furniture
36885,Gypsum Works
36886,Gypsum Works
36887,Ironmongery
36888,Precast Concrete
36889,Manpower
36890,Pipes
36891,Gypsum Works
36892,Gypsum Works
36893,Fees 
36894,Plant
36895,Tyres
36896,Plant
36897,Refreshments
36898,Insurance
36899,Vehicle Related Fees
36900,Refreshments
36901,Refreshments
36902,Geotechnical Report
36903,Refreshments
36904,Refreshments
36905,Refreshments
36906,Refreshments
36907,Refreshments
36908,Refreshments
36909,Office Expenses
36910,Rebar
36911,Ironmongery
36912,Gypsum Works
36913,Refreshments
36914,Gypsum Works
36915,Moziac
36916,Electrician 
36917,Legal Fees 
36918,Bank Charges
36919,Refreshments
36920,Refreshments
36921,Refreshments
36922,Draftsmen
36923,Fire Fighting
36924,Fire Fighting
36925,Fire Fighting
36926,Fire Fighting
36927,Fees 
36928,Coring Works
36929,Draftsmen
36930,MEP Material
36931,Office Expenses
36932,Sundries
36933,Office Consumables 
36934,Electrician 
36935,Electrical
36936,Rebar
36937,Formwork
36938,Shuttering Carpentry
36939,Sundries
36940,Sundries
36941,Swimming Pool 
36942,Tyres
36943,Cement 
36944,Cement 
36945,Geotechnical Report
36946,Infrastructure 
36947,Infrastructure 
36948,Geotechnical Report
36949,Refreshments
36950,Geotechnical Report
36951,Insurance
36952,Administrative Fees 
36953,Other Expenses
36954,Other Expenses
36955,Other Expenses
36956,Other Expenses
36957,Draftsmen
36958,Fire Alarm
36959,Draftsmen
36960,Electrical
36961,Electrical
36962,Sundries
36963,Ironmongery
36964,Gypsum Works
36965,Site Consumables 
36966,Block
36967,Ironmongery
36968,Rebar
36969,Unskilled Labour
36970,Pipes
36971,Sundries
36972,Draftsmen
36973,HSE
36974,Unskilled Labour
36975,Draftsmen
36976,Draftsmen
36977,Draftsmen
36978,Rebar
36979,Pipes
36980,Pipes
36981,Pipes
36982,Electrical
36983,Swimming Pool 
36984,Dewatering
36985,Immigration Fees
36986,Immigration Fees
36987,Immigration Fees
36988,Immigration Fees
36990,Immigration Fees
36991,Immigration Fees
36992,Refreshments
36993,Refreshments
36994,Blinds
36995,Refreshments
36996,Refreshments
36997,Miscellaneous
36998,Miscellaneous
36999,Immigration Fees
37000,Site Related Fees
37001,Water Supply
37002,Precast Concrete
37003,Manpower
37004,Gypsum Works
37005,Sundries
37006,Water Supply
37007,Manpower
37008,Precast Concrete
37009,Gypsum Works
37010,Office Expenses
37011,Sundries
37012,Bank Charges
37013,Geotechnical Report
37014,Refreshments
37015,Immigration Fees
37016,Bank Charges
37017,Gypsum Works
37018,Office Consumables 
37019,MEP Material
37020,Sundries
37021,Gypsum Works
37022,Ironmongery
37023,Formwork
37024,Gypsum Works
37025,Swimming Pool 
37026,Gypsum Works
37027,Gypsum 
37028,Office Consumables 
37029,Gypsum Works
37030,Office Expenses
37031,Manpower
37032,Formwork
37033,Block
37034,MEP Material
37035,Precast Concrete
37036,Pipes
37037,Plant
37038,Sundries
37039,Infrastructure 
37040,Pipes
37041,Infrastructure 
37042,Fees 
37043,Transformer
37044,Geotechnical Report
37045,Gypsum Works
37046,Sundries
37047,Pipes
37048,Gypsum Works
37049,Gypsum Works
37050,Gypsum Works
37051,MEP Material
37052,Legal Fees 
37053,Electrical
37054,Material
37055,Gypsum Works
37056,Fees 
37057,Swimming Pool 
37058,Administrative Fees 
37059,Sundries
37060,Sundries
37061,Electrician 
37062,Electrician 
37063,Fire Alarm
37064,Cluster Block Work
37065,Office Expenses
37066,Sundries
37067,Fire Stoppage Work
37068,Gypsum Works
37069,MEP Material
37070,Plaster Work
37071,Block Work
37072,MEP Material
37073,Gypsum Works
37074,Painting Work 
37075,Block Work
37076,Reinforcement
37077,Painting Work 
37078,Reinforcement
37079,Tyres
37080,Reinforcement
37081,Geotechnical Report
37082,Geotechnical Report
37083,Tyres
37084,Tyres
37085,Swimming Pool 
37086,Concrete 
37087,Manpower
37088,MEP
37089,Office Consumables 
37090,Electrical
37091,Electrical
37092,Electrical
37093,MEP Material
37094,Material
37095,Gypsum Works
37096,Ironmongery
37097,Gypsum Works
37098,Gypsum Works
37099,Immigration Fees
37100,Immigration Fees
37101,Miscellaneous
37102,Tyres
37103,Tyres
37104,Geotechnical Report
37105,Geotechnical Report
37106,Geotechnical Report
37107,Sundries
37108,Gypsum Works
37109,Sundries
37110,Gypsum Works
37111,MEP Material
37112,Manpower
37113,Precast Concrete
37114,Sundries
37115,MEP Material
37116,Gypsum Works
37117,Rebar
37118,Precast Concrete
37119,Insurance
37120,Water Supply
37121,Plant
37122,Refreshments
37123,Immigration Fees
37124,Insurance
37125,Insurance
37126,Tyres
37127,Tyres
37128,Electrical
37129,Tyres
37130,Unskilled Labour
37131,Gypsum Works
37132,Electrical
37133,Gypsum Works
37134,Electrician 
37135,Insurance
37136,Gypsum Works
37137,Precast Concrete
37138,Block
37139,Fees 
37140,MEP Material
37141,Cement 
37142,Manpower
37143,Gypsum Works
37144,MEP Material
37145,Pipes
37146,Office Expenses
37147,Erection
37148,Administrative Fees 
37149,Manpower
37150,Pipes
37151,Sundries
37152,Gypsum Works
37153,Furniture
37154,Ironmongery
37155,Gypsum Works
37156,Manpower
37157,MEP Material
37158,Gypsum Works
37159,Cement 
37160,Sundries
37161,Ironmongery
37162,Tyres
37163,Geotechnical Report
37164,Geotechnical Report
37165,Cement 
37166,Pipes
37167,Legal Fees 
37168,Refreshments
37169,Charge
37170,Swimming Pool 
37171,Gypsum Works
37172,Precast Concrete
37173,Rebar
37174,Material
37175,Gypsum Works
37176,Office Expenses
37177,Sundries
37178,Sundries
37179,Electrical
37180,Manpower
37181,Sundries
37182,Fees 
37183,Concrete 
37184,Tyres
37185,Sundries
37186,Electrician 
37187,Gypsum Works
37188,Electrical
37189,Sundries
37190,Gypsum Works
37191,Electrical
37192,Ironmongery
37193,Geotechnical Report
37194,Office Consumables 
37195,Fees 
37196,Gypsum Works
37197,Ironmongery
37198,Sundries
37199,MEP Material
37200,MEP Material
37201,Gypsum Works
37202,Gypsum Works
37203,Ironmongery
37204,Pipes
37205,Gypsum Works
37206,
37207,Electrician 
37208,Flooring
37209,Flooring
37210,Sundries
37211,Insurance
37212,Pipes
37213,Cables & Wires
37214,Geotechnical Report
37215,MEP
37216,Fees 
37217,Tyres
37218,Electrical
37219,Electrical
37220,Fees 
37221,Precast Concrete
37222,Sundries
37223,Manpower
37224,Electrical
37225,Refreshments
37226,Office Expenses
37227,Office Expenses
37228,Office Expenses
37229,Electrician 
37230,Gypsum Works
37231,Insurance
37232,Administrative Fees 
37233,Site Consumables 
37234,Gypsum Works
37235,Transformer
37236,Electrical
37237,Insurance
37238,Erection
37239,Office Consumables 
37240,Plant
37241,MEP Material
37242,Precast Concrete
37243,Concrete 
37244,Sundries
37245,Gypsum Works
37246,Fees 
37247,Formwork
37248,Site Consumables 
37249,Sundries
37250,Rebar
37251,Concrete 
37252,Tyres
37253,Tyres
37254,Fees 
37255,Sundries
37256,Office Consumables 
37257,Gypsum Works
37258,Precast Concrete
37259,Pipes
37260,Sundries
37261,Gypsum Works
37262,Precast Concrete
37263,Office Consumables 
37264,Gypsum Works
37265,Tyres
37266,Electrician 
37267,Electrician 
37268,Gypsum Works
37269,Sundries
37270,Electrician 
37271,Precast Concrete
37272,MEP Material
37273,Fees 
37274,Water Supply
37275,Gypsum Works
37276,Pipes
37277,Precast Concrete
37278,Pipes
37279,Electrical
37280,Electrical
37282,Waterproofing
37283,Cement 
37284,Geotechnical Report
37285,Electrical
37286,Formwork
37287,Insurance
37288,Office Consumables 
37289,Precast Concrete
37290,Gypsum Works
37291,Sundries
37292,Pipes
37293,Refreshments
37294,Electrical
37295,Insurance
37296,Electrical
37297,Cement 
37298,Cables & Wires
37299,Manpower
37300,Tyres
37301,Miscellaneous
37302,Ironmongery
37303,Insurance
37304,Incentives
37305,Excavation
37306,Tanks
37307,Ceramic & Porcelain
37308,LPG
37309,MEP Material
37310,MEP Material
37311,Sundries
37312,Manpower
37313,Sundries
37314,Precast Concrete
37315,Fees 
37316,Other Expenses
37317,Refreshments
37318,Immigration Fees
37319,Immigration Fees
37320,MEP Material
37321,Immigration Fees
37322,Immigration Fees
37323,Tyres
37324,Sundries
37325,Insurance
37326,Erection
37327,Vehicle Related Fees
37328,Electrician 
37329,Gypsum Works
37330,Gypsum Works
37331,Sundries
37332,Formwork
37333,Geotechnical Report
37334,Tyres
37335,Geotechnical Report
37336,Refreshments
37337,Sundries
37338,Formwork
37339,Moziac
37340,Precast Concrete
37341,Office Expenses
37342,Gypsum Works
37343,MEP Material
37344,Electrical
37345,Immigration Fees
37346,Medical Fees 
37347,Insurance
37348,Immigration Fees
37349,Immigration Fees
37350,Immigration Fees
37351,Insurance
37352,Immigration Fees
37353,Immigration Fees
37354,Immigration Fees
37355,Plaster Work
37356,Cluster Block Work
37357,Interlock Work
37358,Cladding Work 
37359,Carpet
37361,Reinforcement
37362,Plaster Work
37363,Plaster Work
37364,Reinforcement
37365,Reinforcement
37366,Block Work
37367,Refreshments
37368,Office Consumables 
37369,Electrician 
37370,Fees 
37371,Precast Concrete
37372,Electrical
37373,Manpower
37374,Gypsum Works
37375,Sundries
37376,Gypsum Works
37377,MEP
37378,Refreshments
37379,Refreshments
37380,Refreshments
37381,Refreshments
37382,Refreshments
37383,Refreshments
37384,Electrical
37385,Tyres
37386,Refreshments
37387,Refreshments
37388,Cement 
37389,Cement 
37390,Moziac
37391,Refreshments
37392,Refreshments
37393,Refreshments
37394,Refreshments
37395,Refreshments
37396,Refreshments
37397,Refreshments
37398,Electrician 
37399,Gypsum Works
37400,Ironmongery
37401,MEP Material
37402,Sundries
37403,Refreshments
37404,Sundries
37405,Office Expenses
37406,Ironmongery
37407,Electrical
37408,Geotechnical Report
37409,Reinforcement
37410,MEP Material
37411,Manpower
37412,Painting Work 
37413,Reinforcement
37414,Interlock Work
37415,Drainage 
37416,Block Work
37417,Draftsmen
37418,Draftsmen
37419,Unskilled Labour
37420,HSE
37421,Draftsmen
37422,Draftsmen
37423,Sundries
37425,Draftsmen
37426,Sundries
37427,Electrical
37428,Immigration Fees
37429,Plant
37430,Sundries
37431,Manpower
37432,Fees 
37433,Ironmongery
37434,Rebar
37435,MEP Material
37436,Infrastructure 
37437,Infrastructure 
37438,Block
37440,Reinforcement
37441,Plaster Work
37442,Office Consumables 
37443,Manpower
37444,Formwork
37445,Manpower
37446,Gypsum Works
37447,Electrical
37448,Plaster Work
37449,Office Expenses
37450,Ironmongery
37451,Office Expenses
37452,Block
37453,Painting Work 
37454,Pipes
37455,Gypsum Works
37456,Sundries
37457,Water Supply
37458,Manpower
37459,Ironmongery
37460,Miscellaneous
37461,Tyres
37462,Electrical
37463,Electrician 
37464,Electrical
37465,Gypsum Works
37466,MEP Material
37467,Office Expenses
37468,Tyres
37469,Precast Concrete
37470,Water Supply
37471,Electrical
37472,Sundries
37473,Elevator / Escalator / Conveyor Belt
37474,Concrete 
37475,Geotechnical Report
37476,Insurance
37477,Plant
37478,Charge
37479,Other Expenses
37480,Other Expenses
37481,Other Expenses
37482,Geotechnical Report
37483,Other Expenses
37484,Precast Concrete
37485,Gypsum Works
37486,Other Expenses
37487,Refreshments
37488,Draftsmen
37489,Refreshments
37490,Refreshments
37491,Swimming Pool 
37492,Material
37493,MEP Material
37494,Gypsum Works
37495,Electrical
37496,Office Expenses
37497,Electrical
37498,Electrical
37499,MEP Material
37500,Plant
37501,Façade
37502,Bank Charges
37503,Bank Charges
37504,Bank Charges
37505,Immigration Fees
37506,Office Consumables 
37507,Tyres
37508,Gypsum Works
37509,MEP Material
37510,Manpower
37511,MEP Material
37512,Electrical
37513,Insurance
37514,Insurance
37515,Swimming Pool 
37516,Electrical
37517,Coring Works
37518,Sundries
37519,Sundries
37520,Sundries
37521,Charge
37522,Sundries
37523,Electrician 
37524,Sundries
37525,Fees 
37526,Sundries
37527,Sundries
37528,MEP Material
37529,Gypsum Works
37530,Gypsum Works
37531,Gypsum Works
37532,Gypsum Works
37533,Façade
37534,Administrative Fees 
37535,Bank Charges
37536,Office Expenses
37537,Office Expenses
37538,Gypsum Works
37539,Cables & Wires
37540,Insurance
37541,Sundries
37542,Precast Concrete
37543,Material
37544,Precast Concrete
37545,Gypsum Works
37546,Tyres
37547,Site Consumables 
37548,Manpower
37549,Signage
37550,Sundries
37551,Furniture
37552,Gypsum Works
37553,Electrical
37554,Sundries
37555,Infrastructure 
37556,Insurance
37557,Electrician 
37558,Tyres
37559,Insurance
37560,Refreshments
37561,Manpower
37562,Office Expenses
37563,Fees 
37564,Formwork
37565,Rebar
37566,Precast Concrete
37567,Pipes
37568,MEP Material
37569,Sundries
37570,MEP Material
37571,Electrical
37572,Water Supply
37573,Rebar
37574,Tyres
37575,Cement 
37576,MEP
37577,Electrician 
37578,Tyres
37579,Sundries
37580,Electrical
37581,MEP Material
37582,Gypsum Works
37583,Precast Concrete
37584,Formwork
37585,Tyres
37586,Pipes
37587,Gypsum Works
37588,Ironmongery
37589,Office Expenses
37590,Electrical
37591,Tyres
37592,Insurance
37593,Charge
37594,Insurance
37595,Internal Work
37596,Moziac
37597,Office Expenses
37598,Block
37599,Sundries
37600,Gypsum Works
37601,MEP Material
37602,Site Consumables 
37603,Gypsum Works
37604,Insurance
37605,Site Consumables 
37606,Legal Fees 
37607,Refreshments
37608,Administrative Fees 
37609,Refreshments
37610,Office Consumables 
37611,Ironmongery
37612,Electrical
37613,Sundries
37614,Gypsum Works
37615,Electrical
37616,Site Consumables 
37617,Gypsum Works
37618,Sundries
37619,Precast Concrete
37620,Administrative Fees 
37621,Parts
37622,Softscape (Landscape)
37623,Insurance
37624,Office Consumables 
37625,Material
37626,MEP Material
37627,Tyres
37628,Manpower
37629,Gypsum Works
37630,Precast Concrete
37631,Manpower
37632,Ironmongery
37633,Electrical
37634,Moziac
37635,Tyres
37636,Manpower
37637,Insurance
37638,Ironmongery
37639,Refreshments
37640,Gypsum Works
37641,Ironmongery
37642,Site Consumables 
37643,Infrastructure 
37644,Bank Charges
37645,Bank Charges
37646,Bank Charges
37647,Refreshments
37648,Sundries
37649,Swimming Pool 
37650,Refreshments
37651,Office Consumables 
37652,Rebar
37653,Tanks
37654,Fees 
37655,Pipes
37656,Refreshments
37657,Fees 
37658,Gypsum Works
37659,Site Related Fees
37660,Insurance
37661,Sundries
37662,Coring Works
37663,Geotechnical Report
37664,Geotechnical Report
37665,Geotechnical Report
37666,Infrastructure 
37667,Legal Fees 
37668,Sundries
37669,Formwork
37670,Block
37671,Gypsum Works
37672,Fees 
37673,Electrical
37674,Sundries
37675,Immigration Fees
37676,Immigration Fees
37677,Immigration Fees
37678,Refreshments
37679,Immigration Fees
37680,Sundries
37681,Office Consumables 
37682,Sundries
37683,Gypsum Works
37684,Electrician 
37685,Sundries
37686,Manpower
37687,MEP Material
37688,Sundries
37689,Electrical
37690,Manpower
37691,Swimming Pool 
37692,Sundries
37693,Moziac
37694,Unskilled Labour
37695,Formwork
37696,Office Consumables 
37697,Unskilled Labour
37698,Unskilled Labour
37699,Pipes
37700,MEP
37701,Excavation
37702,Gypsum Works
37703,MEP Material
37704,Material
37705,Sundries
37706,Gypsum Works
37707,MEP Material
37708,Precast Concrete
37709,Office Expenses
37710,Shuttering Carpentry
37711,Office Expenses
37712,Gypsum Works
37713,Electrical
37714,Geotechnical Report
37715,Water Supply
37716,Tyres
37717,Sundries
37718,Tyres
37719,Sundries
37720,Office Consumables 
37721,Electrical
37722,Electrical
37723,Cement 
37724,Electrician 
37725,Tyres
37726,Gypsum Works
37727,MEP Material
37728,Gypsum Works
37729,Pipes
37730,Ironmongery
37731,Site Consumables 
37732,Anti Termite Control
37733,Electrician 
37734,Tanks
37735,Tyres
37736,Electrical
37737,Ironmongery
37738,Rebar
37739,Electrician 
37740,Cables & Wires
37741,Gypsum Works
37742,Material
37743,Pipes
37744,Ironmongery
37745,Sundries
37746,Gypsum Works
37747,Fees 
37748,Pipes
37749,Material
37750,Gypsum Works
37751,Office Consumables 
37752,Gypsum Works
37753,Ironmongery
37754,Site Consumables 
37755,Sundries
37756,Block
37757,Gypsum Works
37758,Gypsum Works
37759,Electrical
37760,Electrical
37761,Precast Concrete
37762,Block
37763,Office Expenses
37764,Cement 
37765,Office Consumables 
37766,Sundries
37767,Gypsum Works
37768,Water Supply
37769,Ironmongery
37770,Ironmongery
37771,Immigration Fees
37772,Medical Fees 
37773,Infrastructure 
37774,Moziac
37775,Moziac
37776,Precast Concrete
37777,Sundries
37778,Gypsum Works
37779,Tyres
37780,Insurance
37781,Refreshments
37782,Refreshments
37783,Refreshments
37784,Refreshments
37785,Refreshments
37786,Refreshments
37787,Refreshments
37788,Refreshments
37789,Refreshments
37790,Refreshments
37791,Refreshments
37792,Refreshments
37793,Refreshments
37794,Insurance
37795,Immigration Fees
37797,Immigration Fees
37798,Immigration Fees
37799,Immigration Fees
37800,Immigration Fees
37801,Immigration Fees
37802,Geotechnical Report
37803,Sundries
37804,Sundries
37805,Manpower
37806,Ironmongery
37807,Block
37808,Sundries
37809,Pipes
37810,Pipes
37811,MEP Material
37812,Gypsum 
37813,Swimming Pool 
37814,MEP Material
37815,Signage
37816,Reinforcement
37817,Reinforcement
37818,Reinforcement
37819,Refreshments
37820,Infrastructure 
37821,Refreshments
37822,Sundries
37823,Painting Work 
37824,Reinforcement
37825,Plaster Work
37826,Painting Work 
37827,Sundries
37828,Cement 
37829,Fees 
37830,Sundries
37831,Gypsum Works
37832,Tyres
37833,Tyres
37834,Block Work
37835,Reinforcement
37836,Plaster Work
37837,Electrical
37838,Geotechnical Report
37839,Geotechnical Report
37840,Refreshments
37841,Insurance
37842,Tyres
37843,Cladding Work 
37844,Medical Fees 
37845,Structural Works
37846,Reinforcement
37847,Block Work
37848,Block Work
37849,Block Work
37850,Gypsum Works
37851,Gypsum Works
37852,
37853,Gypsum Works
37854,Block Work
37855,Concrete 
37856,Sundries
37857,Electrical
37858,Cables & Wires
37859,Office Consumables 
37860,Block Work
37861,Concrete 
37862,Insurance
37863,Insurance
37864,Insurance
37865,Gypsum Works
37866,Elevator / Escalator / Conveyor Belt
37867,Draftsmen
37868,Insurance
37869,Draftsmen
37870,Draftsmen
37871,Miscellaneous
37872,Draftsmen
37873,HSE
37874,Unskilled Labour
37875,Unskilled Labour
37876,Draftsmen
37877,Draftsmen
37878,Manpower
37879,Electrical
37880,Pipes
37881,Sundries
37882,Manpower
37883,Block
37884,Gypsum Works
37885,Ironmongery
37886,Gypsum Works
37887,Office Expenses
37888,Sundries
37889,Parts
37890,Insurance
37891,Insurance
37892,Manpower
37893,Precast Concrete
37894,Gypsum Works
37895,Sundries
37896,Sundries
37897,Sundries
37898,Gypsum Works
37899,Electrical
37900,Draftsmen
37901,Pipes
37902,Material
37903,Ironmongery
37904,Electrical
37905,Ironmongery
37906,Infrastructure 
37907,Infrastructure 
37908,Ironmongery
37909,Sundries
37910,Parts
37912,Other Expenses
37913,Other Expenses
37914,Other Expenses
37915,Refreshments
37916,Material
37917,Fees 
37918,Precast Concrete
37919,Gypsum Works
37920,Gypsum Works
37921,Office Consumables 
37922,Other Expenses
37923,Other Expenses
37924,Other Expenses
37925,Gypsum Works
37926,Office Expenses
37927,MEP
37928,Office Consumables 
37929,MEP Material
37930,MEP Material
37931,Gypsum Works
37932,Medical Fees 
37933,Material
37934,Electrical
37935,Sundries
37936,Gypsum Works
37937,Gypsum Works
37938,Precast Concrete
37939,Formwork
37940,Geotechnical Report
37941,Electrical
37942,Tyres
37943,Bank Charges
37944,Bank Charges
37945,Electrician 
37946,Drainage 
37947,Water Supply
37948,Bank Charges
37949,Tyres
37950,Rebar
37951,Gypsum Works
37952,Electrical
37953,Transformer
37954,Sundries
37955,Office Consumables 
37956,Sundries
37957,Moziac
37958,Sundries
37959,Electrical
37960,Electrical
37961,Transformer
37962,Material
37963,Manpower
37964,Gypsum Works
37965,Gypsum Works
37966,Office Consumables 
37967,Water Supply
37968,Electrician 
37969,Tyres
37970,Insurance
37971,Fees 
37972,Parts
37973,Plant
37974,Plant
37975,Plant
37976,Gypsum Works
37977,Ironmongery
37978,Site Consumables 
37979,Pipes
37980,Insurance
37981,Erection
37982,Charge
37983,Site Consumables 
37984,Sundries
37985,Sundries
37986,MEP
37987,Pipes
37988,Pipes
37989,Pipes
37990,Pipes
37991,Ironmongery
37992,Precast Concrete
37993,Gypsum Works
37994,
37995,Moziac
37996,Sundries
37997,Pipes
37998,Gypsum Works
37999,Ironmongery
38000,Electrician 
38001,LPG
38002,Gypsum Works
38003,Façade
38004,Moziac
38005,Sundries
38006,Block
38007,Manpower
38008,Precast Concrete
38009,Gypsum Works
38010,Fees 
38011,Precast Concrete
38012,Gypsum Works
38013,Precast Concrete
38014,Pipes
38015,Pipes
38016,Office Consumables 
38017,Furniture
38018,Fire Fighting
38019,Coring Works
38020,Refreshments
38021,Refreshments
38022,Draftsmen
38023,Refreshments
38024,Geotechnical Report
38025,Geotechnical Report
38026,Miscellaneous
38027,Blinds
38028,Office Consumables 
38029,Ironmongery
38030,Sundries
38031,MEP Material
38032,Precast Concrete
38033,Electrician 
38034,Sundries
38035,Insurance
38036,Block
38037,Fire Alarm
38038,Fire Alarm
38039,Tyres
38040,Electrician 
38041,Manpower
38042,Tyres
38043,Manpower
38044,Sundries
38045,Sundries
38046,Water Supply
38047,Gypsum Works
38048,Cement 
38049,Office Expenses
38050,Electrical
38051,Refreshments
38052,Electrician 
38053,Moziac
38054,Tyres
38055,Water Supply
38056,Tyres
38057,Formwork
38058,Gypsum Works
38059,Pipes
38060,Vehicle & Equipment
38061,Parts
38062,Ironmongery
38063,Swimming Pool 
38064,Insurance
38065,Charge
38066,Charge
38067,Insurance
38068,Insurance
38069,Insurance
38070,Sundries
38071,Precast Concrete
38072,Office Expenses
38073,Gypsum Works
38074,Gypsum Works
38075,Pipes
38076,Gypsum Works
38077,Material
38078,Office Expenses
38079,Precast Concrete
38080,Cables & Wires
38081,Sundries
38082,Swimming Pool 
38083,Bank Charges
38084,Softscape (Landscape)
38085,Swimming Pool 
38086,Swimming Pool 
38087,Sundries
38088,Pipes
38089,Rebar
38090,Office Expenses
38091,Gypsum Works
38092,Cables & Wires
38093,Sundries
38094,Sundries
38095,Tyres
38096,Block
38097,Gypsum Works
38098,Electrical
38099,Water Supply
38100,Concrete 
38101,Signage
38102,Swimming Pool 
38103,Gypsum Works
38104,Precast Concrete
38105,Gypsum Works
38106,MEP
38107,Softscape (Landscape)
38108,Moziac
38109,Dewatering
38110,Refreshments
38111,Refreshments
38112,Refreshments
38113,Refreshments
38114,Refreshments
38115,Refreshments
38116,Refreshments
38117,Refreshments
38118,Refreshments
38119,Refreshments
38120,Refreshments
38121,Refreshments
38122,Refreshments
38123,Refreshments
38124,Manpower
38125,Material
38126,Electrician 
38127,Electrical
38128,Manpower
38129,Office Consumables 
38130,Sundries
38131,Ceramic & Porcelain
38132,Ceramic & Porcelain
38133,Coring Works
38134,Gypsum 
38135,MEP
38136,Tyres
38137,Pipes
38138,Gypsum Works
38139,Sundries
38140,Precast Concrete
38141,MEP Material
38142,Tyres
38143,Gypsum Works
38144,Manpower
38145,Water Supply
38146,Cement 
38147,Pipes
38148,Office Expenses
38149,Façade
38150,Gypsum Works
38151,Office Expenses
38152,Gypsum Works
38153,Tyres
38154,Swimming Pool 
38155,Sundries
38156,Manpower
38157,Cables & Wires
38158,Electrical
38159,Unskilled Labour
38160,Fees 
38161,Tanks
38162,Gypsum Works
38163,Gypsum Works
38164,Sundries
38165,Swimming Pool 
38166,Insurance
38167,Geotechnical Report
38168,Fees 
38169,Sundries
38170,Water Supply
38171,Gypsum Works
38172,Precast Concrete
38173,Office Expenses
38174,MEP Material
38175,Sundries
38176,
38177,Pipes
38178,Electrical
38179,Insurance
38180,Insurance
38181,Sundries
38182,Façade
38183,Swimming Pool 
38184,Coring Works
38185,Gypsum Works
38186,Block
38187,Gypsum Works
38188,Sundries
38189,Electrical
38190,Office Consumables 
38191,Heaters
38192,Gypsum Works
38193,Sundries
38194,Swimming Pool 
38195,Immigration Fees
38196,Other Expenses
38197,Other Expenses
38198,Electrician 
38199,Pipes
38200,Geotechnical Report
38201,Immigration Fees
38202,Medical Fees 
38203,Other Expenses
38204,Other Expenses
38205,Other Expenses
38206,Other Expenses
38207,Administrative Fees 
38208,Immigration Fees
38209,Pipes
38210,Office Consumables 
38211,Gypsum Works
38212,Fees 
38213,Coring Works
38214,Sundries
38215,Electrical
38216,Manpower
38217,Sundries
38218,Ironmongery
38219,Pipes
38220,Ironmongery
38221,Tyres
38222,Sundries
38223,Gypsum Works
38224,Sundries
38225,Geotechnical Report
38226,Gypsum Works
38227,Refreshments
38228,Electrician 
38229,Shuttering Carpentry
38230,Electrician 
38231,Insurance
38232,Refreshments
38233,Fees 
38234,Gypsum Works
38235,Pipes
38236,MEP Material
38237,Ironmongery
38238,Office Consumables 
38239,Material
38240,Gypsum Works
38241,Painting Works
38242,Insurance
38243,Charge
38244,Immigration Fees
38245,Infrastructure 
38246,Insurance
38247,Tyres
38248,Insurance
38250,Gypsum Works
38251,Gypsum Works
38252,Shuttering Carpentry
38253,Softscape (Landscape)
38254,Softscape (Landscape)
38255,Manpower
38256,Sundries
38257,MEP Material
38258,Reinforcement
38259,Precast Concrete
38260,Shuttering Carpentry
38261,Rebar
38262,Reinforcement
38263,Sundries
38264,Formwork
38265,Gypsum Works
38266,Reinforcement
38267,Sundries
38268,Pipes
38269,Manpower
38270,Structural Works
38271,Immigration Fees
38272,Structural Works
38273,Structural Works
38274,Block Work
38275,Structural Works
38276,Reinforcement
38277,Infrastructure 
38278,Refreshments
38279,Cement 
38280,MEP
38281,Refreshments
38282,
38283,Immigration Fees
38284,Draftsmen
38285,Draftsmen
38286,Unskilled Labour
38287,MEP
38288,Immigration Fees
38289,Immigration Fees
38290,Insurance
38291,Immigration Fees
38292,Immigration Fees
38293,Immigration Fees
38294,Immigration Fees
38295,Ironmongery
38296,Signage
38297,Electrical
38298,Reinforcement
38299,Plant
38300,Insurance
38301,Reinforcement
38302,MEP
38303,Structural Works
38304,Softscape (Landscape)
38305,Cladding Work 
38306,Reinforcement
38307,Block Work
38308,Parts
38309,Block Work
38310,Parts
38311,Medical Fees 
38312,Sundries
38313,Refreshments
38314,Electrical
38315,Gypsum Works
38316,Precast Concrete
38317,Electrical
38318,Electrical
38319,Tyres
38320,Structural Works
38321,Cluster Block Work
38322,Moziac
38323,Interlock Work
38324,Block Work
38325,Reinforcement
38326,Painting Work 
38327,Office Expenses
38328,Draftsmen
38329,Draftsmen
38330,Draftsmen
38331,Draftsmen
38332,Draftsmen
38333,HSE
38334,Draftsmen
38335,Interlock Work
38336,Parts
38337,Charge
38338,Block Work
38339,Block Work
38340,Block Work
38341,Plaster Work
38342,Block Work
38343,Painting Work 
38344,Plaster Work
38345,Swimming Pool 
38346,Office Consumables 
38347,Precast Concrete
38348,Gypsum Works
38349,Sundries
38350,Painting Work 
38351,Sundries
38352,MEP Material
38353,Gypsum Works
38354,Painting Work 
38355,Gypsum Works
38356,Sundries
38357,Block Work
38358,Material
38359,Cluster Block Work
38360,Block Work
38361,Interlock Work
38362,Plaster Work
38363,Block Work
38364,Cluster Block Work
38365,Structural Works
38366,Plaster Work
38367,Painting Work 
38368,Painting Work 
38369,Painting Work 
38370,Plaster Work
38371,Interlock Work
38372,Painting Work 
38373,Painting Work 
38374,Plaster Work
38375,Painting Work 
38376,Shuttering Carpentry
38377,Reinforcement
38378,Plaster Work
38379,Shuttering Carpentry
38380,Reinforcement
38381,Reinforcement
38382,Block Work
38383,Structural Works
38384,Material
38385,Structural Works
38386,Shuttering Carpentry
38387,Block Work
38388,Reinforcement
38389,Structural Works
38390,Miscellaneous
38391,Unskilled Labour
38392,Blinds
38393,Unskilled Labour
38394,Bank Charges
38395,Tyres
38396,Electrical
38397,Material
38398,Unskilled Labour
38399,Office Consumables 
38400,Water Supply
38401,Precast Concrete
38402,Tyres
38403,Unskilled Labour
38404,Gypsum Works
38405,Office Expenses
38406,Unskilled Labour
38407,Gypsum Works
38408,Unskilled Labour
38409,Water Supply
38410,Insurance
38411,Pipes
38412,Ironmongery
38413,Office Consumables 
38414,Sundries
38415,Sundries
38416,Sundries
38417,Roadworks
38418,Bank Charges
38419,Bank Charges
38420,Bank Charges
38421,Bank Charges
38422,Concrete 
38423,Sundries
38424,Pipes
38425,Sundries
38426,Gypsum Works
38427,Material
38428,Gypsum Works
38429,Sundries
38430,Transformer
38431,Office Consumables 
38432,Sundries
38433,MEP
38435,Manpower
38436,Precast Concrete
38437,Consumables
38438,Signage
38439,Consumables
38440,Consumables
38441,Consumables
38442,Consumables
38443,Consumables
38444,Consumables
38445,Consumables
38446,Consumables
38447,Consumables
38448,Consumables
38449,Consumables
38450,Consumables
38451,Consumables
38452,Consumables
38453,Consumables
38454,Consumables
38455,Electrical
38456,Tyres
38457,Geotechnical Report
38458,Consumables
38459,Consumables
38460,Consumables
38461,Consumables
38462,Pipes
38463,Consumables
38464,Gypsum Works
38465,Precast Concrete
38466,Epoxy
38467,Consumables
38468,Office Consumables 
38469,Electrical
38470,Geotechnical Report
38471,Drainage 
38472,Electrical
38473,Gypsum Works
38474,Precast Concrete
38475,Electrical
38476,Blinds
38477,Ironmongery
38478,Electrical
38479,Material
38480,Insurance
38481,Plant
38482,Gypsum Works
38483,Dewatering
38484,Office Expenses
38485,Gypsum Works
38486,Gypsum Works
38487,Manpower
38488,Manpower
38489,Sundries
38490,Gypsum Works
38491,Gypsum Works
38492,Office Consumables 
38493,Pipes
38494,Insurance
38495,Insurance
38496,Erection
38497,Insurance
38498,Insurance
38499,Vehicle Related Fees
38500,Insurance
38501,Medical Fees 
38502,Bank Charges
38503,Gypsum Works
38504,Office Expenses
38505,Consumables
38506,Consumables
38507,Office Consumables 
38508,Consumables
38509,Consumables
38510,Consumables
38511,Gypsum Works
38512,Consumables
38513,Consumables
38514,Sundries
38515,Sundries
38516,MEP Material
38517,MEP Material
38518,Gypsum Works
38519,Rebar
38520,Block
38521,Material
38522,Gypsum Works
38523,Gypsum Works
38524,Bank Charges
38525,Pipes
38526,Cables & Wires
38527,Elevator / Escalator / Conveyor Belt
38528,Refreshments
38529,Refreshments
38530,Office Expenses
38531,Cables & Wires
38532,Cables & Wires
38533,Transformer
38534,Rebar
38535,MEP Material
38536,MEP Material
38537,Vehicle & Equipment
38538,Gypsum Works
38539,Fees 
38540,Erection
38541,Insurance
38542,Sundries
38543,Sundries
38544,Insurance
38545,Insurance
38546,Draftsmen
38547,Refreshments
38548,Bank Charges
38549,Refreshments
38550,Dewatering
38551,Epoxy
38552,Manpower
38553,Pipes
38554,Ironmongery
38555,Office Consumables 
38556,Office Expenses
38557,Manpower
38558,MEP Material
38559,Formwork
38560,Gypsum Works
38561,Water Supply
38562,Pipes
38563,Parts
38564,Softscape (Landscape)
38565,Sundries
38566,Tyres
38567,Blinds
38568,Electrical
38569,Geotechnical Report
38570,Sundries
38571,Gypsum Works
38572,Vehicle & Equipment
38573,Office Consumables 
38574,Sundries
38575,Office Consumables 
38576,Electrician 
38577,Pipes
38578,Material
38579,Ironmongery
38580,Office Expenses
38581,Precast Concrete
38582,Material
38583,Fees 
38584,Water Supply
38585,Cement 
38586,Sundries
38587,Manpower
38588,Manpower
38589,Manpower
38590,Sundries
38591,Legal Fees 
38592,Ceramic & Porcelain
38593,Manpower
38594,Insurance
38595,Charge
38596,MEP Material
38597,Vehicle & Equipment
38598,Sundries
38599,Charge
38600,Fees 
38601,Tyres
38602,Vehicle & Equipment
38603,Rebar
38604,Insurance
38605,Sundries
38606,Manpower
38607,Ironmongery
38608,Ironmongery
38609,Sundries
38610,Office Expenses
38611,Fees 
38612,Manpower
38613,Gypsum Works
38614,Precast Concrete
38615,Manpower
38616,Gypsum Works
38617,Sundries
38618,Office Consumables 
38619,Gypsum Works
38620,Electrical
38621,MEP
38622,Gypsum Works
38623,Manpower
38624,Precast Concrete
38625,Electrician 
38626,Office Expenses
38627,Pipes
38628,Pipes
38629,Manpower
38630,Shuttering Carpentry
38631,Ironmongery
38632,Gypsum Works
38633,Tyres
38634,Refreshments
38635,Transformer
38636,Fees 
38637,Miscellaneous
38638,MEP Material
38639,Gypsum Works
38640,Legal Fees 
38641,Signage
38642,PEB
38643,Electrical
38644,Electrical
38645,Sundries
38646,Manpower
38647,Geotechnical Report
38648,Electrician 
38649,MEP
38650,Electrician 
38651,Gypsum Works
38652,Office Expenses
38653,Fees 
38654,Sundries
38655,Material
38656,Manpower
38657,Insurance
38658,Fees 
38659,Rebar
38660,Precast Concrete
38661,MEP Material
38662,Refreshments
38663,Office Expenses
38664,Internal Work
38665,Blinds
38666,LPG
38667,LPG
38668,Medical Fees 
38669,Ceramic & Porcelain
38670,Insurance
38671,Site Related Fees
38672,Gypsum Works
38673,Precast Concrete
38674,Insurance
38675,Gypsum Works
38676,Tyres
38677,Insurance
38678,Office Expenses
38679,Office Expenses
38680,Rebar
38681,Gypsum Works
38682,Gypsum Works
38683,Insurance
38684,Insurance
38685,Erection
38686,Sundries
38687,Charge
38688,Manpower
38689,Office Consumables 
38690,Sundries
38691,Parts
38692,Office Consumables 
38693,Electrical
38694,Gypsum Works
38695,Gypsum Works
38696,Ironmongery
38697,Office Expenses
38698,Sundries
38699,Gypsum Works
38700,Sundries
38701,Gypsum Works
38702,Pipes
38703,Pipes
38704,Geotechnical Report
38705,Geotechnical Report
38706,Sundries
38707,Tanks
38708,Charge
38709,Insurance
38710,Electrical
38711,Electrical
38712,Parts
38713,Swimming Pool 
38714,Insurance
38715,Electrical
38716,Material
38717,Site Consumables 
38718,Fees 
38719,
38721,Swimming Pool 
38722,Charge
38723,Charge
38724,Charge
38725,Charge
38726,Charge
38727,Ironmongery
38728,Office Consumables 
38729,Insurance
38730,Electrician 
38731,Miscellaneous
38732,Miscellaneous
38733,Fees 
38734,Precast Concrete
38735,Shuttering Carpentry
38736,Rebar
38737,Gypsum Works
38738,Sundries
38739,Fees 
38740,Electrical
38741,Electrical
38742,Softscape (Landscape)
38743,Ironmongery
38744,Insurance
38745,Tyres
38746,Insurance
38747,Insurance
38748,Manpower
38749,Fees 
38750,Formwork
38751,Swimming Pool 
38752,Gypsum Works
38753,Pipes
38754,Refreshments
38755,Precast Concrete
38756,Manpower
38757,Gypsum Works
38758,Tyres
38759,Sundries
38760,Sundries
38761,MEP
38762,Sundries
38763,Pipes
38764,Fire Fighting
38765,Manpower
38766,Sundries
38767,Precast Concrete
38768,Rebar
38769,Rebar
38770,Sundries
38771,Transformer
38772,MEP
38773,MEP
38774,Watchman
38775,MEP
38776,Administrative Fees 
38777,Tyres
38778,Plant
38779,Office Consumables 
38780,Electrical
38781,Insurance
38782,Insurance
38783,Electrical
38784,Insurance
38785,Sundries
38786,Fees 
38787,Gypsum Works
38788,Electrical
38789,Sundries
38790,Precast Concrete
38791,Cables & Wires
38792,Other Expenses
38793,Plant
38794,Fees 
38795,Immigration Fees
38796,Immigration Fees
38797,Other Expenses
38798,Bank Charges
38799,Flooring
38800,Other Expenses
38801,Other Expenses
38802,Other Expenses
38803,Geotechnical Report
38804,Geotechnical Report
38805,Geotechnical Report
38806,Geotechnical Report
38807,Geotechnical Report
38808,Sundries
38809,Formwork
38810,Sundries
38811,Gypsum Works
38812,Plant
38813,MEP Material
38814,Precast Concrete
38815,Gypsum Works
38816,Tyres
38817,Electrical
38818,Electrical
38819,Vehicle Related Fees
38820,Electrician 
38821,Immigration Fees
38822,Medical Fees 
38823,Geotechnical Report
38824,Refreshments
38825,Refreshments
38826,Pipes
38827,MEP
38828,Insurance
38829,Sundries
38830,Cement 
38831,Insurance
38832,Sundries
38833,Ironmongery
38834,Swimming Pool 
38835,MEP Material
38836,Electrical
38837,Swimming Pool 
38838,Watchman
38839,Watchman
38840,Insurance
38841,Charge
38842,Insurance
38844,Coring Works
38845,Rebar
38846,MEP Material
38847,Sundries
38848,Sundries
38849,Gypsum Works
38850,Gypsum Works
38851,Watchman
38852,Electrician 
38853,Incentives
38854,Refreshments
38855,Office Consumables 
38856,Manpower
38857,Electrical
38858,Sundries
38859,Site Consumables 
38860,Electrician 
38861,Pipes
38862,Rebar
38863,Tanks
38865,Incentives
38866,Refreshments
38867,Electrician 
38868,Electrician 
38869,Cladding Work 
38870,Office Expenses
38871,Structural Works
38872,Reinforcement
38873,Sundries
38874,Gypsum Works
38875,Vehicle & Equipment
38876,Electrical
38877,Infrastructure 
38878,Block Work
38879,Infrastructure 
38880,Block Work
38881,Painting Work 
38882,Manpower
38883,Structural Works
38884,Sundries
38885,MEP Material
38886,Sundries
38887,Gypsum Works
38888,Cladding Work 
38889,Interlock Work
38890,MEP Material
38891,Painting Work 
38892,Electrical
38893,Insurance
38894,
38895,Tyres
38896,Cladding Work 
38897,Structural Works
38898,Block Work
38899,Gypsum Works
38900,Plaster Work
38901,Block Work
38902,Block Work
38903,Painting Work 
38904,Shuttering Carpentry
38905,Plaster Work
38906,Painting Work 
38907,Formwork
38908,Cluster Block Work
38909,Refreshments
38910,Refreshments
38911,Refreshments
38912,Refreshments
38913,Refreshments
38914,Refreshments
38915,Refreshments
38916,Refreshments
38917,Refreshments
38918,Refreshments
38919,Refreshments
38920,Refreshments
38921,Refreshments
38922,Refreshments
38923,Manpower
38924,Immigration Fees
38925,Immigration Fees
38926,Immigration Fees
38927,Water Supply
38928,Electrical
38929,Immigration Fees
38930,Immigration Fees
38931,Immigration Fees
38932,Immigration Fees
38933,Electrical
38934,Sundries
38935,Draftsmen
38936,Draftsmen
38937,Refreshments
38938,HSE
38939,Draftsmen
38940,Draftsmen
38941,Draftsmen
38942,Draftsmen
38943,Geotechnical Report
38944,Infrastructure 
38945,Dewatering
38946,Unskilled Labour
38947,Consumables
38948,Electrician 
38949,Electrical
38950,Draftsmen
38951,Moziac
38952,Draftsmen
38953,Sundries
38954,Gypsum Works
38955,Cement 
38956,Tyres
38957,Ironmongery
38958,Draftsmen
38959,Electrical
38960,Fees 
38961,Sundries
38962,Gypsum Works
38963,Ironmongery
38964,Office Expenses
38965,Office Consumables 
38966,Other Expenses
38967,Sundries
38968,Parts
38969,Other Expenses
38970,Insurance
38971,Other Expenses
38972,Electrician 
38973,Other Expenses
38974,Office Consumables 
38975,Gypsum 
38976,Office Expenses
38977,Electrical Works
38978,Electrical Works
38979,Immigration Fees
38980,Fees 
38981,Gypsum Works
38982,Gypsum Works
38983,Gypsum Works
38984,Sundries
38985,Concrete 
38986,Electrical
38987,Rebar
38988,Insurance
38989,Sundries
38990,Bank Charges
38991,Bank Charges
38992,Bank Charges
38993,Insurance
38994,Charge
38995,Insurance
38996,Charge
38997,Parts
38998,Parts
38999,Insurance
39000,Parts
39001,Insurance
39002,Parts
39003,Parts
39004,Gypsum Works
39005,Office Expenses
39006,Transformer
39007,Electrical
39008,Ironmongery
39009,Precast Concrete
39010,Office Consumables 
39011,Gypsum 
39012,Consumables
39014,Moziac
39015,Consumables
39016,Consumables
39017,Consumables
39018,Consumables
39019,Consumables
39020,Consumables
39021,Electrician 
39022,Electrician 
39023,Electrician 
39024,Electrician 
39025,Refreshments
39026,Material
39027,Sundries
39028,Gypsum Works
39029,Sundries
39030,Gypsum Works
39031,Sundries
39032,Rebar
39033,Office Expenses
39034,Sundries
39035,Electrician 
39036,Cement 
39037,Tyres
39038,Ironmongery
39039,Charge
39040,Electrical
39041,Sundries
39042,Concrete 
39043,Consulting Fees 
39044,Miscellaneous
39045,Charge
39046,Insurance
39047,Insurance
39048,
39049,Charge
39050,Swimming Pool 
39051,Insurance
39052,Electrician 
39053,Manpower
39054,Plant
39055,Sundries
39056,Fees 
39057,Cement 
39058,Electrical
39059,Refreshments
39060,Electrical
39061,Consumables
39062,Erection
39063,Insurance
39064,Charge
39065,Geotechnical Report
39066,Geotechnical Report
39067,Cables & Wires
39068,MEP
39069,Sundries
39070,Cables & Wires
39071,Signage
39072,Gypsum Works
39073,Gypsum Works
39074,Precast Concrete
39075,Gypsum Works
39076,Miscellaneous
39077,Precast Concrete
39078,Site Consumables 
39079,Material
39080,Manpower
39081,Rebar
39082,Ironmongery
39083,Gypsum Works
39084,Sundries
39085,Sundries
39086,Electrician 
39087,Office Expenses
39088,Office Consumables 
39089,Refreshments
39090,Concrete 
39092,Backfilling
39093,MEP
39094,Rebar
39095,Block
39096,Electrical
39097,Furniture
39098,Cement 
39099,Office Consumables 
39100,Rebar
39101,Gypsum Works
39102,Rebar
39103,Rebar
39104,Rebar
39105,Gypsum Works
39106,Fees 
39107,Electrical
39108,Sundries
39109,Insurance
39110,Charge
39111,Insurance
39112,Electrical
39113,Office Consumables 
39114,Refreshments
39115,Gypsum Works
39116,Site Consumables 
39117,Electrician 
39118,Insurance
39119,Fire Alarm
39120,Precast Concrete
39121,Cement 
39122,Precast Concrete
39123,Gypsum Works
39124,Sundries
39125,Sundries
39126,Office Expenses
39127,Manpower
39128,Formwork
39129,Ironmongery
39130,MEP Material
39131,Material
39132,Gypsum Works
39133,Sundries
39134,Ironmongery
39135,Fees 
39136,Sundries
39137,Tyres
39138,Precast Concrete
39139,Refreshments
39140,Insurance
39141,Group Name
39142,Precast Concrete
39143,Office Consumables 
39144,Sundries
39145,Pipes
39146,Pipes
39147,Formwork
39148,Water Supply
39149,Electrical
39150,Electrical
39151,Sundries
39152,Material
39153,Tyres
39154,Rebar
39155,Sundries
39156,Office Consumables 
39157,Draftsmen
39158,Electrician 
39159,Refreshments
39160,Flooring
39161,Tyres
39162,Office Expenses
39163,Electrical
39164,Fees 
39165,Fees 
39166,Vehicle & Equipment
39167,Manpower
39168,Sundries
39169,Manpower
39170,Fees 
39171,Manpower
39172,Parts
39173,Precast Concrete
39174,Sundries
39175,Material
39176,Gypsum Works
39177,Tanks
39178,Gypsum Works
39179,Water Supply
39180,Office Consumables 
39181,Electrical Works
39182,Precast Concrete
39183,Heaters
39184,Refreshments
39185,Sundries
39186,Office Consumables 
39187,Manpower
39188,Manpower
39189,Manpower
39190,Site Consumables 
39191,Gypsum Works
39192,Cables & Wires
39193,Electrician 
39194,Cement 
39195,Rebar
39196,Sundries
39197,Office Consumables 
39198,Manpower
39199,Manpower
39200,Gypsum Works
39201,MEP Material
39202,Sundries
39203,Geotechnical Report
39204,Geotechnical Report
39205,Insurance
39206,Office Expenses
39207,Gypsum Works
39208,Fees 
39209,Sundries
39210,Material
39211,Gypsum Works
39212,Electrical
39213,Electrical
39214,Pipes
39215,Pipes
39216,Precast Concrete
39217,Precast Concrete
39218,Ironmongery
39219,Water Supply
39220,Manpower
39221,Heaters
39222,Office Expenses
39223,Manpower
39224,Sundries
39225,Insurance
39226,Group Name
39227,Precast Concrete
39228,Swimming Pool 
39229,Meters
39230,Dewatering
39231,Office Consumables 
39232,Concrete 
39233,Group Name
39234,Electrical
39235,Charge
39236,Insurance
39237,Charge
39238,Ceramic & Porcelain
39239,Insurance
39240,Gypsum Works
39241,Gypsum Works
39242,Tanks
39243,Insurance
39244,Electrical
39245,Miscellaneous
39246,Electrician 
39247,Transformer
39248,Sundries
39249,Tyres
39250,Refreshments
39251,Precast Concrete
39252,Precast Concrete
39253,Ironmongery
39254,Electrical
39255,Manpower
39256,Dewatering
39257,Insurance Fees 
39258,Moziac
39259,Insurance
39260,Charge
39261,Charge
39262,Parts
39263,Charge
39264,Miscellaneous
39265,Elevator / Escalator / Conveyor Belt
39266,Charge
39268,Manpower
39269,Sundries
39270,MEP
39271,Tanks
39272,Vehicle Related Fees
39273,Office Consumables 
39274,Gypsum Works
39275,Gypsum Works
39276,Electrical
39277,Sundries
39278,Precast Concrete
39279,Tyres
39280,Sundries
39281,Rebar
39282,Electrical
39283,Electrical
39284,Parts
39285,Gypsum Works
39286,Shuttering Carpentry
39287,Refreshments
39288,Electrical
39289,Fire Alarm
39290,Blinds
39291,Electrical
39292,Electrical
39293,Sundries
39294,Tyres
39295,Gypsum Works
39296,Precast Concrete
39297,Gypsum Works
39298,Electrician 
39299,Office Consumables 
39300,Manpower
39301,Heaters
39302,Sundries
39303,Ironmongery
39304,Water Supply
39305,Water Supply
39306,Precast Concrete
39307,Office Consumables 
39308,Sundries
39309,Pipes
39310,Gypsum Works
39311,Block
39312,Formwork
39313,Fire Alarm
39314,Electrician 
39315,Sundries
39316,Sundries
39317,Office Consumables 
39318,Sundries
39319,Tyres
39320,Vehicle Related Fees
39321,Cement 
39322,Office Consumables 
39323,Gypsum Works
39324,Manholes/Gratings
39325,Group Name
39326,MEP Material
39327,Gypsum Works
39328,Manpower
39329,Insurance
39330,Administrative Fees 
39331,MEP
39332,Bank Charges
39333,Sundries
39334,Fire Alarm
39335,Sundries
39336,Office Expenses
39337,Sundries
39338,Rebar
39339,Ironmongery
39340,Sundries
39341,Fees 
39342,Refreshments
39343,Manpower
39344,Consulting Fees 
39345,Precast Concrete
39346,
39347,Geotechnical Report
39348,Gypsum Works
39349,Tyres
39350,Gypsum Works
39351,Incentives
39352,Insurance
39353,Insurance
39354,Insurance
39355,Gypsum Works
39356,Plant
39357,Sundries
39358,Cement 
39359,Cement 
39360,Sundries
39361,Tyres
39362,Electrician 
39363,Sundries
39364,Electrical
39365,Office Consumables 
39366,Refreshments
39367,Electrician 
39368,Electrician 
39369,Electrician 
39370,Cement 
39371,Fees 
39372,Façade
39373,Manpower
39374,Material
39375,Cables & Wires
39376,Gypsum Works
39377,Ironmongery
39378,Fees 
39379,Vehicle Related Fees
39380,Rebar
39381,Insurance
39382,Charge
39383,Block
39384,Sundries
39385,Gypsum Works
39386,Electrical
39387,Sundries
39388,Ceramic & Porcelain
39389,Sundries
39390,Tyres
39391,Tyres
39392,Tyres
39393,Sundries
39394,Tyres
39395,Cement 
39396,Cement 
39397,Tyres
39398,Tyres
39399,Electrician 
39400,Transformer
39401,Sundries
39402,Watchman
39403,Refreshments
39404,Refreshments
39405,Refreshments
39406,Refreshments
39407,Precast Concrete
39408,Refreshments
39409,Refreshments
39410,Refreshments
39411,Refreshments
39412,Gypsum Works
39413,Refreshments
39414,Swimming Pool 
39415,MEP Material
39416,Refreshments
39417,Refreshments
39418,Gypsum Works
39419,Office Expenses
39420,Refreshments
39421,Refreshments
39422,Refreshments
39423,Manpower
39424,Water Supply
39425,Tyres
39426,Sundries
39427,Fees 
39428,Tanks
39429,Sundries
39430,Electrical
39431,Office Expenses
39432,Bank Charges
39433,Sundries
39434,Other Expenses
39435,Medical Fees 
39436,Immigration Fees
39437,Sundries
39438,Refreshments
39439,Refreshments
39440,Refreshments
39441,Geotechnical Report
39442,Geotechnical Report
39443,Immigration Fees
39444,Geotechnical Report
39445,Geotechnical Report
39446,Refreshments
39447,Immigration Fees
39448,Blinds
39449,Medical Fees 
39450,Refreshments
39451,Refreshments
39452,Coring Works
39453,Electrical
39454,Precast Concrete
39455,Precast Concrete
39456,Sundries
39457,Gypsum Works
39458,Ironmongery
39459,MEP Material
39460,Cement 
39461,Sundries
39462,Precast Concrete
39463,Office Consumables 
39464,
39465,Office Consumables 
39466,Unskilled Labour
39467,Gypsum Works
39468,Gypsum Works
39469,Gypsum Works
39470,Tanks
39471,Sundries
39472,Electrician 
39473,Sundries
39474,Cladding Work 
39475,Cladding Work 
39476,Structural Works
39477,Structural Works
39478,Electrician 
39479,Interlock Work
39480,Block Work
39481,Painting Work 
39482,Geotechnical Report
39483,Geotechnical Report
39484,Legal Fees 
39485,Reinforcement
39486,Plaster Work
39487,Block Work
39488,Precast Concrete
39489,Electrical
39490,Manpower
39491,Block Work
39492,Electrical
39493,Block Work
39494,Precast Concrete
39495,Sundries
39496,Ironmongery
39497,Electrician 
39498,Plaster Work
39499,Pipes
39500,Rebar
39501,Precast Concrete
39502,Electrician 
39503,Tyres
39504,Painting Work 
39505,Painting Work 
39506,Plaster Work
39507,Refreshments
39508,Cladding Work 
39509,Electrician 
39510,Insurance
39511,Immigration Fees
39512,Medical Fees 
39513,Immigration Fees
39514,Immigration Fees
39515,Immigration Fees
39516,Immigration Fees
39517,Immigration Fees
39518,Immigration Fees
39519,Immigration Fees
39520,Draftsmen
39521,Draftsmen
39522,Electrical
39523,Draftsmen
39524,Sundries
39525,Draftsmen
39526,Sundries
39527,Sundries
39528,Infrastructure 
39529,Draftsmen
39530,Office Consumables 
39531,Draftsmen
39532,HSE
39533,HSE
39534,Electrical
39535,Waterproofing work
39536,Insurance
39537,Cement 
39538,Cement 
39539,Material
39540,Administrative Fees 
39541,Other Expenses
39542,Other Expenses
39543,Immigration Fees
39544,Other Expenses
39545,Immigration Fees
39546,Electrical
39547,Refreshments
39548,Electrician 
39549,Electrical
39550,Gypsum Works
39551,Sundries
39552,Pipes
39553,Formwork
39554,Ironmongery
39555,Gypsum Works
39556,Sundries
39557,Softscape (Landscape)
39558,Moziac
39559,Electrician 
39560,Tyres
39561,Electrical
39562,Sundries
39563,Tyres
39564,Rebar
39565,Electrical
39566,Sundries
39567,Cement 
39568,Office Consumables 
39569,Metal Works
39570,Sundries
39571,Office Expenses
39572,Cables & Wires
39573,Tyres
39574,Sundries
39575,Sundries
39576,Rebar
39577,Infrastructure 
39578,Electrical
39579,Immigration Fees
39580,Immigration Fees
39581,Formwork
39582,Electrical
39583,Gypsum Works
39584,Office Expenses
39585,Precast Concrete
39586,Gypsum Works
39587,Gypsum Works
39588,Sundries
39589,Transformer
39590,Refreshments
39591,Electrical
39592,Precast Concrete
39593,Precast Concrete
39594,Bank Charges
39595,Geotechnical Report
39596,Geotechnical Report
39597,Charge
39598,Office Consumables 
39599,Cables & Wires
39600,Gypsum Works
39601,Water Supply
39602,Water Supply
39603,Sundries
39604,Manpower
39605,Pipes
39606,Precast Concrete
39607,Formwork
39608,Formwork
39609,Ironmongery
39610,MEP Material
39611,Sundries
39612,Sundries
39613,Consumables
39614,Consumables
39615,Consumables
39616,Consumables
39617,Infrastructure 
39618,Consumables
39619,Consumables
39620,Consumables
39621,Consumables
39622,Consumables
39623,Consumables
39624,Sundries
39625,Tyres
39626,Electrical
39627,Pipes
39628,Electrical
39629,Electrical
39630,Gypsum Works
39631,Electrical
39632,MEP Material
39633,Gypsum Works
39634,Office Expenses
39635,Legal Fees 
39636,Internal Work
39637,Internal Work
39638,Internal Work
39639,Gypsum Works
39640,Electrical
39641,Precast Concrete
39642,Manpower
39643,Cables & Wires
39644,Electrician 
39645,Electrician 
39646,Electrical
39647,Sundries
39648,Electrical
39649,Moziac
39650,Sundries
39651,Electrical
39652,Block Work
39653,Electrical
39654,Electrical
39655,Sundries
39656,Sundries
39657,MEP
39658,Rebar
39659,Sundries
39660,Gypsum Works
39661,MEP Material
39662,Rebar
39663,Refreshments
39664,
39665,
39666,Immigration Fees
39667,Electrical
39668,Tyres
39669,Moziac
39670,Moziac
39671,Geotechnical Report
39672,Moziac
39673,Tyres
39674,Manpower
39675,Manpower
39676,Tyres
39677,Manpower
39678,Gypsum Works
39679,Electrician 
39680,Office Expenses
39681,Electrician 
39682,Insurance
39683,Insurance
39684,Insurance
39685,Insurance
39686,Insurance
39687,Insurance
39688,Electrical
39689,Façade
39690,Sundries
39691,MEP Material
39692,Gypsum Works
39693,Rebar
39694,Sundries
39695,Sundries
39696,Ironmongery
39697,Precast Concrete
39698,Heaters
39699,Heaters
39700,Refreshments
39701,Other Expenses
39702,Administrative Fees 
39703,Sundries
39704,Gypsum Works
39705,Sundries
39706,Medical Fees 
39707,Watchman
39708,Electrical
39709,Electrical
39710,Manpower
39711,Electrical
39712,Tanks
39713,Electrical
39714,Transformer
39715,Geotechnical Report
39716,Geotechnical Report
39717,Electrical
39718,Sundries
39719,Sundries
39720,Manpower
39721,Swimming Pool 
39722,Refreshments
39723,Electrician 
39724,Office Consumables 
39725,MEP
39726,Fees 
39727,Electrical
39728,Sundries
39729,Fees 
39730,Sundries
39731,Sundries
39732,Elevator / Escalator / Conveyor Belt
39733,Heaters
39734,Manholes/Gratings
39735,Ceramic & Porcelain
39736,Pipes
39737,Precast Concrete
39738,Office Expenses
39739,
39740,Rebar
39741,Gypsum Works
39742,Manpower
39743,Manpower
39744,Manpower
39745,Electrical
39746,Gypsum Works
39747,Manpower
39748,Heaters
39749,Electrical
39750,Electrician 
39751,Immigration Fees
39752,Legal Fees 
39753,Sundries
39754,Immigration Fees
39755,Immigration Fees
39756,Sundries
39757,MEP
39758,Ironmongery
39759,MEP
39760,Transformer
39761,Electrical
39762,Electrical
39763,Façade
39764,Precast Concrete
39765,Swimming Pool 
39766,Electrical
39767,Sundries
39768,MEP
39769,Electrician 
39770,Cables & Wires
39771,Cables & Wires
39772,Sundries
39773,Precast Concrete
39774,Office Expenses
39775,Precast Concrete
39776,Cables & Wires
39777,Moziac
39778,Gypsum Works
39779,Tyres
39780,Tyres
39781,Electrician 
39782,Tyres
39783,Rebar
39784,Material
39785,MEP Material
39786,Gypsum Works
39787,Ironmongery
39788,Ironmongery
39789,Swimming Pool 
39790,Ceramic & Porcelain
39791,Gypsum 
39792,Sundries
39793,Tyres
39794,Geotechnical Report
39795,Geotechnical Report
39796,Gypsum Works
39797,Electrical
39798,Ironmongery
39799,Electrical
39800,Gypsum Works
39801,Meters
39802,Electrician 
39803,Transformer
39804,Electrical
39806,MEP
39807,LPG
39808,Pipes
39809,Pipes
39810,MEP
39811,Precast Concrete
39812,Ironmongery
39813,MEP Material
39814,Manpower
39815,Precast Concrete
39816,Precast Concrete
39817,Sundries
39818,Sundries
39819,Office Consumables 
39820,MEP
39821,Swimming Pool 
39822,Office Expenses
39823,Tyres
39824,Tyres
39825,Formwork
39826,Formwork
39827,Gypsum Works
39828,Ironmongery
39829,Manpower
39830,Electrical
39831,Incentives
39832,Cables & Wires
39833,Transformer
39834,Epoxy
39835,MEP
39836,ELV 
39837,Electrical
39838,Refreshments
39839,Refreshments
39840,Sundries
39841,Rebar
39842,Sundries
39843,Gypsum Works
39844,Electrical
39845,Electrical
39846,Geotechnical Report
39847,Geotechnical Report
39848,Electrician 
39849,Electrician 
39850,Electrical
39851,Sundries
39852,Manpower
39853,Sundries
39854,Moziac
39855,Miscellaneous
39856,Softscape (Landscape)
39857,Insurance
39858,Electrical
39859,Manpower
39860,Sundries
39861,Sundries
39862,Precast Concrete
39863,Electrical
39864,Sundries
39865,Sundries
39866,Insurance
39867,Electrical
39868,Electrical
39869,Office Consumables 
39870,Fire Alarm
39871,Manpower
39872,Sundries
39873,Electrician 
39874,Gypsum Works
39875,Gypsum Works
39876,Office Consumables 
39877,Electrician 
39878,Gypsum Works
39879,Gypsum Works
39880,Manpower
39881,Electrician 
39882,Electrical
39883,Refreshments
39884,Vehicle & Equipment
39885,Insurance
39886,Geotechnical Report
39887,Gypsum Works
39888,MEP Material
39889,Sundries
39890,Precast Concrete
39891,Electrical
39892,Electrician 
39893,Tyres
39894,Electrician 
39895,Electrical
39896,Electrical
39897,Electrician 
39898,Swimming Pool 
39899,HVAC 
39900,Insurance
39901,Insurance
39902,Charge
39903,Insurance
39904,Insurance
39905,Heaters
39906,Gypsum Works
39907,Refreshments
39908,Refreshments
39909,Refreshments
39910,Refreshments
39911,Refreshments
39912,Refreshments
39913,Refreshments
39914,Refreshments
39915,Refreshments
39916,Refreshments
39917,Refreshments
39918,Refreshments
39919,Refreshments
39920,Refreshments
39921,Refreshments
39922,Swimming Pool 
39923,Internal Work
39924,Pipes
39925,Manpower
39926,Precast Concrete
39927,Office Consumables 
39928,Office Expenses
39929,Sundries
39930,Electrician 
39931,Electrician 
39932,Electrical
39933,Sundries
39934,Tyres
39935,Tyres
39936,Ironmongery
39937,Sundries
39938,Electrical
39939,Electrical
39940,Electrician 
39941,Electrician 
39942,Electrical
39943,Plant
39944,Plant
39945,Charge
39946,Charge
39947,Site Consumables 
39948,Manpower
39949,Manpower
39950,Manpower
39951,Manpower
39952,Precast Concrete
39953,Sundries
39954,Gypsum Works
39955,Gypsum Works
39956,Manpower
39957,Office Consumables 
39958,Office Expenses
39959,Manpower
39960,Electrical
39961,HVAC 
39962,Office Expenses
39963,Cladding Work 
39964,Reinforcement
39965,Interlock Work
39966,Block Work
39967,Painting Work 
39968,Cluster Block Work
39969,Plaster Work
39970,Electrical
39971,Cladding Work 
39972,Electrical
39973,Sundries
39974,Transformer
39975,Electrical
39976,Concrete 
39977,Structural Works
39978,Legal Fees 
39979,Structural Works
39980,Office Expenses
39981,Reinforcement
39982,Precast Concrete
39983,Reinforcement
39984,Block Work
39985,Block Work
39986,Painting Work 
39987,Gypsum Works
39988,Fees 
39989,Erection
39990,Structural Works
39991,Cladding Work 
39992,Immigration Fees
39993,Medical Fees 
39994,Structural Works
39995,Cladding Work 
39996,Reinforcement
39997,Structural Works
39998,Electrician 
39999,Meters
40000,Sundries
40001,Painting Work 
40002,Electrical
40003,Shuttering Carpentry
40004,Electrical
40005,Block Work
40006,Block Work
40007,Joinery
40008,Tyres
40009,Plaster Work
40010,Tyres
40011,Manpower
40012,Plaster Work
40013,Electrical
40014,Electrical
40015,Sundries
40016,
40017,Moziac
40018,Sundries
40019,Manpower
40020,Manpower
40021,Precast Concrete
40022,Rebar
40023,Gypsum Works
40024,Gypsum Works
40025,MEP Material
40026,Fees 
40027,Electrician 
40028,Electrical
40029,Ironmongery
40030,Geotechnical Report
40031,Geotechnical Report
40032,Office Consumables 
40033,Refreshments
40034,Office Consumables 
40035,Heaters
40036,Manpower
40037,Electrician 
40038,MEP
40039,Legal Fees 
40040,Gypsum Works
40041,
40042,Ironmongery
40043,Gypsum Works
40044,Ironmongery
40045,Coring Works
40046,Refreshments
40047,Refreshments
40048,Refreshments
40049,Watchman
40050,Incentives
40051,Legal Fees 
40052,Refreshments
40053,Manpower
40054,Precast Concrete
40055,Electrical
40056,Gypsum Works
40057,Gypsum Works
40058,Ironmongery
40059,Softscape (Landscape)
40060,Moziac
40061,Dewatering
40062,Sundries
40063,Precast Concrete
40064,Office Consumables 
40065,Office Consumables 
40066,Electrical
40067,Electrical
40068,Insurance
40069,Electrical
40070,Manpower
40071,Electrician 
40072,Refreshments
40073,Refreshments
40074,Refreshments
40075,Vehicle & Equipment
40076,Vehicle & Equipment
40077,Electrical
40078,Signage
40079,Gypsum Works
40081,Gypsum Works
40082,Site Consumables 
40083,Precast Concrete
40084,Cement 
40085,Moziac
40086,Parts
40087,MEP
40088,Electrical
40089,Gypsum Works
40090,Sundries
40091,Ironmongery
40092,Gypsum Works
40093,Gypsum Works
40094,Gypsum Works
40095,MEP
40096,Gypsum Works
40097,Sundries
40098,Electrical
40099,Sundries
40100,Electrical
40101,Office Expenses
40102,Geotechnical Report
40103,Geotechnical Report
40104,Electrical
40105,Site Consumables 
40106,Office Consumables 
40107,PEB
40108,Pipes
40109,Pipes
40110,Electrical
40111,Gypsum Works
40112,Geotechnical Report
40113,Geotechnical Report
40114,Refreshments
40115,Electrician 
40116,Sundries
40117,Refreshments
40118,Tyres
40119,Sundries
40120,Electrical
40121,Office Expenses
40122,Gypsum Works
40123,Formwork
40124,Rebar
40125,Office Expenses
40126,Refreshments
40127,Tyres
40128,Consumables
40129,Consumables
40130,Consumables
40131,Consumables
40132,Consumables
40133,Consumables
40134,Consumables
40135,Consumables
40136,Consumables
40137,Sundries
40138,Geotechnical Report
40139,Fees 
40140,Manpower
40141,Ironmongery
40142,Concrete 
40143,Precast Concrete
40144,Material
40145,Manpower
40146,Manpower
40147,Cement 
40148,Office Consumables 
40149,Fire Fighting Materials
40150,Medical Fees 
40151,Other Expenses
40152,Immigration Fees
40153,Other Expenses
40154,Immigration Fees
40155,Bank Charges
40156,Other Expenses
40157,Other Expenses
40158,Administrative Fees 
40159,Site Related Fees
40160,Bank Charges
40161,Other Expenses
40162,Bank Charges
40163,Bank Charges
40164,Transformer
40165,Other Expenses
40166,Swimming Pool 
40167,Other Expenses
40168,MEP
40169,Infrastructure 
40170,Infrastructure 
40171,Cement 
40172,Infrastructure 
40173,Infrastructure 
40174,Sundries
40175,Electrician 
40176,Swimming Pool 
40177,HSE
40178,Sundries
40179,Electrical
40180,Electrical
40181,Gypsum Works
40182,Draftsmen
40183,Draftsmen
40184,Draftsmen
40185,Draftsmen
40186,Draftsmen
40187,Draftsmen
40188,Draftsmen
40189,Electrical
40190,Draftsmen
40191,Transformer
40192,Coring Works
40193,Coring Works
40194,Material
40195,Sundries
40196,Rebar
40197,Gypsum Works
40198,Precast Concrete
40199,Manpower
40200,Insurance
40201,Façade
40202,Gypsum Works
40203,Charge
40204,Charge
40205,Immigration Fees
40206,Façade
40207,Sundries
40208,Sundries
40209,Insurance
40210,Vehicle & Equipment
40211,Cement 
40212,Transformer
40213,Office Consumables 
40214,Insurance
40215,Office Consumables 
40216,Sundries
40217,Sundries
40218,Sundries
40219,Office Expenses
40220,Manpower
40221,Gypsum Works
40222,Precast Concrete
40223,Manpower
40224,Swimming Pool 
40225,Insurance
40226,Sundries
40227,Erection
40228,Unskilled Labour
40229,Bank Charges
40230,Plant
40231,Tyres
40232,Sundries
40233,Sundries
40234,Sundries
40235,Block
40236,MEP Material
40237,Material
40238,Plant
40239,Gypsum Works
40240,Sundries
40241,Tyres
40242,Fire Fighting
40243,Charge
40244,Insurance
40245,Tyres
40246,Tyres
40247,Tyres
40248,Fees 
40249,Ironmongery
40250,Geotechnical Report
40251,Geotechnical Report
40252,Office Consumables 
40253,Precast Concrete
40254,Electrical
40255,Pipes
40256,Office Expenses
40257,Manpower
40258,Office Consumables 
40259,Gypsum Works
40260,MEP
40261,Ceramic & Porcelain
40262,Electrical
40263,Tyres
40264,Tyres
40265,Insurance
40266,Insurance
40267,Charge
40268,Fees 
40269,Charge
40270,Swimming Pool 
40271,Transformer
40272,Electrical
40273,Insurance
40274,Charge
40275,Electrical
40276,Charge
40277,Sundries
40278,Sundries
40279,Sundries
40280,Swimming Pool 
40281,Erection
40282,Electrical Works
40283,Gypsum Works
40284,Office Expenses
40285,Office Consumables 
40286,Electrician 
40287,Electrician 
40288,Office Expenses
40289,Gypsum Works
40290,Rebar
40291,Manpower
40292,Sundries
40293,Concrete 
40294,Cement 
40295,Gypsum Works
40296,Electrical
40297,Manpower
40298,Ironmongery
40299,Sundries
40300,Moziac
40301,Formwork
40302,Sundries
40303,Sundries
40304,Electrical
40305,Tyres
40306,Fees 
40307,Fees 
40308,Water Supply
40309,Roadworks
40310,Cables & Wires
40311,Office Expenses
40312,Incentives
40313,Electrician 
40314,Immigration Fees
40315,Precast Concrete
40316,Electrical
40317,Electrical
40318,Heaters
40319,Gypsum Works
40320,Precast Concrete
40321,Precast Concrete
40322,Office Consumables 
40323,Electrical
40324,Metal Works
40325,Manpower
40326,Transformer
40327,Cables & Wires
40328,Transformer
40329,Electrical
40330,Sundries
40331,Pipes
40332,Sundries
40333,Insurance
40334,MEP
40335,Moziac
40336,Sundries
40337,Sundries
40338,Sundries
40339,Dewatering
40340,Electrical
40341,Electrical
40342,Sundries
40343,HVAC 
40344,Sundries
40345,Cables & Wires
40346,Concrete 
40347,Concrete 
40348,Pipes
40349,Manpower
40350,Sundries
40351,Block
40352,Office Consumables 
40353,MEP Material
40354,Precast Concrete
40355,Electrician 
40356,Electrician 
40357,MEP
40358,Sundries
40359,
40360,Transformer
40361,Transformer
40362,Sundries
40363,Gypsum Works
40364,Electrical
40365,Plant
40366,Tyres
40367,Tyres
40368,Site Consumables 
40369,MEP
40370,Office Consumables 
40371,Gypsum Works
40372,Tyres
40373,Tyres
40374,Tyres
40375,Medical Fees 
40376,Electrical
40377,Manholes/Gratings
40378,Gypsum Works
40379,Swimming Pool 
40380,Tyres
40381,ELV 
40382,Sundries
40383,Sundries
40384,Office Expenses
40385,Electrician 
40386,Site Consumables 
40387,Precast Concrete
40388,Insurance
40389,Fees 
40390,Sundries
40391,Formwork
40392,MEP Material
40393,Gypsum Works
40394,Sundries
40395,Tyres
40396,Cement 
40397,Cement 
40398,Tyres
40399,Fees 
40400,Cement 
40401,Cement 
40402,Fees 
40403,Plant
40404,Fire Alarm
40405,Gypsum Works
40406,Electrician 
40407,Charge
40408,Insurance
40409,Electrician 
40410,Geotechnical Report
40411,Geotechnical Report
40412,Geotechnical Report
40413,Sundries
40414,Electrical
40415,Tyres
40416,Formwork
40417,Sundries
40418,Ironmongery
40419,Material
40420,Gypsum Works
40421,Hardscape
40422,Sundries
40423,Sundries
40424,Gypsum Works
40425,Sundries
40426,Cladding Work 
40427,Structural Works
40428,Painting Work 
40429,Cladding Work 
40430,Sundries
40431,Electrical
40432,Structural Works
40433,Structural Works
40434,Reinforcement
40435,Reinforcement
40436,Reinforcement
40437,Block Work
40438,Block Work
40439,Administrative Fees 
40440,Geotechnical Report
40441,Sundries
40442,Rebar
40443,Swimming Pool 
40444,Fire Stoppage Work
40445,Gypsum Works
40446,Block Work
40447,Sundries
40448,Sundries
40449,Painting Work 
40450,Painting Work 
40451,Plaster Work
40452,Miscellaneous
40453,Charge
40454,Tyres
40455,Tyres
40457,Insurance
40458,Insurance
40459,Miscellaneous
40460,Tyres
40461,Site Consumables 
40462,Electrician 
40463,Refreshments
40464,Sundries
40465,Fees 
40466,
40467,Rebar
40468,Office Expenses
40469,Refreshments
40470,Gypsum Works
40471,Refreshments
40472,Electrical
40473,Electrical
40474,Transformer
40475,Electrical
40476,Façade
40477,Draftsmen
40478,Office Expenses
40479,Unskilled Labour
40480,Ironmongery
40481,Office Expenses
40482,Draftsmen
40483,Draftsmen
40484,Gypsum Works
40485,Precast Concrete
40486,Unskilled Labour
40487,Pipes
40488,Office Consumables 
40489,Draftsmen
40490,Office Consumables 
40491,MEP
40492,Draftsmen
40493,Block
40494,Electrician 
40495,Surveyor
40496,Draftsmen
40497,Surveyor
40498,Metal Works
40499,Sundries
40500,Tyres
40501,Insurance
40502,Insurance
40503,Manpower
40504,Plant
40505,Insurance
40506,Tyres
40507,Tyres
40508,MEP
40509,Gypsum Works
40510,Office Consumables 
40511,Watchman
40512,
40513,MEP
40514,Electrical
40515,Office Expenses
40516,
40517,Office Consumables 
40518,Transformer
40519,Manpower
40520,Pipes
40521,Material
40522,Electrical
40523,Tyres
40524,Tyres
40525,Tyres
40526,Tyres
40527,Tyres
40528,Insurance
40529,Electrical
40530,Insurance
40531,Sundries
40532,Precast Concrete
40533,Moziac
40534,Gypsum Works
40535,Office Expenses
40536,Blinds
40537,Transformer
40538,Gypsum 
40539,Office Expenses
40540,Gypsum Works
40541,Electrician 
40542,Electrical
40543,Gypsum Works
40544,Manpower
40545,Transformer
40546,Tyres
40547,Electrician 
40548,Immigration Fees
40549,Medical Fees 
40550,Immigration Fees
40551,Other Expenses
40552,Other Expenses
40553,Insurance
40554,Gypsum Works
40555,Office Expenses
40556,Electrical
40557,Electrical
40558,Electrical
40559,Electrician 
40560,Electrician 
40561,Electrician 
40562,Bank Charges
40563,Gypsum Works
40564,Insurance
40565,Bank Charges
40566,Cables & Wires
40567,Concrete 
40568,Electrician 
40569,Furniture
40570,Ironmongery
40571,Electrical
40572,Office Expenses
40573,Sundries
40574,Ironmongery
40575,Office Expenses
40576,Office Expenses
40577,Office Expenses
40578,Gypsum Works
40579,Tyres
40580,Sundries
40581,Office Expenses
40582,Electrician 
40583,Electrician 
40584,Office Expenses
40585,Hardscape
40586,Electrician 
40587,Other Expenses
40588,Other Expenses
40589,Site Related Fees
40590,Other Expenses
40591,Administrative Fees 
40592,Other Expenses
40593,Other Expenses
40594,Sundries
40595,Sundries
40596,Refreshments
40597,MEP
40598,Moziac
40599,Precast Concrete
40600,Heaters
40601,Gypsum Works
40602,Sundries
40603,Sundries
40604,Sundries
40605,Gypsum Works
40606,Gypsum Works
40607,Pipes
40608,Electrician 
40609,PEB
40610,
40611,Refreshments
40612,Sundries
40613,Refreshments
40614,Refreshments
40615,Legal Fees 
40616,Sundries
40617,Gypsum Works
40618,Ironmongery
40619,Gypsum Works
40620,Shuttering Carpentry
40622,Site Consumables 
40623,Site Consumables 
40624,Transformer
40625,Tyres
40626,Charge
40627,Insurance
40628,Plant
40629,Electrical
40630,Charge
40631,Charge
40632,Tyres
40633,Insurance
40634,Tyres
40635,Insurance
40636,Tyres
40637,Insurance
40638,Charge
40639,Gypsum Works
40640,Ironmongery
40641,Group Name
40642,Electrician 
40643,Sundries
40644,Electrician 
40645,Electrician 
40646,Watchman
40647,Manpower
40648,Gypsum Works
40649,Gypsum Works
40650,Sundries
40651,Insurance
40652,Refreshments
40653,Refreshments
40654,Refreshments
40655,Refreshments
40656,Electrical
40657,Infrastructure 
40658,Cement 
40659,Infrastructure 
40660,Geotechnical Report
40661,Geotechnical Report
40662,Geotechnical Report
40663,Office Consumables 
40664,Insurance
40665,Insurance
40666,Sundries
40667,Material
40668,Office Consumables 
40669,Electrical
40670,Electrical
40671,Bank Charges
40672,ELV 
40673,Bank Charges
40674,Bank Charges
40675,Block
40676,Precast Concrete
40677,Office Expenses
40678,Rebar
40679,Pipes
40680,Ironmongery
40681,Moziac
40682,Legal Fees 
40683,Material
40684,Consumables
40685,Consumables
40686,Consumables
40689,Consumables
40693,Refreshments
40695,Consumables
40696,Consumables
40697,Consumables
40698,Refreshments
40699,Refreshments
40700,Refreshments
40701,Refreshments
40702,Refreshments
40703,Refreshments
40704,Refreshments
40705,Consumables
40706,Consumables
40707,Refreshments
40708,Refreshments
40709,Refreshments
40710,Refreshments
40711,Refreshments
40712,Refreshments
40713,Dewatering
40714,Electrical
40715,Electrical
40716,Façade
40717,Swimming Pool 
40718,Infrastructure 
40719,Façade
40720,Cables & Wires
40721,Electrical
40722,Blinds
40723,Cables & Wires
40724,Moziac
40725,Ironmongery
40726,Gypsum Works
40727,MEP Material
40728,Rebar
40729,Manpower
40730,Manpower
40731,Office Consumables 
40732,Gypsum Works
40733,Incentives
40734,Refreshments
40735,Cables & Wires
40736,Cables & Wires
40737,Electrical
40738,Electrical
40739,Electrical
40740,Furniture
40741,Electrical
40742,Sundries
40743,Manpower
40744,Sundries
40745,Electrician 
40746,Miscellaneous
40747,Cables & Wires
40748,Gypsum Works
40749,Geotechnical Report
40750,Geotechnical Report
40751,Geotechnical Report
40752,Vehicle & Equipment
40753,Erection
40754,Site Consumables 
40755,Sundries
40756,Heaters
40757,Electrical
40758,Manpower
40759,Manpower
40760,Manpower
40761,Miscellaneous
40762,Precast Concrete
40763,Shuttering Carpentry
40764,Pipes
40765,Sundries
40766,Site Consumables 
40767,Precast Concrete
40768,Gypsum Works
40769,Electrician 
40770,Ironmongery
40771,Site Consumables 
40772,Tyres
40773,Gypsum Works
40774,Manholes/Gratings
40775,Electrical
40776,Coring Works
40777,Fees 
40778,Insurance
40779,Sundries
40780,Blinds
40781,Office Expenses
40782,Refreshments
40783,Sundries
40784,Sundries
40785,Gypsum Works
40786,Plant
40788,Refreshments
40789,Office Consumables 
40790,Electrician 
40791,Insurance Fees 
40792,Transformer
40793,MEP
40794,Gypsum Works
40795,Precast Concrete
40796,Gypsum Works
40797,Draftsmen
40798,Refreshments
40799,Electrician 
40800,Electrician 
40801,Refreshments
40802,Ironmongery
40803,Sundries
40804,Electrical
40805,Tanks
40806,Sundries
40807,Sundries
40808,Sundries
40809,Softscape (Landscape)
40810,Pipes
40811,Sundries
40812,Sundries
40813,Gypsum Works
40814,Manpower
40815,Gypsum Works
40816,Ironmongery
40817,Sundries
40818,Fees 
40819,Cement 
40820,Manpower
40821,Sundries
40822,Moziac
40823,Rebar
40824,Pipes
40825,Pipes
40826,Rebar
40827,Ironmongery
40828,
40829,Office Consumables 
40830,Gypsum Works
40831,Manpower
40832,Office Expenses
40833,Elevator / Escalator / Conveyor Belt
40834,Blinds
40835,Swimming Pool 
40836,Sundries
40837,Dewatering
40838,Electrical
40839,Sundries
40840,Swimming Pool 
40841,Electrician 
40842,Meters
40843,Charge
40844,Precast Concrete
40845,Charge
40846,Miscellaneous
40847,Insurance
40848,Sundries
40849,Ironmongery
40850,Office Expenses
40851,Gypsum Works
40852,Softscape (Landscape)
40853,Legal Fees 
40854,Electrician 
40855,Geotechnical Report
40856,Electrical
40857,Electrical
40858,Gypsum Works
40859,Electrician 
40860,Dewatering
40861,Shuttering Carpentry
40862,Rebar
40863,
40864,Gypsum Works
40865,MEP Material
40866,Swimming Pool 
40867,Ironmongery
40868,Gypsum 
40869,Swimming Pool 
40870,Transformer
40871,Electrical
40872,Sundries
40873,Site Consumables 
40874,Electrical
40875,Cables & Wires
40876,Transformer
40877,Electrical
40878,Transformer
40879,Electrician 
40880,Electrical
40881,Office Consumables 
40882,Tyres
40883,Office Consumables 
40884,Sundries
40885,Sundries
40886,Sundries
40887,Electrician 
40888,Swimming Pool 
40889,Site Consumables 
40890,Electrician 
40891,Refreshments
40892,Gypsum Works
40893,Swimming Pool 
40894,Electrical
40895,Sundries
40896,Site Consumables 
40897,Gypsum Works
40898,Electrical
40899,Electrician 
40900,Office Expenses
40901,Electrical
40902,Tyres
40903,Sundries
40904,Manpower
40905,Ironmongery
40906,Gypsum Works
40907,Gypsum Works
40908,Sundries
40909,Hardscape
40910,Office Expenses
40911,Pipes
40912,Electrical
40913,Electrician 
40914,Sundries
40915,Sundries
40916,Geotechnical Report
40917,Geotechnical Report
40918,Site Consumables 
40919,Office Expenses
40920,Insurance
40921,Gypsum Works
40922,Gypsum Works
40923,Precast Concrete
40924,Block
40925,Sundries
40926,Swimming Pool 
40927,Moziac
40928,Moziac
40929,Softscape (Landscape)
40930,Cables & Wires
40931,Softscape (Landscape)
40932,Drainage 
40933,Furniture
40935,Ironmongery
40936,Sundries
40937,Ironmongery
40938,Sundries
40939,Electrical
40940,Electrical
40941,Refreshments
40942,Gypsum Works
40943,Manholes/Gratings
40944,Ironmongery
40945,Refreshments
40946,Electrician 
40947,Electrician 
40948,Refreshments
40949,Moziac
40950,Office Consumables 
40951,Site Consumables 
40952,Electrician 
40953,Infrastructure 
40954,Precast Concrete
40955,Rebar
40956,Geotechnical Report
40957,Geotechnical Report
40958,Geotechnical Report
40959,Electrical
40960,Insurance
40961,Insurance
40962,Insurance
40963,Gypsum Works
40964,Gypsum Works
40965,Sundries
40966,Cement 
40967,Insurance
40968,Charge
40969,Erection
40970,Swimming Pool 
40971,Electrical
40972,Softscape (Landscape)
40973,Blinds
40974,Swimming Pool 
40975,Legal Fees 
40976,Watchman
40977,Legal Fees 
40978,Draftsmen
40979,Draftsmen
40980,Draftsmen
40981,Draftsmen
40982,Draftsmen
40983,Pipes
40984,Insurance
40985,Insurance
40986,Tyres
40987,Insurance
40988,Tyres
40989,Insurance
40990,Precast Concrete
40991,Surveyor
40992,Surveyor
40993,Draftsmen
40994,Rebar
40995,Precast Concrete
40996,Manpower
40997,Office Expenses
40998,Precast Concrete
40999,Miscellaneous
41000,Insurance
41001,Cement 
41002,Fees 
41003,Cement 
41004,Cement 
41005,Cement 
41006,Cladding Work 
41007,Structural Works
41008,Fees 
41009,Painting Work 
41010,Shuttering Carpentry
41011,Reinforcement
41012,Plaster Work
41013,Cladding Work 
41014,Structural Works
41015,Structural Works
41016,Reinforcement
41017,Reinforcement
41018,Reinforcement
41019,Block Work
41020,Office Expenses
41021,Block Work
41022,Block Work
41023,Office Expenses
41024,Ironmongery
41025,Office Consumables 
41026,Painting Work 
41027,Electrician 
41028,Ironmongery
41029,Precast Concrete
41030,Ironmongery
41031,Painting Work 
41032,Cluster Block Work
41033,Plaster Work
41034,Tyres
41035,Electrical
41036,Pipes
41037,
41038,Tyres
41039,Gypsum Works
41040,Electrician 
41041,Sundries
41042,Office Consumables 
41043,Electrician 
41044,Gypsum Works
41045,Pipes
41046,Precast Concrete
41047,Sundries
41048,Electrical
41049,Electrical
41050,Tanks
41051,Office Expenses
41052,Sundries
41053,Ironmongery
41054,Office Consumables 
41055,Consulting Fees 
41056,Tyres
41057,Office Expenses
41058,Gypsum Works
41059,Electrical Purchaser
41060,Fire Fighting
41061,Gypsum Works
41062,Erection
41063,Tyres
41064,Gypsum Works
41065,Electrical
41066,Tyres
41067,Gypsum Works
41068,Electrician 
41069,Charge
41070,Gypsum Works
41071,Sundries
41072,Sundries
41073,Miscellaneous
41074,Painting Work 
41075,Gypsum Works
41076,Site Consumables 
41077,Legal Fees 
41078,Consulting Fees 
41079,Sundries
41080,Precast Concrete
41081,Ironmongery
41082,Gypsum Works
41083,Gypsum Works
41084,Rebar
41085,Hardscape
41086,Tyres
41087,PEB
41088,Tyres
41089,PEB
41090,External Manpower
41091,Drainage 
41092,Electrician 
41093,Joinery
41094,Office Expenses
41095,MEP Material
41096,Office Consumables 
41097,Geotechnical Report
41098,Geotechnical Report
41099,Gypsum Works
41100,Other Expenses
41101,Formwork
41102,Immigration Fees
41103,Rebar
41104,Other Expenses
41105,Transformer
41106,Rebar
41107,Gypsum Works
41108,Gypsum Works
41109,Sundries
41110,Electrical
41111,Precast Concrete
41112,Gypsum Works
41113,Pipes
41114,Cables & Wires
41115,Sundries
41116,Electrician 
41117,Bank Charges
41118,Immigration Fees
41119,Refreshments
41120,MEP
41121,Consulting Fees 
41122,Electrician 
41123,Office Consumables 
41124,Parts
41125,Refreshments
41126,Tyres
41127,Refreshments
41128,Refreshments
41129,Block
41130,Refreshments
41131,Refreshments
41132,Refreshments
41133,Gypsum Works
41134,Refreshments
41135,Refreshments
41136,Infrastructure 
41137,Sundries
41138,Electrical
41139,Other Expenses
41140,Sundries
41141,Other Expenses
41142,Other Expenses
41143,Other Expenses
41144,Other Expenses
41145,Other Expenses
41146,Other Expenses
41147,Administrative Fees 
41148,Electrical
41149,Pipes
41150,MEP Material
41151,Gypsum Works
41152,Ironmongery
41153,Other Expenses
41154,Electrical
41155,Cables & Wires
41156,Façade
41157,Shuttering Carpentry
41158,Electrical
41159,Manpower
41160,Electrical
41161,Gypsum Works
41162,Bank Charges
41163,Electrical
41164,Electrical
41165,Electrical
41166,Sundries
41167,Manholes/Gratings
41168,Gypsum Works
41169,Sundries
41170,Incentives
41171,Erection
41172,Incentives
41173,Insurance
41174,Electrical
41175,Electrical
41176,Swimming Pool 
41177,Immigration Fees
41178,Medical Fees 
41179,Electrical
41180,Manpower
41181,Manpower
41182,Manpower
41183,Heaters
41184,Precast Concrete
41185,Rebar
41186,Precast Concrete
41187,Gypsum Works
41188,Office Consumables 
41189,External Manpower
41190,Blinds
41191,Transformer
41192,Electrician 
41193,Gypsum Works
41194,Electrical
41195,Electrical
41196,Electrical
41197,Sundries
41198,Electrician 
41199,Refreshments
41200,Refreshments
41201,Metal Works
41202,Joinery
41203,Tyres
41204,Watchman
41205,Office Expenses
41206,Administrative Fees 
41207,Medical Fees 
41208,Sundries
41209,Sundries
41210,Sundries
41211,Sundries
41212,Manpower
41213,Gypsum Works
41214,Sundries
41215,Ironmongery
41216,Office Expenses
41217,Tyres
41218,Miscellaneous
41219,Electrical
41220,Charge
41221,Cement 
41222,Gypsum Works
41223,Swimming Pool 
41224,Tyres
41225,Tyres
41226,Gypsum Works
41227,Electrical
41228,Electrician 
41229,Gypsum Works
41230,Bank Charges
41231,Gypsum Works
41232,Electrical
41233,Sundries
41234,Sundries
41235,Infrastructure 
41236,Geotechnical Report
41237,Geotechnical Report
41238,Refreshments
41239,Refreshments
41240,Gypsum Works
41241,Gypsum Works
41242,Infrastructure 
41243,Plant
41244,Ironmongery
41245,Gypsum Works
41246,Concrete 
41247,Formwork
41248,Gypsum Works
41249,Sundries
41250,Precast Concrete
41251,Manholes/Gratings
41252,Gypsum Works
41253,Parts
41254,Tyres
41255,HSE
41256,Moziac
41257,Gypsum Works
41258,Coring Works
41259,Sundries
41260,Electrician 
41261,Refreshments
41262,Formwork
41263,Gypsum Works
41264,Precast Concrete
41265,Cement 
41266,Insurance
41267,Pipes
41268,Gypsum Works
41269,Geotechnical Report
41270,Geotechnical Report
41271,Dewatering
41272,Sundries
41273,Gypsum Works
41274,Ironmongery
41275,Precast Concrete
41276,Sundries
41277,Office Expenses
41278,Precast Concrete
41279,Office Consumables 
41280,Electrician 
41281,Electrician 
41282,Office Expenses
41283,Gypsum Works
41284,Refreshments
41285,Refreshments
41286,Refreshments
41287,Refreshments
41288,Refreshments
41289,Electrician 
41290,Tyres
41291,Insurance
41292,Gypsum Works
41293,Bank Charges
41294,Swimming Pool 
41295,Refreshments
41296,Electrician 
41297,Gypsum Works
41298,Meters
41299,External Manpower
41300,Immigration Fees
41301,Other Expenses
41302,Other Expenses
41303,Other Expenses
41304,Electrical
41305,Plant
41306,Formwork
41307,Sundries
41308,Sundries
41309,Office Consumables 
41310,Sundries
41311,Tyres
41312,Cables & Wires
41313,Transformer
41314,Sundries
41315,Sundries
41316,External Manpower
41317,Sundries
41318,Sundries
41319,Tyres
41320,Meters
41321,Sundries
41322,Bank Charges
41323,HVAC 
41324,Manpower
41325,Manpower
41326,Manpower
41327,Gypsum Works
41328,Softscape (Landscape)
41329,Electrician 
41330,Electrician 
41331,Other Expenses
41332,Gypsum Works
41333,Electrician 
41334,Office Expenses
41335,Consumables
41336,Consumables
41337,Consumables
41338,Consumables
41339,Consumables
41340,Precast Concrete
41341,Consumables
41342,Consumables
41343,Consumables
41344,Formwork
41345,Manpower
41346,Consumables
41347,Tyres
41348,Plant
41349,Consumables
41350,Manpower
41351,Manpower
41352,Gypsum Works
41353,Gypsum Works
41354,Precast Concrete
41355,Sundries
41356,Precast Concrete
41357,Block
41358,Pipes
41359,MEP Material
41360,Gypsum Works
41361,Gypsum Works
41362,Office Expenses
41363,MEP Material
41364,Sundries
41365,Block
41366,Façade
41367,Transformer
41368,Legal Fees 
41369,Insurance
41370,Gypsum Works
41371,Parts
41372,Electrician 
41373,Swimming Pool 
41374,Fees 
41375,Blinds
41376,Cement 
41377,Fees 
41378,Cement 
41379,Cables & Wires
41380,Sundries
41381,Office Expenses
41382,Precast Concrete
41383,Electrician 
41384,Other Expenses
41385,Immigration Fees
41386,Immigration Fees
41387,Other Expenses
41388,Insurance
41389,Other Expenses
41390,Other Expenses
41391,Charge
41392,Office Consumables 
41393,Charge
41394,Transformer
41395,Charge
41396,Tyres
41397,Electrical
41398,Insurance
41399,Water Supply
41400,Gypsum Works
41401,Geotechnical Report
41402,Manpower
41403,Tools & Parts 
41404,Sundries
41405,Gypsum Works
41406,Office Consumables 
41407,Parts
41408,Electrician 
41409,Roadworks
41410,Precast Concrete
41411,Manholes/Gratings
41412,Office Consumables 
41413,MEP Material
41414,Electrical
41415,Office Consumables 
41416,Swimming Pool 
41417,Electrical Purchaser
41418,Formwork
41419,MEP Material
41420,Gypsum Works
41421,Sundries
41422,Manpower
41423,Block
41424,Tyres
41425,Ironmongery
41426,Ironmongery
41427,Electrical
41428,Insurance
41429,Gypsum Works
41430,Site Consumables 
41431,Transformer
41432,Office Expenses
41433,Hardscape
41434,Transformer
41435,Manpower
41436,Electrician 
41437,Electrical
41438,Gypsum Works
41439,MEP Material
41440,Electrical
41441,Gypsum Works
41442,Electrical
41443,Tyres
41444,Manpower
41445,Sundries
41446,Office Expenses
41447,MEP Material
41448,MEP Material
41449,Refreshments
41450,Electrical
41451,Geotechnical Report
41452,Geotechnical Report
41453,Rebar
41454,Sundries
41455,Sundries
41456,Gypsum Works
41457,Manpower
41458,Gypsum Works
41459,MEP
41460,Hardscape
41461,Hardscape
41462,Geotechnical Report
41463,Geotechnical Report
41464,Gypsum Works
41465,Ironmongery
41466,Office Consumables 
41467,Cables & Wires
41468,Tyres
41469,Sundries
41470,Gypsum Works
41471,Electrical
41472,Insurance
41473,Sundries
41474,Electrical
41475,Gypsum Works
41476,Tyres
41477,Tyres
41478,Insurance
41479,Sundries
41480,Office Expenses
41481,Office Expenses
41482,Office Consumables 
41483,Watchman
41484,Plant
41485,Other Expenses
41486,Other Expenses
41487,Immigration Fees
41488,Other Expenses
41489,Refreshments
41490,Ironmongery
41491,Refreshments
41492,MEP Material
41493,Gypsum Works
41494,Manpower
41495,Manpower
41496,Office Expenses
41497,Tyres
41498,Manpower
41499,Electrical Works
41500,Block
41501,Ironmongery
41502,Sundries
41503,Swimming Pool 
41504,Fire Alarm
41505,Moziac
41506,Office Consumables 
41507,Electrical
41508,Drainage 
41509,Charge
41510,Charge
41511,Tyres
41512,Charge
41513,Gypsum Works
41514,Plant
41515,Tyres
41516,Charge
41517,Cement 
41518,Gypsum Works
41519,Manpower
41520,Administrative Fees 
41521,Administrative Fees 
41522,Other Expenses
41523,Site Consumables 
41524,Refreshments
41525,Shuttering Carpentry
41526,Sundries
41527,Refreshments
41528,Refreshments
41529,Legal Fees 
41530,Miscellaneous
41531,Refreshments
41532,Refreshments
41533,Refreshments
41534,Refreshments
41535,Refreshments
41536,Refreshments
41537,Refreshments
41538,Sundries
41539,Sundries
41540,Rebar
41541,Gypsum Works
41542,Electrical
41543,Elevator / Escalator / Conveyor Belt
41544,Electrical
41545,Sundries
41546,Sundries
41547,Block
41548,Gypsum Works
41549,Precast Concrete
41550,Office Consumables 
41551,PEB
41552,Block
41553,Moziac
41554,Electrical
41555,Electrician 
41556,Refreshments
41557,Manpower
41558,Manpower
41559,Manpower
41560,Gypsum Works
41561,Gypsum Works
41562,Gypsum Works
41563,Electrical
41564,Office Consumables 
41565,Office Consumables 
41566,
41567,Gypsum Works
41568,Office Expenses
41569,Refreshments
41570,Manpower
41571,Rebar
41572,Electrician 
41573,PEB
41574,Excavation
41575,Water Supply
41576,Water Supply
41577,Water Supply
41578,Water Supply
41579,Water Supply
41580,Water Supply
41581,Blinds
41582,Electrician 
41583,Electrical
41584,Façade
41585,Sundries
41586,Electrician 
41587,Material
41588,Manpower
41589,Site Related Fees
41590,Administrative Fees 
41591,Administrative Fees 
41592,Other Expenses
41593,Site Related Fees
41594,Office Expenses
41595,Blinds
41596,Insurance
41597,Insurance
41598,Insurance
41599,Insurance
41600,Insurance
41601,Electrician 
41602,Draftsmen
41603,Draftsmen
41604,Site Consumables 
41605,Insurance
41606,Insurance
41607,Sundries
41608,Gypsum Works
41609,Electrical
41610,Gypsum Works
41611,Office Consumables 
41612,Bank Charges
41613,Infrastructure 
41614,Infrastructure 
41615,Draftsmen
41616,Draftsmen
41617,Geotechnical Report
41618,Geotechnical Report
41619,Draftsmen
41620,Draftsmen
41621,Sundries
41622,Draftsmen
41623,Draftsmen
41624,Precast Concrete
41625,Gypsum Works
41626,Pipes
41627,Parts
41628,Administrative Fees 
41629,Administrative Fees 
41630,Site Related Fees
41631,Other Expenses
41632,Administrative Fees 
41633,Other Expenses
41634,Electrical
41635,Electrical
41636,Office Expenses
41637,Gypsum Works
41638,MEP Material
41639,Refreshments
41640,Block
41641,MEP Material
41642,Formwork
41643,Site Consumables 
41644,Rebar
41645,Gypsum Works
41646,Coring Works
41647,Sundries
41648,Sundries
41649,Geotechnical Report
41650,Electrical
41651,Gypsum Works
41652,Cables & Wires
41653,Charge
41654,Sundries
41655,Precast Concrete
41656,Pipes
41657,Geotechnical Report
41658,Geotechnical Report
41659,Shuttering Carpentry
41660,Office Expenses
41661,Pipes
41662,Ironmongery
41663,Tyres
41664,Reinforcement
41665,Structural Works
41666,Block Work
41667,Block Work
41668,Material
41669,Block Work
41670,Painting Work 
41671,Sundries
41672,Bank Charges
41673,Tyres
41674,Insurance
41675,Electrical
41676,Heaters
41677,Painting Work 
41678,Reinforcement
41679,Charge
41680,Plant
41681,Block Work
41682,Charge
41683,Painting Work 
41684,Cladding Work 
41685,Structural Works
41686,Tyres
41688,Painting Work 
41689,Painting Work 
41690,Fees 
41691,Tyres
41692,Cement 
41693,Water Supply
41694,Cement 
41695,Cement 
41696,Waterproofing work
41697,Cement 
41698,Gypsum Works
41699,Infrastructure 
41700,Cement 
41701,Water Supply
41702,Tyres
41703,Cement 
41704,Water Supply
41705,Block Work
41706,Plaster Work
41707,Sundries
41708,Electrical
41709,Gypsum Works
41710,Precast Concrete
41711,Sundries
41712,Electrician 
41713,Moziac
41714,Legal Fees 
41715,Gypsum Works
41716,Manpower
41717,Sundries
41718,Sundries
41719,HVAC 
41720,Cables & Wires
41721,Office Expenses
41722,Office Expenses
41723,Formwork
41724,Precast Concrete
41725,Gypsum Works
41726,Watchman
41727,Manpower
41728,Manpower
41729,Pipes
41730,Manholes/Gratings
41731,Sundries
41732,Sundries
41733,Sundries
41734,Electrical
41735,Office Consumables 
41736,Sundries
41737,Rebar
41738,Refreshments
41739,Refreshments
41740,Gypsum Works
41741,Gypsum Works
41742,Refreshments
41743,Refreshments
41744,Refreshments
41745,Refreshments
41746,Refreshments
41747,Refreshments
41748,Fire Alarm
41749,Legal Fees 
41750,Drainage 
41751,Ironmongery
41752,Gypsum Works
41753,Electrical
41754,Gypsum Works
41755,Transformer
41756,Precast Concrete
41757,Precast Concrete
41758,Office Expenses
41759,Electrical
41760,Electrical
41761,Precast Concrete
41762,Refreshments
41767,Manpower
41768,Electrician 
41769,Gypsum Works
41770,Formwork
41771,Manpower
41772,Office Consumables 
41773,
41774,Coring Works
41775,Sundries
41776,Transformer
41777,Electrical
41778,Electrical
41779,Electrical
41780,Sundries
41781,Manpower
41782,Formwork
41783,Sundries
41784,Gypsum Works
41785,Electrical
41786,Refreshments
41787,Refreshments
41788,Refreshments
41789,Refreshments
41790,Refreshments
41791,Refreshments
41792,Refreshments
41793,Refreshments
41794,Refreshments
41795,Formwork
41796,Cement 
41797,Concrete 
41798,Insurance
41799,Tyres
41800,Tyres
41801,Sundries
41802,Electrical
41803,Concrete 
41804,MEP Material
41805,MEP Material
41806,Refreshments
41807,Refreshments
41808,Refreshments
41809,Other Expenses
41810,Immigration Fees
41811,Other Expenses
41812,Immigration Fees
41813,Administrative Fees 
41814,Electrical
41815,Transformer
41816,Gypsum Works
41817,Office Expenses
41818,Electrical
41819,Manpower
41820,Sundries
41821,Precast Concrete
41822,Refreshments
41823,Refreshments
41824,Insurance
41825,Sundries
41826,Office Expenses
41827,Office Expenses
41828,Gypsum Works
41829,Office Expenses
41830,Shuttering Carpentry
41831,Sundries
41832,Sundries
41833,Rebar
41834,Geotechnical Report
41835,Geotechnical Report
41836,Ironmongery
41837,Rebar
41838,Office Consumables 
41839,Pipes
41840,Gypsum Works
41841,Gypsum Works
41842,Pipes
41843,Electrical
41844,Charge
41845,Office Consumables 
41846,Electrician 
41847,Plant
41848,Tyres
41849,Tyres
41850,Heaters
41851,Charge
41852,Gypsum Works
41853,Erection
41854,Sundries
41855,Office Expenses
41856,MEP
41857,Manpower
41858,Precast Concrete
41859,Tyres
41860,Tyres
41861,Rebar
41862,Cables & Wires
41863,Tyres
41864,Sundries
41865,Gypsum Works
41866,Vehicle & Equipment
41867,Gypsum Works
41868,Gypsum Works
41869,Gypsum Works
41870,Manpower
41871,Infrastructure 
41872,Sundries
41873,Precast Concrete
41874,Electrical
41875,Gypsum Works
41876,Electrical
41877,Manpower
41878,Manpower
41879,Electrical
41880,Sundries
41881,Manpower
41882,Sundries
41883,Electrical
41884,Gypsum Works
41885,Electrical
41886,Material
41887,Precast Concrete
41888,Precast Concrete
41889,Electrical
41890,Sundries
41891,Electrical
41892,Electrical
41893,Manpower
41894,Gypsum Works
41895,MEP Material
41896,Charge
41897,Block
41898,MEP Material
41899,Site Consumables 
41900,Gypsum Works
41901,Concrete 
41902,Office Expenses
41903,Geotechnical Report
41904,Geotechnical Report
41905,Gypsum Works
41906,Office Consumables 
41907,Gypsum Works
41908,Electrical
41909,Refreshments
41910,Refreshments
41911,Infrastructure 
41912,Electrical
41913,Geotechnical Report
41914,Geotechnical Report
41915,Electrician 
41916,Site Consumables 
41917,Office Consumables 
41918,Tyres
41919,Sundries
41920,Refreshments
41921,Gypsum Works
41922,Office Expenses
41923,Fees 
41924,Sundries
41925,Swimming Pool 
41926,Consumables
41927,Consumables
41928,Consumables
41929,Consumables
41930,Consumables
41931,Consumables
41932,Consumables
41933,Consumables
41934,Consumables
41935,Consumables
41936,Geotechnical Report
41937,Rebar
41938,Refreshments
41939,Refreshments
41940,Manholes/Gratings
41941,Sundries
41942,Electrician 
41943,Gypsum 
41944,Miscellaneous
41945,Sundries
41946,Tanks
41947,Cables & Wires
41948,Infrastructure 
41949,Sundries
41950,Sundries
41951,Precast Concrete
41952,Gypsum Works
41953,Pipes
41954,Pipes
41955,Electrical
41956,Erection
41957,Insurance
41958,Geotechnical Report
41959,Manpower
41960,Electrical
41961,Tyres
41962,Electrician 
41963,Insurance
41964,Miscellaneous
41965,Charge
41966,Electrical
41967,Formwork
41968,Site Consumables 
41969,Sundries
41970,LPG
41971,Manpower
41972,Electrical
41973,Sundries
41974,Pipes
41975,Plant
41976,Tyres
41977,Miscellaneous
41978,Cement 
41979,Electrical
41980,Façade
41981,Immigration Fees
41982,Immigration Fees
41983,Refreshments
41984,Refreshments
41985,Draftsmen
41986,Draftsmen
41987,Office Expenses
41988,Heaters
41989,Insurance
41990,Electrician 
41991,Insurance
41992,Tyres
41993,Insurance
41994,Charge
41995,Insurance
41996,Formwork
41997,Tyres
41998,Refreshments
41999,Office Consumables 
42000,Electrician 
42001,Roadworks
42002,Sundries
42003,Precast Concrete
42004,MEP Material
42005,Electrician 
42006,HVAC 
42007,Sundries
42008,Sundries
42009,Precast Concrete
42010,Ironmongery
42011,Office Consumables 
42012,Gypsum Works
42013,Gypsum Works
42014,Office Expenses
42015,Manpower
42016,Electrical
42017,Tanks
42018,Formwork
42019,Ironmongery
42020,Gypsum Works
42021,Tyres
42022,Sundries
42023,Sundries
42024,Refreshments
42025,Pipes
42026,Gypsum Works
42027,Sundries
42028,Precast Concrete
42029,LPG
42030,Refreshments
42031,Office Consumables 
42032,Gypsum Works
42033,Gypsum Works
42034,Fees 
42035,Sundries
42036,Immigration Fees
42037,Dewatering
42038,Bank Charges
42039,Bank Charges
42040,Refreshments
42041,Refreshments
42042,Refreshments
42043,Refreshments
42044,Refreshments
42045,Refreshments
42046,Refreshments
42047,Refreshments
42048,Refreshments
42049,Refreshments
42050,Refreshments
42051,Refreshments
42052,Refreshments
42053,Refreshments
42054,Gypsum Works
42055,Electrician 
42056,Manpower
42057,Fees 
42058,Water Supply
42059,Water Supply
42060,Fees 
42061,Tyres
42062,Precast Concrete
42063,Gypsum Works
42064,Gypsum Works
42065,Sundries
42066,Fees 
42067,Tyres
42068,Tyres
42069,Parts
42070,Electrical
42071,Tyres
42072,Water Supply
42073,Façade
42074,Geotechnical Report
42075,Gypsum Works
42076,Sundries
42077,Sundries
42078,Cement 
42079,Vehicle & Equipment
42080,Office Expenses
42081,Sundries
42082,Administrative Fees 
42083,Sundries
42084,Cement 
42085,Ironmongery
42086,Block
42087,Electrical
42088,Sundries
42089,Sundries
42090,Gypsum Works
42091,Incentives
42092,Block
42093,Electrical
42094,Gypsum Works
42095,Block
42096,Gypsum Works
42097,Electrician 
42098,Electrical
42099,Sundries
42100,Cement 
42101,Formwork
42102,Gypsum Works
42103,Electrical Works
42104,Swimming Pool 
42105,
42106,Gypsum Works
42107,Electrical
42108,Electrical
42109,Gypsum Works
42110,Electrical
42111,Water Supply
42112,Office Expenses
42113,Rebar
42114,Office Consumables 
42115,Medical Fees 
42116,Immigration Fees
42117,Gypsum Works
42118,Sundries
42119,Tanks
42120,Electrical
42121,Electrical
42122,Insurance
42123,Geotechnical Report
42124,Rebar
42125,Gypsum Works
42126,Precast Concrete
42127,Gypsum Works
42128,Sundries
42129,Gypsum 
42130,Gypsum Works
42131,Electrical
42132,Tyres
42133,Office Consumables 
42134,Tyres
42135,Refreshments
42136,Legal Fees 
42137,PEB
42138,Electrical
42139,Electrical
42140,Electrical
42141,Electrical
42142,Softscape (Landscape)
42143,Cement 
42144,Gypsum Works
42145,Water Supply
42146,Precast Concrete
42147,Tyres
42148,Geotechnical Report
42149,Infrastructure 
42150,Geotechnical Report
42151,Tyres
42152,Gypsum Works
42153,Miscellaneous
42154,Cement 
42155,Cement 
42156,Gypsum Works
42157,Tyres
42158,Fees 
42159,Water Supply
42160,Tyres
42161,Material
42162,Immigration Fees
42163,Administrative Fees 
42164,Fees 
42165,Infrastructure 
42166,Infrastructure 
42167,Water Supply
42168,Electrician 
42169,Parts
42170,Other Expenses
42171,Administrative Fees 
42172,Administrative Fees 
42173,Transformer
42174,Sundries
42175,Moziac
42176,Insurance
42177,Tyres
42178,Miscellaneous
42179,Sundries
42180,Insurance
42181,Plant
42182,Plant
42183,Plant
42184,Plant
42185,Plant
42186,Plant
42187,Plant
42188,Gypsum Works
42189,Plant
42190,Plant
42191,Plant
42192,Gypsum Works
42193,Cement 
42194,Office Consumables 
42195,Manholes/Gratings
42196,Electrician 
42197,Insurance
42198,Charge
42199,Tyres
42200,Tyres
42201,Insurance
42202,Insurance
42203,Transformer
42204,Gypsum 
42205,Sundries
42206,Office Consumables 
42207,Electrical
42208,Manpower
42209,Manpower
42210,Electrical
42211,Fees 
42212,Legal Fees 
42213,Sundries
42214,HVAC 
42215,Other Expenses
42216,Administrative Fees 
42217,Administrative Fees 
42218,Water Supply
42219,Formwork
42220,Gypsum Works
42221,Sundries
42222,MEP Material
42223,Office Expenses
42224,Fees 
42225,Water Supply
42226,Tyres
42227,Water Supply
42228,Fees 
42229,Fees 
42231,Gypsum Works
42232,MEP Material
42233,Electrical
42234,Shuttering Carpentry
42235,Fees 
42236,Watchman
42237,Office Expenses
42238,Office Consumables 
42239,Office Consumables 
42240,Office Expenses
42241,Fees 
42242,Other Expenses
42243,Legal Fees 
42244,Moziac
42245,Office Expenses
42247,Electrician 
42248,Tyres
42249,Electrical
42250,Refreshments
42251,Manpower
42252,Rebar
42253,Cement 
42254,Manpower
42255,Sundries
42256,Sundries
42257,Precast Concrete
42258,Electrical
42259,Gypsum Works
42260,Manpower
42261,Refreshments
42262,Furniture
42263,Tyres
42264,Immigration Fees
42265,Fees 
42266,Gypsum Works
42267,MEP Material
42268,Precast Concrete
42269,Pipes
42270,Pipes
42271,MEP Material
42272,Cement 
42273,Other Expenses
42274,Other Expenses
42275,Manpower
42276,Refreshments
42277,Electrical
42278,Refreshments
42279,Electrician 
42280,Sundries
42281,Cement 
42282,MEP Material
42283,Gypsum Works
42284,MEP Material
42285,Gypsum Works
42286,Ironmongery
42287,Gypsum Works
42288,Precast Concrete
42289,Gypsum Works
42290,Softscape (Landscape)
42291,Sundries
42292,Electrical
42293,Electrical
42294,Manpower
42295,Manpower
42296,Precast Concrete
42297,Gypsum Works
42298,Sundries
42299,Tyres
42300,Tyres
42301,Cables & Wires
42302,Insurance
42303,Erection
42304,Tyres
42305,Plant
42306,Insurance
42307,Sundries
42308,Refreshments
42309,Office Consumables 
42310,Charge
42311,Gypsum Works
42312,Electrical
42313,Meters
42314,Tyres
42315,Sundries
42316,MEP
42317,Sundries
42318,Pipes
42319,MEP Material
42320,Other Expenses
42321,Electrician 
42322,Electrical
42323,Formwork
42324,Miscellaneous
42325,Site Consumables 
42326,Electrical
42327,Swimming Pool 
42328,Fire Alarm
42329,Fire Fighting
42330,Sundries
42331,Refreshments
42332,Sundries
42333,Electrical
42334,Precast
42335,Fees 
42336,Excavation
42337,Parts
42338,Electrician 
42339,Gypsum 
42340,Gypsum 
42341,Moziac
42342,Gypsum Works
42343,Geotechnical Report
42344,Insurance
42345,Gypsum Works
42346,Manpower
42347,Precast Concrete
42348,Gypsum Works
42349,MEP Material
42350,Rebar
42351,Office Consumables 
42352,Gypsum Works
42353,Gypsum Works
42354,Electrical
42355,Tyres
42356,Transformer
42357,Manpower
42358,Gypsum Works
42359,Sundries
42360,Sundries
42361,Gypsum Works
42362,Transformer
42363,Infrastructure 
42364,Water Supply
42365,Cement 
42366,Infrastructure 
42367,Cement 
42368,Moziac
42369,Electrical
42370,Block
42371,Pipes
42372,Fees 
42373,Electrician 
42374,Refreshments
42375,Insurance
42376,Office Expenses
42377,Insurance
42378,Tyres
42379,Gypsum Works
42380,Gypsum Works
42381,Office Consumables 
42382,Miscellaneous
42383,Miscellaneous
42384,Immigration Fees
42385,Immigration Fees
42386,Sundries
42387,Sundries
42388,Office Expenses
42389,Miscellaneous
42390,Cement 
42391,Sundries
42392,Sundries
42393,Sundries
42394,Gypsum Works
42395,Electrical
42396,Concrete 
42397,Fees 
42398,Gypsum Works
42399,Ironmongery
42400,Pipes
42401,Sundries
42402,Tyres
42403,Precast Concrete
42404,Tyres
42405,Electrical
42406,Water Supply
42407,
42408,Internal Work
42409,MEP Material
42410,Rebar
42411,Geotechnical Report
42412,Geotechnical Report
42413,Sundries
42414,Sundries
42415,Sundries
42416,Refreshments
42417,Refreshments
42418,Refreshments
42419,Refreshments
42420,Refreshments
42421,Refreshments
42422,Gypsum Works
42423,Gypsum Works
42424,Site Consumables 
42425,Refreshments
42426,Tyres
42427,Watchman
42428,Plant
42429,Tyres
42431,Sundries
42432,MEP
42433,Office Expenses
42434,Sundries
42435,Miscellaneous
42436,Charge
42437,Façade
42438,Office Consumables 
42439,Legal Fees 
42440,Electrical
42441,Precast Concrete
42442,Office Expenses
42443,Manholes/Gratings
42444,Geotechnical Report
42445,Cement 
42446,Geotechnical Report
42447,Cement 
42448,Water Supply
42449,Electrical
42450,Ironmongery
42451,Sundries
42452,Electrical
42453,Insurance
42454,Formwork
42455,Fees 
42456,Electrical
42457,MEP Material
42458,Precast Concrete
42459,Electrician 
42460,Electrician 
42461,Electrician 
42462,Electrician 
42463,Electrician 
42464,Refreshments
42465,Manpower
42466,Gypsum Works
42467,Charge
42468,MEP Material
42469,Gypsum 
42470,Tyres
42471,Signage
42472,Rebar
42473,Geotechnical Report
42474,Cement 
42475,Refreshments
42476,Tyres
42477,Tyres
42478,Water Supply
42479,Manpower
42480,Sundries
42481,Refreshments
42482,Gypsum Works
42483,Electrical
42484,Gypsum Works
42485,Tyres
42486,Pipes
42487,Electrician 
42488,Electrician 
42489,Electrician 
42490,Immigration Fees
42491,Medical Fees 
42492,Pipes
42493,Office Expenses
42494,Plant
42495,PEB
42496,Softscape (Landscape)
42497,Manpower
42498,Ironmongery
42499,Rebar
42500,Site Consumables 
42501,Gypsum Works
42502,Gypsum Works
42503,Material
42504,Refreshments
42505,Precast Concrete
42506,Pipes
42507,Sundries
42508,Block
42509,Electrical
42510,Cables & Wires
42511,Electrical
42512,Gypsum Works
42513,Sundries
42514,Sundries
42515,Electrical Purchaser
42516,Office Expenses
42517,Office Expenses
42518,Site Consumables 
42519,Manpower
42520,Manpower
42521,Refreshments
42522,Fees 
42523,Coring Works
42524,Rebar
42525,Gypsum Works
42526,Sundries
42527,Miscellaneous
42528,Refreshments
42529,MEP Material
42530,PEB
42531,Swimming Pool 
42532,
42533,Electrical
42535,Transformer
42536,Blinds
42537,Infrastructure 
42538,Cement 
42539,Precast Concrete
42540,Infrastructure 
42541,Electrical
42542,Ironmongery
42543,Office Consumables 
42544,Infrastructure 
42545,Electrical
42546,Medical Fees 
42547,Sundries
42548,Geotechnical Report
42549,Geotechnical Report
42550,Electrical
42551,Ironmongery
42552,Ironmongery
42553,Concrete 
42554,Precast Concrete
42555,Sundries
42556,Rebar
42557,Office Consumables 
42558,Site Consumables 
42559,Gypsum Works
42560,Sundries
42561,Sundries
42562,Charge
42563,Electrical
42564,Sundries
42565,Charge
42566,Fees 
42567,Insurance
42568,Draftsmen
42569,Unskilled Labour
42570,Draftsmen
42571,Draftsmen
42572,Draftsmen
42573,Draftsmen
42574,Draftsmen
42575,Manholes/Gratings
42576,Manholes/Gratings
42577,Draftsmen
42578,Fire Alarm
42579,MEP
42580,Electrical
42581,Fees 
42582,Sundries
42583,Cables & Wires
42584,Material
42585,Precast Concrete
42586,Electrician 
42587,Gypsum Works
42588,Gypsum Works
42589,Office Consumables 
42590,Moziac
42591,Blinds
42592,Painting Work 
42593,Painting Work 
42594,Painting Work 
42595,Electrician 
42596,Plaster Work
42597,Cement 
42598,Tyres
42599,Refreshments
42600,Block Work
42601,Cladding Work 
42602,Structural Works
42603,Reinforcement
42604,Painting Work 
42605,Block Work
42606,Transformer
42607,Block Work
42608,Sundries
42609,Block Work
42610,Elevator / Escalator / Conveyor Belt
42611,Reinforcement
42612,Sundries
42613,Reinforcement
42614,Reinforcement
42615,Reinforcement
42616,Reinforcement
42617,Reinforcement
42618,Reinforcement
42619,Precast Concrete
42620,Gypsum Works
42621,Office Consumables 
42622,Pipes
42623,Gypsum Works
42624,Block Work
42625,Precast Concrete
42626,Reinforcement
42627,Insurance
42628,Electrician 
42629,Insurance
42630,Administrative Fees 
42631,Bank Charges
42632,Medical Fees 
42633,Other Expenses
42634,Bank Charges
42635,Immigration Fees
42636,Bank Charges
42637,Administrative Fees 
42638,Other Expenses
42639,Administrative Fees 
42640,Other Expenses
42641,Administrative Fees 
42642,Immigration Fees
42643,Consumables
42644,Consumables
42645,Consumables
42646,Consumables
42647,Consumables
42648,Consumables
42649,Consumables
42650,Consumables
42651,Consumables
42652,Other Expenses
42653,Consumables
42654,Infrastructure 
42655,Geotechnical Report
42656,Geotechnical Report
42657,Plant
42658,Gypsum Works
42659,Site Consumables 
42660,Refreshments
42661,Infrastructure 
42662,Sundries
42663,Refreshments
42664,Infrastructure 
42665,Sundries
42666,Water Supply
42667,Tyres
42668,Manpower
42669,Gypsum Works
42670,Manpower
42671,Gypsum Works
42672,Gypsum Works
42673,Façade
42675,Refreshments
42676,Tyres
42677,Tyres
42678,Insurance
42679,Blinds
42680,Block
42681,Tyres
42682,Sundries
42683,Precast Concrete
42684,Infrastructure 
42685,Sundries
42686,Infrastructure 
42687,Tyres
42688,Insurance
42689,Sundries
42690,Electrician 
42691,Sundries
42692,Sundries
42693,Insurance
42694,Charge
42695,Tyres
42696,Sundries
42697,Sundries
42698,Office Consumables 
42699,Sundries
42700,Sundries
42701,Administrative Fees 
42702,Electrical
42703,Tyres
42704,Tyres
42705,Fees 
42706,Formwork
42707,Cement 
42708,Fire Alarm
42709,Ironmongery
42710,Façade
42711,Façade
42712,Plant
42713,Precast Concrete
42714,Cables & Wires
42715,Tyres
42716,Gypsum Works
42717,Gypsum Works
42718,Gypsum Works
42719,MEP
42720,Sundries
42721,Office Consumables 
42722,Sundries
42723,Gypsum Works
42724,Geotechnical Report
42725,Vehicle & Equipment
42726,Sundries
42727,Geotechnical Report
42728,Sundries
42729,Transformer
42730,Electrician 
42731,Manpower
42732,Electrical
42733,Sundries
42734,Fuel Tank Works
42735,Sundries
42736,Ironmongery
42737,Gypsum Works
42738,Office Expenses
42739,Gypsum Works
42740,Other Expenses
42741,Sundries
42742,Fire Fighting Materials
42743,Moziac
42744,Internal Work
42745,Insurance
42746,Sundries
42747,Sundries
42748,Sundries
42749,Cables & Wires
42750,Electrical
42751,Manpower
42752,Blinds
42753,Material
42754,Pipes
42755,Manholes/Gratings
42756,Office Expenses
42757,Gypsum Works
42758,Bank Charges
42759,Refreshments
42760,Manpower
42761,Miscellaneous
42762,Ironmongery
42763,Façade
42764,Draftsmen
42765,Refreshments
42766,Electrical
42767,Refreshments
42768,Other Expenses
42769,Immigration Fees
42770,Electrical
42771,Draftsmen
42772,Drainage 
42773,Drainage 
42774,Miscellaneous
42775,Electrician 
42776,Gypsum Works
42777,Electrician 
42778,Gypsum Works
42779,Pipes
42780,Office Consumables 
42781,Sundries
42782,Insurance
42783,Immigration Fees
42784,Electrical
42785,MEP
42786,Charge
42787,Tyres
42788,Tyres
42789,MEP
42790,Swimming Pool 
42791,Sundries
42792,Geotechnical Report
42793,Fire Fighting
42794,Ironmongery
42795,Ironmongery
42796,Gypsum Works
42797,Electrical
42798,Swimming Pool 
42799,Gypsum Works
42800,Swimming Pool 
42801,Sundries
42802,Gypsum Works
42803,Gypsum Works
42804,Office Consumables 
42805,Tyres
42806,Office Expenses
42807,Metal Works
42808,Electrician 
42809,Electrician 
42810,MEP
42811,Electrical
42812,Manpower
42813,Ironmongery
42814,Sundries
42815,Heaters
42816,Block
42817,Electrical
42818,Cement 
42819,Refreshments
42820,Cement 
42821,Precast Concrete
42822,Electrical
42823,Gypsum Works
42824,Tyres
42825,MEP
42826,Pipes
42827,Pipes
42828,Office Consumables 
42829,Gypsum Works
42830,Manpower
42831,Ironmongery
42832,Precast Concrete
42833,HVAC 
42834,Gypsum Works
42835,Swimming Pool 
42836,Electrical
42837,Water Supply
42838,Electrical
42839,Sundries
42840,Tanks
42841,Sundries
42842,Geotechnical Report
42843,Geotechnical Report
42844,MEP
42845,Parts
42846,Parts
42847,Parts
42848,Parts
42849,Precast Concrete
42850,Gypsum Works
42851,Geotechnical Report
42852,Manpower
42853,Fire Alarm
42854,Ironmongery
42855,Tyres
42856,Refreshments
42858,Manholes/Gratings
42859,MEP Material
42860,Gypsum Works
42861,MEP Material
42862,Electrical
42864,Sundries
42865,Sundries
42866,Electrical
42867,Electrical
42868,Fees 
42869,Sundries
42870,Insurance
42871,Sundries
42872,Tyres
42873,Immigration Fees
42874,Site Related Fees
42875,Administrative Fees 
42876,Site Related Fees
42877,Site Related Fees
42878,Other Expenses
42879,Dewatering
42880,Site Related Fees
42881,Site Related Fees
42882,MEP Material
42883,Tyres
42884,Precast Concrete
42885,Tyres
42886,Formwork
42887,Gypsum Works
42888,Water Supply
42889,Office Expenses
42890,Tyres
42891,Other Expenses
42892,Softscape (Landscape)
42893,MEP
42894,Site Related Fees
42895,Dewatering
42896,Manpower
42897,Gypsum Works
42898,Rebar
42899,Tyres
42900,Block
42901,Electrical
42902,Sundries
42903,Rebar
42904,Manpower
42905,Gypsum Works
42906,Miscellaneous
42907,Office Expenses
42908,Tanks
42909,Ironmongery
42910,Miscellaneous
42911,Legal Fees 
42912,Internal Work
42913,Block
42914,Blinds
42915,Flooring
42916,Electrical
42917,Tanks
42918,Sundries
42919,Gypsum Works
42920,Office Expenses
42921,Sundries
42922,Tyres
42923,Cement 
42924,Swimming Pool 
42925,Office Expenses
42926,Electrical
42927,Office Consumables 
42928,Pipes
42929,Pipes
42930,Rebar
42931,Electrician 
42932,Charge
42933,Gypsum 
42934,Unskilled Labour
42935,Electrical Purchaser
42936,Water Supply
42937,Plant
42938,Charge
42939,Tyres
42940,Tyres
42941,Electrician 
42942,Sundries
42943,Gypsum Works
42944,Manpower
42945,Sundries
42946,Sundries
42947,Sundries
42948,Miscellaneous
42949,Miscellaneous
42950,Sundries
42951,Transformer
42952,Electrical
42953,Swimming Pool 
42954,Office Expenses
42955,Cables & Wires
42956,Dewatering
42957,MEP Material
42958,Sundries
42959,Office Consumables 
42960,Façade
42961,Flooring
42962,ELV 
42963,Cables & Wires
42964,Manpower
42965,Sundries
42966,Gypsum Works
42967,Sundries
42968,Fees 
42969,Sundries
42970,Precast Concrete
42971,Ironmongery
42972,Electrical
42973,Electrician 
42974,Office Consumables 
42975,Manpower
42976,Office Expenses
42977,Gypsum Works
42978,Electrician 
42979,Geotechnical Report
42980,Geotechnical Report
42981,Electrical
42982,Sundries
42983,Electrical
42984,MEP Material
42985,Sundries
42986,Sundries
42987,Geotechnical Report
42988,Geotechnical Report
42989,Manpower
42990,Gypsum Works
42991,Electrical
42992,Electrical
42993,Gypsum Works
42994,Manpower
42995,Manpower
42996,Moziac
42997,Sundries
42998,HSE
42999,Electrical Purchaser
43000,Electrical Purchaser
43001,Sundries
43002,Softscape (Landscape)
43003,Pipes
43004,Fire Alarm
43005,Precast Concrete
43006,Site Consumables 
43007,Ironmongery
43008,Gypsum Works
43009,Watchman
43010,Ironmongery
43011,Watchman
43012,Watchman
43013,Rebar
43014,Sundries
43015,Insurance
43016,Insurance
43017,Precast Concrete
43018,Charge
43019,Charge
43020,Gypsum Works
43021,Tyres
43022,Office Consumables 
43023,Moziac
43024,Moziac
43025,Cement 
43026,Tyres
43027,Electrical
43028,Charge
43029,Charge
43030,Charge
43031,Charge
43032,Charge
43033,Electrical
43034,Electrical
43035,MEP
43036,Sundries
43037,Sundries
43038,Sundries
43039,Electrical
43041,Gypsum Works
43042,Gypsum Works
43043,Blinds
43044,Sundries
43045,Legal Fees 
43046,Sundries
43047,Miscellaneous
43048,Precast Concrete
43049,Heaters
43050,Precast Concrete
43051,Formwork
43052,Ironmongery
43053,Transformer
43054,Electrical
43055,Sundries
43056,Sundries
43057,MEP Material
43058,MEP Material
43059,Water Supply
43060,Office Expenses
43061,Geotechnical Report
43062,Manpower
43063,Office Expenses
43064,MEP Material
43065,Electrician 
43066,MEP Material
43067,Gypsum Works
43068,Electrical
43069,Sundries
43070,Joinery
43071,Mirrors & Glazing 
43072,Legal Fees 
43073,Painting Works
43074,Immigration Fees
43075,Sundries
43076,Electrical
43077,Excavation
43078,Fees 
43079,Manpower
43080,Sundries
43081,Electrical
43082,Electrical
43083,Other Expenses
43084,Other Expenses
43085,Other Expenses
43086,Fire Fighting
43087,Site Related Fees
43088,Site Related Fees
43089,Site Related Fees
43090,Site Related Fees
43091,Office Expenses
43092,Electrical
43093,Insurance
43094,Electrical
43095,Geotechnical Report
43096,Sundries
43097,Sundries
43098,Sundries
43099,Sundries
43100,Sundries
43101,Sundries
43102,Sundries
43103,Tanks
43104,Sundries
43105,Sundries
43106,Electrical
43107,Manpower
43108,Sundries
43109,Gypsum Works
43110,Sundries
43111,Gypsum Works
43112,Office Expenses
43113,Manholes/Gratings
43114,Office Expenses
43115,Manpower
43116,Site Related Fees
43117,Immigration Fees
43118,Other Expenses
43119,Immigration Fees
43120,Administrative Fees 
43121,Incentives
43122,Parts
43123,Gypsum 
43124,Heaters
43126,Swimming Pool 
43127,Plant
43128,Sundries
43129,Tanks
43130,Moziac
43131,Office Expenses
43132,Ironmongery
43133,Precast Concrete
43134,Tyres
43135,Formwork
43136,Electrical
43137,Heaters
43138,Tyres
43139,Manpower
43140,Cement 
43141,Gypsum Works
43142,Tyres
43143,Vehicle & Equipment
43144,Ironmongery
43145,Gypsum Works
43146,Sundries
43147,Draftsmen
43148,Draftsmen
43149,Draftsmen
43150,Draftsmen
43151,Tyres
43152,Parts
43153,Draftsmen
43154,Draftsmen
43155,Tyres
43156,Formwork
43157,Draftsmen
43158,Sundries
43159,Reinforcement
43160,Sundries
43161,Fees 
43162,Office Consumables 
43163,Manpower
43164,Painting Work 
43165,Manpower
43167,Pipes
43168,Reinforcement
43169,Insurance
43170,Insurance
43171,Insurance
43172,Insurance
43173,Structural Works
43174,Cladding Work 
43175,Geotechnical Report
43176,Concrete 
43177,Sundries
43178,Office Expenses
43179,Geotechnical Report
43180,Precast Concrete
43181,Rebar
43182,Gypsum Works
43183,Ironmongery
43184,Pipes
43185,Manpower
43186,Gypsum Works
43187,Immigration Fees
43188,Miscellaneous
43189,Transformer
43190,Geotechnical Report
43191,Refreshments
43192,Shuttering Carpentry
43193,Electrical
43194,Coring Works
43195,Electrical
43196,Manpower
43197,Formwork
43198,Office Expenses
43199,Group Name
43200,Formwork
43201,Office Consumables 
43202,Electrician 
43203,Bank Charges
43204,Bank Charges
43205,Painting Works
43206,Tyres
43207,Tyres
43208,Plant
43209,Tyres
43210,Plant
43211,Office Consumables 
43212,Transformer
43213,Electrical
43214,Cables & Wires
43215,Fees 
43216,Sundries
43217,Gypsum Works
43218,Tyres
43219,Electrical
43220,Reinforcement
43221,Plaster Work
43222,Plaster Work
43223,Block Work
43224,Plaster Work
43225,Manpower
43226,Refreshments
43227,Formwork
43228,Pipes
43229,Precast Concrete
43230,Water Supply
43231,Gypsum Works
43232,Cement 
43233,Site Consumables 
43234,Drainage 
43235,Cement 
43236,Electrical
43237,Cables & Wires
43238,Refreshments
43239,Sundries
43240,Gypsum Works
43241,Office Expenses
43242,Reinforcement
43243,Geotechnical Report
43244,Geotechnical Report
43245,Sundries
43246,MEP
43247,Formwork
43248,Gypsum Works
43249,Gypsum Works
43250,Painting Work 
43251,Manpower
43252,Cluster Block Work
43253,Painting Work 
43254,Electrical
43255,Sundries
43256,Structural Works
43257,Cladding Work 
43258,Painting Work 
43259,Painting Work 
43260,Refreshments
43261,Refreshments
43262,Water Supply
43263,Electrical
43264,Office Consumables 
43265,Sundries
43266,Pipes
43267,Tanks
43268,Painting Work 
43269,Electrical
43270,Refreshments
43271,Sundries
43272,Refreshments
43273,Sundries
43274,Tyres
43275,Plant
43276,Electrical
43277,Sundries
43278,Office Expenses
43279,Electrical
43280,Sundries
43281,Gypsum Works
43282,Office Expenses
43283,Electrical
43284,Rebar
43285,Swimming Pool 
43286,Tyres
43287,Precast Concrete
43288,Cement 
43289,Cement 
43290,Office Expenses
43291,Tanks
43292,Gypsum 
43293,Softscape (Landscape)
43294,Office Expenses
43295,Sundries
43296,Electrical
43297,Electrical
43298,Manpower
43299,Erection
43300,Electrical
43301,Miscellaneous
43302,Tyres
43303,Unskilled Labour
43304,Sundries
43305,Geotechnical Report
43306,Cement 
43307,Excavation
43308,Sundries
43309,Precast Concrete
43310,Rebar
43311,Electrical
43312,Material
43313,Rebar
43314,Pipes
43315,Site Consumables 
43316,Façade
43317,Infrastructure 
43318,Infrastructure 
43319,Tyres
43320,MEP
43321,Insurance
43322,Electrician 
43323,Electrician 
43324,Insurance
43325,Miscellaneous
43326,Fire Fighting
43327,Fire Fighting
43328,Sundries
43329,Electrical
43330,Sundries
43331,Formwork
43332,MEP Material
43333,MEP Material
43334,Shuttering Carpentry
43335,Precast Concrete
43336,Refreshments
43337,Gypsum Works
43338,MEP Material
43339,Office Consumables 
43340,Gypsum 
43341,Blinds
43342,Moziac
43343,Elevator / Escalator / Conveyor Belt
43344,Infrastructure 
43345,Elevator / Escalator / Conveyor Belt
43346,Swimming Pool 
43347,Gypsum Works
43348,Tyres
43349,Sundries
43350,HVAC 
43351,Tyres
43352,Refreshments
43353,Tyres
43354,Tyres
43355,Refreshments
43356,Refreshments
43357,Other Expenses
43358,Rebar
43359,Ironmongery
43360,Transformer
43361,Electrician 
43362,Furniture
43363,Electrical
43364,Legal Fees 
43365,Immigration Fees
43366,Electrician 
43367,Miscellaneous
43368,Refreshments
43369,Electrical
43370,Gypsum Works
43371,Cables & Wires
43372,Sundries
43373,Electrical
43374,Miscellaneous
43375,Sundries
43376,HVAC 
43377,Ironmongery
43378,Miscellaneous
43379,Tyres
43380,Insurance
43381,Precast Concrete
43382,Formwork
43383,Pipes
43384,Water Supply
43385,Sundries
43386,Gypsum Works
43387,Insurance
43388,Manpower
43389,Refreshments
43390,Sundries
43391,Gypsum Works
43392,Gypsum Works
43393,Insurance
43394,Block
43395,Water Supply
43396,Office Consumables 
43397,Office Consumables 
43398,Site Consumables 
43399,HSE
43400,Miscellaneous
43401,Swimming Pool 
43402,Dewatering
43403,Gypsum Works
43404,Electrical
43405,Other Expenses
43406,Other Expenses
43407,Office Consumables 
43408,Other Expenses
43409,Other Expenses
43410,Geotechnical Report
43411,Geotechnical Report
43412,Unskilled Labour
43413,Office Consumables 
43414,Electrical Purchaser
43415,Electrical Purchaser
43416,Water Supply
43417,Electrical Purchaser
43418,Geotechnical Report
43419,Office Consumables 
43420,Electrical Purchaser
43421,HSE
43422,HSE
43423,Swimming Pool 
43424,Cement 
43425,Ironmongery
43426,Precast Concrete
43427,Refreshments
43428,Material
43429,Gypsum Works
43430,Office Consumables 
43431,Meters
43432,Infrastructure 
43433,Administrative Fees 
43434,Infrastructure 
43435,Elevator / Escalator / Conveyor Belt
43436,Miscellaneous
43437,Insurance
43438,Insurance
43439,Insurance
43440,Insurance
43441,MEP
43442,Flooring
43443,Pipes
43444,Fees 
43445,Sundries
43446,Electrical
43447,Insurance
43448,Insurance
43449,Insurance
43450,Insurance
43451,Insurance
43452,Refreshments
43453,Other Expenses
43454,Other Expenses
43455,Electrical
43456,Electrician 
43457,Sundries
43458,Electrician 
43459,Site Related Fees
43460,Electrical
43461,Electrical
43462,Office Expenses
43463,Formwork
43464,Office Expenses
43465,Bank Charges
43466,Bank Charges
43467,Geotechnical Report
43468,Water Supply
43469,ELV 
43470,Other Expenses
43471,Infrastructure 
43472,Flooring
43473,Consumables
43474,Water Supply
43475,Consumables
43476,Electrical
43477,Consumables
43478,Electrical
43479,Consumables
43480,Consumables
43481,Consumables
43482,Cables & Wires
43483,Consumables
43484,Consumables
43485,Consumables
43486,Consumables
43487,Electrical
43488,Gypsum Works
43489,Ironmongery
43490,Sundries
43491,Pipes
43492,Pipes
43493,Precast Concrete
43494,Dewatering
43495,Medical Fees 
43496,Refreshments
43497,Blinds
43499,Electrician 
43500,Fees 
43501,Tyres
43502,Plant
43503,HVAC 
43504,Manholes/Gratings
43505,Bank Charges
43506,Sundries
43507,Tanks
43508,Tanks
43509,Electrical
43510,Electrical
43511,Office Consumables 
43512,Electrical
43513,Water Supply
43514,Manpower
43515,Sundries
43516,MEP
43517,Dewatering
43518,Sundries
43519,Dewatering
43520,Water Supply
43521,Sundries
43522,Electrical
43523,Electrical
43524,Electrical
43525,Electrical
43526,Precast Concrete
43527,Precast Concrete
43528,Gypsum Works
43529,Office Consumables 
43530,Insurance
43531,Sundries
43532,Manpower
43533,Sundries
43534,Sundries
43535,Dewatering
43536,Cables & Wires
43537,Office Expenses
43538,Gypsum Works
43539,Sundries
43540,Sundries
43541,Electrical
43542,Gypsum Works
43543,MEP Material
43544,Office Consumables 
43545,Shuttering Carpentry
43546,Painting Works
43547,Sundries
43548,Sundries
43549,Watchman
43550,Electrical
43551,Watchman
43552,Watchman
43553,HVAC 
43554,Other Expenses
43555,Other Expenses
43556,Electrical
43557,Gypsum Works
43558,Electrical
43559,Insurance
43560,Tyres
43561,Tyres
43562,Tyres
43563,Tyres
43564,Tyres
43566,Tyres
43567,Tyres
43568,Electrical
43569,Softscape (Landscape)
43570,Tyres
43571,Tyres
43572,Tyres
43573,Tyres
43574,Tyres
43575,Tyres
43576,Tyres
43577,Tyres
43578,Tyres
43579,Tyres
43580,Gypsum Works
43581,Ironmongery
43582,Electrical
43583,Rebar
43584,Swimming Pool 
43585,Façade
43586,Bank Charges
43587,Softscape (Landscape)
43588,Sundries
43589,Ironmongery
43590,Ironmongery
43591,Gypsum Works
43592,MEP Material
43593,Other Expenses
43594,Other Expenses
43595,Electrical
43596,Gypsum Works
43597,Immigration Fees
43598,Office Consumables 
43599,Gypsum Works
43600,Immigration Fees
43601,Formwork
43602,Other Expenses
43603,Water Supply
43604,Office Consumables 
43605,Electrical
43606,Electrical
43607,Swimming Pool 
43608,Electrical
43609,Gypsum Works
43610,Dewatering
43611,Dewatering
43612,Miscellaneous
43613,Office Expenses
43614,Formwork
43615,MEP Material
43616,Sundries
43617,Painting Works
43618,Fees 
43619,Gypsum Works
43620,Rebar
43621,Manpower
43622,Geotechnical Report
43623,Geotechnical Report
43624,Office Expenses
43625,Gypsum Works
43626,Tyres
43627,Water Supply
43628,External Manpower
43629,Office Consumables 
43630,Block
43631,Rebar
43632,Refreshments
43633,Block
43634,Gypsum Works
43635,Gypsum Works
43636,Electrical
43637,Gypsum Works
43638,Office Expenses
43639,Manpower
43640,Material
43641,Sundries
43642,Electrical
43643,Sundries
43644,Geotechnical Report
43645,MEP
43646,Tyres
43647,Tyres
43648,Tyres
43649,Electrical
43650,Sundries
43651,Electrical
43652,Sundries
43653,Sundries
43654,Sundries
43655,Watchman
43656,Sundries
43657,Fire Alarm
43658,Gypsum Works
43659,Sundries
43660,Sundries
43661,Sundries
43662,Sundries
43664,Tanks
43665,Geotechnical Report
43666,Electrical
43667,Transformer
43668,Other Expenses
43669,Other Expenses
43670,Other Expenses
43671,Painting Work 
43672,Moziac
43673,Painting Work 
43674,Sundries
43675,Gypsum Works
43676,Gypsum Works
43677,Precast Concrete
43678,Fees 
43679,Fees 
43680,Ironmongery
43681,Gypsum Works
43682,Ironmongery
43683,Office Consumables 
43684,Electrician 
43685,Office Consumables 
43686,Insurance
43687,Cluster Block Work
43688,Plaster Work
43689,Painting Work 
43690,Painting Work 
43691,Painting Work 
43692,Plaster Work
43693,Flooring
43694,Gypsum Works
43695,Blinds
43696,Block
43697,Precast Concrete
43699,Sundries
43700,Miscellaneous
43701,Sundries
43702,Tyres
43703,Block
43704,Gypsum Works
43705,Manpower
43706,Gypsum Works
43707,Pipes
43708,Electrical
43709,MEP Material
43710,Manpower
43711,Tyres
43712,Gypsum Works
43713,Electrician 
43714,Precast Concrete
43715,Tyres
43716,Plant
43717,Plant
43718,Miscellaneous
43719,Manpower
43720,MEP Material
43721,Sundries
43722,Sundries
43723,Electrical
43724,Miscellaneous
43725,Tyres
43726,Tyres
43727,Tyres
43728,Tyres
43729,Sundries
43730,Tyres
43731,Fees 
43732,Draftsmen
43733,Draftsmen
43734,Draftsmen
43735,Draftsmen
43736,Cement 
43737,Draftsmen
43738,Cement 
43739,Cement 
43740,Draftsmen
43741,Tyres
43742,Draftsmen
43743,Gypsum Works
43744,Draftsmen
43745,Swimming Pool 
43746,MEP Material
43747,Electrician 
43748,Gypsum Works
43749,Office Expenses
43750,Cement 
43751,Gypsum 
43752,Sundries
43753,Façade
43754,
43755,Unskilled Labour
43756,HSE
43757,HSE
43758,Electrical Purchaser
43759,Manpower
43760,Sundries
43761,Sundries
43762,Electrical
43763,MEP
43764,Sundries
43765,Gypsum Works
43766,Sundries
43767,Infrastructure 
43768,Unskilled Labour
43769,Unskilled Labour
43770,Unskilled Labour
43771,Electrical Purchaser
43772,Electrical Purchaser
43773,Block Work
43774,Electrical Purchaser
43775,HSE
43776,Cladding Work 
43777,Structural Works
43778,Reinforcement
43779,Reinforcement
43780,Plaster Work
43781,Immigration Fees
43782,Other Expenses
43783,Other Expenses
43784,Charge
43785,Tyres
43786,Sundries
43787,Sundries
43788,Geotechnical Report
43789,Refreshments
43790,Office Expenses
43791,Electrician 
43792,Electrician 
43793,Electrician 
43794,Electrician 
43795,Electrician 
43796,Sundries
43797,Sundries
43798,Insurance
43799,Insurance
43800,Insurance
43801,Insurance
43802,Insurance
43803,Electrical
43804,Insurance
43805,Cables & Wires
43806,Signage
43807,Concrete 
43808,Tyres
43809,Manpower
43810,Gypsum Works
43811,Gypsum Works
43812,Water Supply
43813,Dewatering
43814,Dewatering
43815,Dewatering
43816,Office Consumables 
43817,Office Consumables 
43818,Tyres
43819,Geotechnical Report
43820,Other Expenses
43821,Geotechnical Report
43822,Refreshments
43823,Tyres
43824,Refreshments
43825,MEP Material
43826,Electrician 
43827,Manholes/Gratings
43828,Tyres
43829,Dewatering
43830,Sundries
43831,Manpower
43832,Sundries
43833,Sundries
43834,Refreshments
43835,Sundries
43837,Sundries
43838,Electrical
43839,Rebar
43840,Electrical
43841,MEP
43843,Gypsum Works
43844,Precast Concrete
43845,Block
43846,Precast Concrete
43847,Sundries
43848,Refreshments
43849,Ironmongery
43850,Sundries
43851,Ironmongery
43852,Sundries
43853,Signage
43854,PEB
43855,Moziac
43856,Flooring
43857,Façade
43858,MEP
43859,Concrete 
43860,Miscellaneous
43861,Signage
43862,Sundries
43863,Immigration Fees
43864,Geotechnical Report
43865,Geotechnical Report
43866,Sundries
43867,Sundries
43868,Tanks
43869,Immigration Fees
43870,Electrical
43871,Bank Charges
43872,Bank Charges
43873,Bank Charges
43874,Insurance
43875,Electrical
43876,Electrician 
43877,Sundries
43878,Electrician 
43880,Sundries
43881,Manpower
43882,Swimming Pool 
43883,Rebar
43884,Manpower
43885,Sundries
43886,Gypsum Works
43887,Tanks
43888,Precast Concrete
43889,Tyres
43890,Fees 
43891,Rebar
43892,Rebar
43893,Sundries
43894,MEP Material
43895,Cement 
43896,Pipes
43897,Precast Concrete
43898,Other Expenses
43899,Cement 
43900,Office Expenses
43901,Ironmongery
43902,Gypsum Works
43903,MEP Material
43904,Gypsum Works
43905,Office Consumables 
43906,Sundries
43907,Electrical
43908,Immigration Fees
43909,Sundries
43910,Fees 
43911,Gypsum Works
43912,Gypsum Works
43913,Miscellaneous
43914,Electrical
43915,Water Supply
43916,Formwork
43917,Infrastructure 
43918,Manpower
43919,Formwork
43920,Ironmongery
43921,Ironmongery
43922,Water Supply
43923,Manpower
43924,Gypsum Works
43925,Swimming Pool 
43926,Other Expenses
43927,Sundries
43928,Sundries
43929,Sundries
43930,Other Expenses
43931,Electrical
43932,Other Expenses
43933,Other Expenses
43934,Other Expenses
43935,Other Expenses
43936,Other Expenses
43937,Electrical
43938,Other Expenses
43939,Other Expenses
43940,Gypsum Works
43941,Gypsum Works
43942,Tyres
43943,Sundries
43944,Group Name
43945,Gypsum Works
43946,Miscellaneous
43947,Miscellaneous
43948,Gypsum Works
43949,Office Expenses
43950,MEP Material
43951,Site Consumables 
43952,Water Supply
43953,Ironmongery
43954,Shuttering Carpentry
43955,Sundries
43956,Gypsum Works
43957,Water Supply
43958,Fees 
43959,Manpower
43960,Electrician 
43961,Infrastructure 
43962,Infrastructure 
43963,Sundries
43964,Plant
43965,Electrical
43966,Tanks
43967,Geotechnical Report
43968,Geotechnical Report
43969,Sundries
43970,Electrical
43971,Cement 
43972,Ironmongery
43973,Gypsum Works
43974,Gypsum Works
43975,Gypsum Works
43976,Electrical
43977,Sundries
43978,Other Expenses
43979,Insurance
43980,Sundries
43981,Rebar
43982,MEP
43983,Charge
43984,Fees 
43985,Gypsum 
43986,Façade
43987,Legal Fees 
43988,Group Name
43989,Bank Charges
43990,Bank Charges
43991,Bank Charges
43992,Bank Charges
43993,Bank Charges
43994,Legal Fees 
43995,Formwork
43996,Cement 
43997,Cement 
43998,Ironmongery
43999,Water Supply
44000,Cement 
44001,Gypsum Works
44002,Precast Concrete
44003,Electrical
44004,Sundries
44005,Internal Work
44006,Unskilled Labour
44007,Refreshments
44008,Immigration Fees
44009,Refreshments
44010,Swimming Pool 
44011,Electrical
44012,Moziac
44013,Refreshments
44014,Cement 
44015,Cement 
44016,Tyres
44017,Excavation
44018,Gypsum Works
44019,Office Consumables 
44020,Block
44021,Water Supply
44022,Manpower
44023,Sundries
44024,Office Consumables 
44025,MEP
44026,Shuttering Carpentry
44027,Pipes
44028,Pipes
44029,Façade
44030,Façade
44031,MEP
44032,Elevator / Escalator / Conveyor Belt
44033,Refreshments
44034,Sundries
44035,Tanks
44036,Sundries
44037,Electrical
44038,Insurance
44039,Geotechnical Report
44040,Office Expenses
44041,Sundries
44042,Sundries
44043,Tyres
44044,Sundries
44045,Gypsum Works
44046,Sundries
44047,Gypsum Works
44048,Rebar
44049,Ironmongery
44050,Manpower
44051,Refreshments
44052,Office Consumables 
44053,Sundries
44054,Ironmongery
44055,Precast Concrete
44056,Gypsum Works
44057,Manpower
44058,Gypsum Works
44059,Tyres
44060,Formwork
44061,Cement 
44062,Water Supply
44063,Legal Fees 
44064,Insurance
44065,Sundries
44066,Office Expenses
44067,Sundries
44068,Façade
44069,Swimming Pool 
44070,Office Expenses
44071,Gypsum Works
44072,Manpower
44073,Block
44074,Moziac
44075,Electrical
44076,Office Consumables 
44077,Gypsum 
44078,Geotechnical Report
44079,Cement 
44080,Cement 
44081,Cement 
44082,MEP Material
44083,Geotechnical Report
44084,Geotechnical Report
44085,Tyres
44086,Sundries
44087,Manpower
44088,Manpower
44089,Gypsum Works
44090,Office Expenses
44091,Ironmongery
44092,Gypsum Works
44093,Rebar
44094,MEP Material
44095,Site Consumables 
44096,Manpower
44097,Fees 
44098,Cement 
44099,Sundries
44100,Sundries
44101,Sundries
44102,Electrical
44103,Electrical
44104,Electrical
44105,Electrical
44106,Office Consumables 
44107,Moziac
44108,Refreshments
44109,Manpower
44110,Gypsum Works
44111,Ironmongery
44112,Tyres
44113,HSE
44114,Parts
44115,Tyres
44116,Tyres
44117,Vehicle & Equipment
44118,Electrician 
44119,Furniture
44120,Unskilled Labour
44121,Unskilled Labour
44122,HSE
44123,Refreshments
44124,Façade
44125,Tyres
44126,Gypsum Works
44127,Cement 
44128,Miscellaneous
44129,Internal Work
44130,Vehicle & Equipment
44131,Water Supply
44132,Tyres
44133,Office Expenses
44134,Ironmongery
44135,Sundries
44136,Manpower
44137,Formwork
44138,Sundries
44139,Electrical
44140,Geotechnical Report
44141,Geotechnical Report
44142,Electrician 
44143,Ironmongery
44144,Rebar
44145,Tyres
44146,Tyres
44147,Tyres
44148,Tyres
44149,Tyres
44150,Tyres
44151,Insurance
44152,Insurance
44153,Insurance
44154,Insurance
44155,Insurance
44156,Geotechnical Report
44157,Electrical
44158,Geotechnical Report
44159,Geotechnical Report
44160,Geotechnical Report
44161,Miscellaneous
44162,Fees 
44163,Tyres
44164,Water Supply
44165,Tyres
44166,Tyres
44167,Sundries
44168,Tyres
44169,Tyres
44170,Electrical
44171,Gypsum Works
44172,Office Consumables 
44173,Bank Charges
44174,Bank Charges
44175,Bank Charges
44176,Electrical
44177,Electrician 
44178,Consumables
44179,Refreshments
44180,Consumables
44181,Electrician 
44182,Electrician 
44183,Electrician 
44184,Consumables
44185,Electrician 
44186,Consumables
44187,Consumables
44188,Consumables
44189,Consumables
44190,Consumables
44191,Shuttering Carpentry
44192,Moziac
44193,Moziac
44195,Electrician 
44196,Electrician 
44197,Rebar
44198,Water Supply
44199,Tyres
44200,Precast Concrete
44201,Gypsum Works
44202,Sundries
44203,Electrical
44204,Electrician 
44205,Electrician 
44206,Electrician 
44207,Electrician 
44208,Electrical
44209,MEP
44210,Miscellaneous
44211,Sundries
44212,Cables & Wires
44213,Immigration Fees
44214,Sundries
44216,Sundries
44217,Sundries
44218,Tyres
44219,Miscellaneous
44220,Sundries
44221,Pipes
44222,Office Consumables 
44223,Miscellaneous
44224,MEP Material
44225,Office Expenses
44226,Gypsum Works
44227,Block
44228,Sundries
44229,Rebar
44230,Charge
44231,Manpower
44232,Sundries
44233,Electrical
44234,LPG
44235,Gypsum Works
44236,Watchman
44237,Sundries
44238,Tanks
44239,Sundries
44240,Sundries
44241,Tanks
44242,Sundries
44244,Electrical
44245,Electrical
44246,Rebar
44247,Tyres
44248,Infrastructure 
44249,Gypsum Works
44250,Manpower
44251,Geotechnical Report
44252,Gypsum Works
44253,Sundries
44254,Gypsum Works
44255,Office Expenses
44256,Gypsum 
44257,Geotechnical Report
44258,Geotechnical Report
44259,Gypsum Works
44260,Sundries
44261,Plant
44262,Manpower
44263,Gypsum Works
44264,Cement 
44265,Water Supply
44266,MEP
44267,Tyres
44268,Precast Concrete
44269,Cables & Wires
44270,Office Consumables 
44271,Sundries
44272,Moziac
44273,Tyres
44274,Moziac
44275,Miscellaneous
44276,Electrical
44277,Concrete 
44278,Sundries
44279,Sundries
44280,Shuttering Carpentry
44281,Manpower
44282,Manpower
44283,Manpower
44284,Manpower
44285,Tyres
44286,Manpower
44287,Manpower
44288,Sundries
44289,Gypsum Works
44290,Tyres
44291,Water Supply
44292,Manpower
44293,Refreshments
44294,Immigration Fees
44295,Electrical
44296,Electrical
44297,Electrical
44298,Electrician 
44299,Transformer
44300,Transformer
44301,Electrical
44302,Electrical
44303,Electrical
44304,Electrical
44305,Electrical
44307,Sundries
44308,Tyres
44309,Sundries
44310,Office Expenses
44311,Electrician 
44312,Manpower
44313,Gypsum Works
44314,Electrician 
44315,Fees 
44316,Fees 
44317,Ironmongery
44318,Sundries
44319,Electrician 
44320,Electrician 
44321,Sundries
44322,Office Expenses
44323,Manpower
44324,Precast Concrete
44325,Office Consumables 
44326,Gypsum Works
44327,MEP Material
44328,Formwork
44329,Electrician 
44330,Cement 
44331,Water Supply
44332,Plant
44333,Draftsmen
44334,Draftsmen
44335,Draftsmen
44336,HSE
44337,Draftsmen
44338,Draftsmen
44339,Draftsmen
44340,Furniture
44341,Gypsum Works
44342,Geotechnical Report
44343,Geotechnical Report
44344,Geotechnical Report
44345,Sundries
44346,Sundries
44347,Electrical
44348,Gypsum Works
44349,Electrical
44350,Cement 
44351,Ironmongery
44352,Sundries
44353,LPG
44354,Formwork
44355,Fees 
44358,Sundries
44359,Sundries
44360,Sundries
44361,Sundries
44362,Concrete 
44363,Tyres
44364,Electrical
44365,Cement 
44366,Tanks
44367,Office Expenses
44368,Office Consumables 
44369,Precast Concrete
44370,Sundries
44371,Sundries
44372,Miscellaneous
44373,Charge
44374,Charge
44375,Electrical
44376,Electrical
44377,Office Expenses
44378,Electrical
44379,Rebar
44380,Group Name
44381,Cement 
44382,Tyres
44383,Rebar
44384,Vehicle & Equipment
44385,Office Consumables 
44386,Electrician 
44387,MEP
44388,LPG
44389,Tyres
44390,Formwork
44391,Manpower
44392,Ironmongery
44393,Precast Concrete
44394,Tyres
44395,Coring Works
44396,Tyres
44401,Tyres
44402,Tyres
44403,Tyres
44404,Manpower
44405,Water Supply
44406,Precast Concrete
44407,Material
44408,Office Expenses
44409,Insurance
44410,Gypsum Works
44411,Office Expenses
44412,Painting Works
44413,Office Consumables 
44414,Unskilled Labour
44415,Electrician 
44416,Electrician 
44417,Electrician 
44418,Electrician 
44419,Cement 
44420,Tyres
44421,Manpower
44422,Gypsum Works
44423,MEP Material
44424,Block
44425,Charge
44426,Charge
44427,Charge
44428,Electrical
44429,Sundries
44430,Geotechnical Report
44431,Sundries
44432,Electrical
44433,Geotechnical Report
44434,Electrician 
44435,Electrician 
44436,Electrician 
44437,Electrical
44438,Sundries
44439,Electrical
44440,Electrical
44441,Gypsum Works
44442,Immigration Fees
44443,Rebar
44444,Gypsum Works
44445,Electrician 
44446,Office Consumables 
44447,Precast Concrete
44448,Ironmongery
44449,Infrastructure 
44450,Electrician 
44451,Gypsum Works
44452,Gypsum Works
44453,Ironmongery
44454,Erection
44455,MEP
44456,Miscellaneous
44457,Miscellaneous
44459,Plaster Work
44460,Painting Work 
44461,Painting Work 
44462,Painting Work 
44463,Cladding Work 
44464,Reinforcement
44465,Reinforcement
44466,Reinforcement
44467,Block Work
44468,Block Work
44469,Coring Works
44470,Moziac
44471,Sundries
44472,
44473,Water Supply
44474,Electrician 
44475,Tyres
44476,Formwork
44478,Office Expenses
44479,Electrician 
44480,Block Work
44481,Painting Work 
44482,Cladding Work 
44483,Structural Works
44484,Sundries
44485,Fees 
44486,Water Supply
44487,Façade
44488,Flooring
44489,Geotechnical Report
44490,Electrician 
44491,Electrician 
44492,Tyres
44493,Tyres
44494,Tyres
44495,Tyres
44496,Tyres
44497,Façade
44498,Office Consumables 
44499,Gypsum Works
44500,Cement 
44501,Concrete 
44502,Electrical
44503,Office Expenses
44504,Office Expenses
44505,Immigration Fees
44506,Office Expenses
44507,Electrical
44508,Electrical Purchaser
44509,Electrical Works
44510,Tyres
44511,MEP
44512,Miscellaneous
44513,Sundries
44514,Precast Concrete
44515,Gypsum Works
44516,Office Expenses
44517,Metal Works
44520,Sundries
44521,Sundries
44522,MEP Material
44523,Electrician 
44524,Tyres
44526,Painting Works
44528,Immigration Fees
44529,Medical Fees 
44530,Immigration Fees
44531,Electrician 
44532,Office Consumables 
44533,Gypsum Works
44534,Insurance
44535,Insurance
44536,Gypsum Works
44537,Insurance
44538,Insurance
44539,Gypsum Works
44540,Tyres
44541,Tyres
44542,Refreshments
44544,Gypsum Works
44545,Sundries
44546,Shuttering Carpentry
44547,Tyres
44548,Manpower
44549,Fees 
44550,Tyres
44551,Precast Concrete
44552,Cement 
44553,Painting Works
44554,Geotechnical Report
44555,Geotechnical Report
44556,Flooring
44557,Refreshments
44558,Refreshments
44559,Precast Concrete
44560,Gypsum Works
44561,Cement 
44562,Rebar
44563,Sundries
44564,Block
44565,Electrician 
44566,Façade
44567,Ironmongery
44568,Moziac
44569,Drainage 
44570,Electrician 
44571,Office Expenses
44573,MEP
44574,Internal Work
44575,Incentives
44576,Gypsum Works
44577,Tyres
44578,MEP Material
44579,Ironmongery
44580,Sundries
44581,Precast Concrete
44582,Precast Concrete
44583,MEP Material
44584,MEP Material
44585,Tyres
44586,Sundries
44587,Transformer
44588,Sundries
44590,Sundries
44591,Sundries
44592,Geotechnical Report
44593,Geotechnical Report
44594,Refreshments
44595,Geotechnical Report
44597,Electrical
44598,Coring Works
44599,Office Expenses
44600,Sundries
44601,Sundries
44602,MEP Material
44603,Fees 
44604,Water Supply
44605,MEP Material
44606,Sundries
44607,Rebar
44609,Sundries
44610,Electrical
44611,Cables & Wires
44612,Electrical
44613,Tyres
44614,Office Expenses
44615,Plant
44616,MEP
44617,Sundries
44618,Block
44619,Other Expenses
44620,Other Expenses
44621,Other Expenses
44622,Immigration Fees
44623,Other Expenses
44624,Other Expenses
44625,Other Expenses
44626,Other Expenses
44627,Other Expenses
44628,Medical Fees 
44629,Sundries
44630,Medical Fees 
44631,Plant
44632,Immigration Fees
44633,Charge
44634,Insurance
44635,Charge
44636,Insurance
44637,Sundries
44638,Office Expenses
44639,Sundries
44640,Electrician 
44641,Office Consumables 
44642,Electrician 
44643,Gypsum Works
44644,Gypsum Works
44645,Precast Concrete
44646,Manpower
44647,Electrical
44648,Painting Works
44649,Swimming Pool 
44651,Electrician 
44652,Infrastructure 
44653,Cement 
44654,Infrastructure 
44655,Cement 
44656,Electrical
44657,Sundries
44658,Pipes
44659,Refreshments
44660,Gypsum Works
44661,Rebar
44662,Sundries
44663,Electrician 
44664,Office Expenses
44665,Office Expenses
44666,Cement 
44667,Gypsum Works
44668,Gypsum Works
44669,Electrical
44670,Metal Works
44671,Electrical
44672,Electrical
44673,Sundries
44674,HSE
44675,HSE
44676,
44677,Sundries
44678,Immigration Fees
44679,Miscellaneous
44680,Formwork
44681,Tyres
44682,Refreshments
44683,Sundries
44685,Sundries
44686,Sundries
44687,Material
44688,Gypsum Works
44689,Moziac
44690,Ironmongery
44691,Gypsum Works
44692,Manpower
44693,Electrical Purchaser
44694,Geotechnical Report
44695,Gypsum 
44696,Refreshments
44697,Bank Charges
44698,Swimming Pool 
44699,Refreshments
44700,HSE
44701,Electrical Purchaser
44702,HSE
44703,Vehicle & Equipment
44704,Electrical
44705,Manpower
44706,Office Expenses
44707,MEP Material
44708,Ironmongery
44709,Sundries
44710,Office Consumables 
44711,Manpower
44712,Bank Charges
44713,Bank Charges
44714,Bank Charges
44715,Sundries
44716,Ironmongery
44718,Consumables
44722,Consumables
44723,Consumables
44725,Plant
44726,Consumables
44727,Consumables
44728,Consumables
44729,Consumables
44730,Consumables
44731,Miscellaneous
44732,Consumables
44733,Sundries
44734,Gypsum Works
44735,Gypsum Works
44736,Office Expenses
44737,Miscellaneous
44738,Fees 
44739,Cement 
44740,Ironmongery
44741,Gypsum Works
44742,Office Consumables 
44744,Rebar
44745,Geotechnical Report
44746,Geotechnical Report
44747,Sundries
44748,Manholes/Gratings
44749,Sundries
44750,Electrical
44751,Gypsum Works
44752,Plant
44753,Concrete 
44754,Office Consumables 
44755,Flooring
44756,
44757,Erection
44758,Cladding Work 
44759,Structural Works
44760,Painting Work 
44761,Reinforcement
44762,Structural Works
44763,Painting Work 
44764,Cladding Work 
44765,Structural Works
44766,Fuel Tank Works
44767,Gypsum 
44768,Office Consumables 
44770,MEP
44771,Elevator / Escalator / Conveyor Belt
44772,Swimming Pool 
44773,PEB
44774,Moziac
44775,Electrician 
44776,Electrician 
44777,Gypsum Works
44778,Tyres
44779,Sundries
44780,Electrical
44781,Sundries
44782,Electrical
44783,Material
44784,Sundries
44785,Tyres
44786,Cement 
44787,Office Expenses
44788,Ironmongery
44789,Sundries
44790,Geotechnical Report
44791,Signage
44792,Electrical
44793,Sundries
44794,Miscellaneous
44795,Electrical
44796,Electrical
44797,Precast Concrete
44798,Gypsum Works
44799,Office Expenses
44800,Sundries
44801,Miscellaneous
44802,Miscellaneous
44803,Sundries
44804,Sundries
44805,Tyres
44806,Cement 
44807,Formwork
44808,Tyres
44809,Rebar
44810,Unskilled Labour
44811,HSE
44812,Gypsum Works
44813,Material
44814,Precast Concrete
44815,Office Expenses
44816,Electrical Purchaser
44817,HSE
44819,Electrical Purchaser
44820,Refreshments
44821,Refreshments
44822,Refreshments
44823,Façade
44824,Moziac
44825,Electrician 
44826,Electrical
44827,Electrical
44828,Office Consumables 
44829,Elevator / Escalator / Conveyor Belt
44830,Elevator / Escalator / Conveyor Belt
44831,Flooring
44832,Flooring
44833,Gypsum Works
44834,Electrical
44835,Legal Fees 
44836,Office Expenses
44837,Office Expenses
44838,Tyres
44839,Softscape (Landscape)
44840,MEP
44841,Transformer
44842,Ironmongery
44843,MEP Material
44844,Water Supply
44845,Insurance
44846,Formwork
44847,Water Supply
44848,Sundries
44849,Legal Fees 
44850,Geotechnical Report
44851,Geotechnical Report
44852,Geotechnical Report
44853,Sundries
44854,Tyres
44855,Blinds
44856,Formwork
44857,Incentives
44858,Insurance
44859,Gypsum Works
44860,Group Name
44861,Legal Fees 
44862,Blinds
44863,MEP
44864,Office Expenses
44865,Electrical
44866,Precast Concrete
44867,Sundries
44868,Manpower
44869,Cement 
44870,Sundries
44871,Sundries
44872,Electrical
44873,Refreshments
44874,Sundries
44875,Precast Concrete
44876,Swimming Pool 
44877,Fees 
44878,Tyres
44879,Tyres
44880,Tyres
44881,Furniture
44882,Office Consumables 
44883,Bank Charges
44884,Sundries
44885,Fees 
44886,Geotechnical Report
44887,Office Consumables 
44888,Sundries
44889,Sundries
44890,Gypsum Works
44891,Sundries
44892,Tyres
44893,Tyres
44894,Manpower
44895,Precast Concrete
44896,Cement 
44897,Gypsum Works
44898,Charge
44899,Electrician 
44900,Miscellaneous
44901,Erection
44902,Tyres
44903,Tyres
44904,Legal Fees 
44905,Tyres
44906,Immigration Fees
44907,Site Consumables 
44908,Sundries
44909,Gypsum Works
44910,Tyres
44911,Gypsum Works
44912,Manpower
44913,Pipes
44914,Gypsum Works
44915,Transformer
44917,Manpower
44918,Office Expenses
44919,Tyres
44920,Moziac
44921,Manpower
44922,Metal Works
44923,MEP Material
44924,MEP Material
44925,Gypsum Works
44926,Electrical
44928,Electrical
44929,Electrical
44930,Electrical Purchaser
44931,Office Consumables 
44932,Sundries
44933,Cement 
44934,Sundries
44935,Electrical
44936,Electrician 
44937,Sundries
44938,Sundries
44939,Sundries
44940,Charge
44941,Insurance
44942,Plant
44943,Gypsum Works
44944,Electrician 
44945,Insurance
44946,Insurance
44947,Miscellaneous
44948,Metal Works
44949,Moziac
44950,Electrical
44951,Electrician 
44952,Office Consumables 
44953,Sundries
44954,Electrical
44955,Geotechnical Report
44956,Geotechnical Report
44957,Water Supply
44958,Water Supply
44959,Office Expenses
44960,Sundries
44961,Tyres
44962,Tyres
44963,Tyres
44964,Tyres
44965,Miscellaneous
44966,Electrical
44967,Transformer
44968,Precast Concrete
44969,Cables & Wires
44970,HSE
44971,Gypsum Works
44972,Gypsum Works
44973,Legal Fees 
44974,HSE
44975,Sundries
44977,Electrical
44978,Water Supply
44979,Ironmongery
44980,Gypsum Works
44981,MEP Material
44982,Geotechnical Report
44983,Geotechnical Report
44984,Electrical
44985,Cables & Wires
44986,Tyres
44987,Tyres
44988,Office Consumables 
44991,Flooring
44992,Sundries
44993,ELV 
44994,Miscellaneous
44995,Formwork
44996,Cement 
44997,Precast Concrete
44998,Gypsum Works
44999,MEP Material
45000,Sundries
45001,Sundries
45002,Insurance
45003,Gypsum Works
45004,Gypsum Works
45005,Painting Work 
45006,Painting Work 
45007,Painting Work 
45008,Cluster Block Work
45009,Plaster Work
45010,Reinforcement
45011,Reinforcement
45012,Block Work
45013,Block Work
45014,Block Work
45015,Painting Work 
45016,Reinforcement
45017,Block Work
45018,Cluster Block Work
45019,Reinforcement
45020,Cement 
45021,Water Supply
45023,Tyres
45024,Heaters
45025,Geotechnical Report
45026,Sundries
45027,Geotechnical Report
45028,Geotechnical Report
45029,Electrical
45030,Electrical
45031,Sundries
45032,Precast Concrete
45033,Precast Concrete
45034,Manpower
45035,Office Consumables 
45036,Tyres
45037,Manpower
45038,Gypsum Works
45039,Manpower
45041,Tyres
45042,Tyres
45043,Ironmongery
45044,Moziac
45045,Administrative Fees 
45046,Refreshments
45047,Sundries
45048,Geotechnical Report
45049,Electrical
45050,Precast Concrete
45051,Tyres
45052,Moziac
45053,Transformer
45054,Transformer
45055,Electrical
45056,Electrical
45057,Manpower
45058,Tyres
45059,Cement 
45060,Electrical
45061,Manpower
45062,Ironmongery
45063,Electrical
45064,Geotechnical Report
45065,Geotechnical Report
45066,Ironmongery
45067,Geotechnical Report
45068,Geotechnical Report
45069,Office Consumables 
45070,Tanks
45071,Pipes
45072,MEP Material
45073,Office Consumables 
45074,Water Supply
45075,Sundries
45076,Tyres
45077,Swimming Pool 
45078,Bank Charges
45079,Refreshments
45080,Gypsum Works
45081,Tyres
45082,Tyres
45083,Plant
45084,Tyres
45085,Miscellaneous
45086,Insurance
45087,Refreshments
45088,Refreshments
45089,Refreshments
45090,Tyres
45091,Immigration Fees
45092,Tyres
45093,Refreshments
45094,Sundries
45095,Tyres
45096,Office Expenses
45097,Gypsum Works
45098,Ironmongery
45099,Plant
45100,Sundries
45101,Gypsum Works
45102,Gypsum Works
45103,Gypsum Works
45104,MEP
45105,Electrical
45106,Manpower
45107,MEP
45108,Manpower
45110,Pipes
45111,Tyres
45112,Tanks
45113,Sundries
45114,Electrical Purchaser
45115,Office Expenses
45116,Infrastructure 
45117,Cement 
45118,Electrician 
45119,Transformer
45121,Electrical
45122,Unskilled Labour
45123,Dewatering
45124,Swimming Pool 
45125,Site Related Fees
45126,
45127,Other Expenses
45128,Other Expenses
45129,Sundries
45130,Other Expenses
45131,Other Expenses
45132,Site Related Fees
45133,Other Expenses
45134,Office Consumables 
45136,Tyres
45137,Manpower
45138,Geotechnical Report
45139,Geotechnical Report
45140,Geotechnical Report
45141,Sundries
45142,Sundries
45143,Formwork
45144,MEP Material
45145,MEP Material
45146,Infrastructure 
45147,Miscellaneous
45148,Office Consumables 
45150,Shuttering Carpentry
45151,Electrical
45152,Sundries
45153,Gypsum Works
45154,Gypsum Works
45155,Legal Fees 
45156,Heaters
45157,Swimming Pool 
45158,Office Expenses
45159,Water Supply
45160,Pipes
45161,Tyres
45162,Office Consumables 
45163,Electrical
45164,Ironmongery
45165,Moziac
45166,Insurance
45167,Insurance
45168,Insurance
45169,Insurance
45170,Electrician 
45171,Sundries
45172,Sundries
45173,Office Expenses
45174,Gypsum Works
45175,Gypsum Works
45176,Cables & Wires
45177,Sundries
45178,Charge
45179,MEP
45180,Charge
45181,Charge
45182,Plant
45183,Insurance
45184,Cables & Wires
45185,Charge
45186,Charge
45188,Charge
45189,Charge
45190,Electrician 
45191,MEP
45192,Electrical
45193,Office Expenses
45194,Ironmongery
45195,Gypsum Works
45196,Geotechnical Report
45197,Manpower
45198,Manpower
45199,Office Expenses
45200,Bank Charges
45201,MEP
45202,Geotechnical Report
45203,Geotechnical Report
45204,Insurance
45205,Bank Charges
45206,Bank Charges
45207,Bank Charges
45208,Bank Charges
45209,LPG
45210,Softscape (Landscape)
45211,Manpower
45212,Insurance
45213,Manpower
45214,
45215,Manpower
45216,Gypsum Works
45217,Tyres
45218,Tyres
45219,Swimming Pool 
45220,Bank Charges
45221,Bank Charges
45222,Bank Charges
45223,Insurance
45224,Immigration Fees
45225,Bank Charges
45226,Legal Fees 
45227,Sundries
45228,Tyres
45229,Water Supply
45230,Water Supply
45231,Water Supply
45232,Sundries
45233,Sundries
45234,Gypsum Works
45235,Façade
45236,Cement 
45237,Gypsum Works
45238,Office Consumables 
45239,Tyres
45240,Precast Concrete
45241,Swimming Pool 
45242,Refreshments
45243,Signage
45244,Office Consumables 
45245,Office Expenses
45246,Office Expenses
45247,Pipes
45248,Manpower
45249,Tyres
45250,Refreshments
45251,Refreshments
45252,Miscellaneous
45253,Refreshments
45254,Sundries
45255,Draftsmen
45256,Unskilled Labour
45257,Draftsmen
45258,Draftsmen
45259,Draftsmen
45260,Draftsmen
45261,Gypsum 
45262,Draftsmen
45263,Tanks
45264,Electrical
45265,Gypsum Works
45266,Electrical
45267,Electrical
45268,Transformer
45269,LPG
45270,Gypsum Works
45271,Site Consumables 
45272,Sundries
45273,Gypsum Works
45274,Gypsum Works
45275,ELV 
45276,Consumables
45277,Consumables
45278,Consumables
45279,Consumables
45280,Consumables
45281,Consumables
45282,Consumables
45283,Consumables
45284,Consumables
45285,Geotechnical Report
45286,Geotechnical Report
45287,Geotechnical Report
45288,Sundries
45289,Office Consumables 
45290,Legal Fees 
45291,Tyres
45292,Water Supply
45293,Insurance
45294,Insurance
45295,Insurance
45296,Insurance
45297,Insurance
45298,Insurance
45299,Insurance
45300,Insurance
45301,Insurance
45302,Tyres
45303,Tyres
45304,Tyres
45305,Refreshments
45306,Rubber
45307,Transformer
45308,Electrical
45309,Ironmongery
45310,Gypsum 
45311,Gypsum 
45312,MEP Material
45313,Gypsum Works
45314,Office Consumables 
45315,Manpower
45316,Refreshments
45317,Office Expenses
45318,Electrical
45319,Miscellaneous
45320,Immigration Fees
45321,Site Related Fees
45322,Fire Fighting
45323,Tyres
45324,Geotechnical Report
45325,Plant
45328,Swimming Pool 
45329,Electrical
45330,
45331,Fees 
45332,Sundries
45333,Rebar
45334,Gypsum Works
45335,Gypsum Works
45336,Office Expenses
45337,Manpower
45338,Gypsum Works
45339,MEP Material
45340,Ironmongery
45341,Gypsum Works
45342,Electrician 
45343,Office Consumables 
45344,Tyres
45345,Parts
45346,Sundries
45347,Gypsum Works
45348,Sundries
45349,Infrastructure 
45350,Geotechnical Report
45351,Other Expenses
45352,Legal Fees 
45353,Pipes
45354,Electrical
45355,Electrical
45356,Sundries
45357,Cables & Wires
45358,Sundries
45359,Precast Concrete
45360,Cement 
45361,Cement 
45362,Tyres
45363,Insurance
45364,Sundries
45365,Gypsum Works
45366,Cement 
45367,Rebar
45368,Office Consumables 
45369,Internal Work
45370,Swimming Pool 
45371,MEP
45372,Office Consumables 
45373,Insurance
45374,Sundries
45375,Electrical
45376,Vehicle & Equipment
45377,Block
45378,Refreshments
45379,Water Supply
45380,Façade
45381,Other Expenses
45382,Manpower
45383,Manpower
45384,Office Expenses
45385,Office Consumables 
45386,Refreshments
45387,Sundries
45388,Refreshments
45389,Office Consumables 
45390,Tyres
45391,Gypsum Works
45392,Shuttering Carpentry
45393,MEP Material
45394,MEP Material
45395,Gypsum Works
45396,Manholes/Gratings
45397,Sundries
45398,Geotechnical Report
45399,Geotechnical Report
45400,Electrical
45401,MEP Material
45402,Geotechnical Report
45403,Ironmongery
45404,Office Consumables 
45405,Sundries
45406,Tyres
45407,Insurance
45408,Moziac
45410,Cables & Wires
45411,Gypsum Works
45412,Office Consumables 
45413,Manpower
45414,Dewatering
45415,Sundries
45416,Electrician 
45417,Pipes
45418,Electrical
45419,Formwork
45420,Sundries
45421,Water Supply
45422,Office Expenses
45423,Gypsum Works
45424,Tyres
45425,Manpower
45426,Electrical
45427,Façade
45428,Fire Alarm
45429,Painting Work 
45430,Painting Work 
45431,Painting Work 
45432,Painting Work 
45433,Painting Work 
45434,Shuttering Carpentry
45435,Reinforcement
45436,Tyres
45437,Block Work
45438,Block Work
45439,Block Work
45440,MEP
45441,Erection
45442,Gypsum 
45443,Electrical
45444,Swimming Pool 
45445,Pipes
45446,Bank Charges
45447,Electrician 
45448,Bank Charges
45449,Shuttering Carpentry
45450,Tyres
45451,Gypsum Works
45452,Manpower
45453,Precast Concrete
45454,Gypsum Works
45455,Manpower
45456,Sundries
45457,Gypsum Works
45458,Swimming Pool 
45459,Legal Fees 
45460,Vehicle & Equipment
45461,Internal Work
45462,Electrician 
45464,Coring Works
45465,Bank Charges
45466,Formwork
45467,Ironmongery
45468,Electrician 
45469,Sundries
45470,Tyres
45471,Electrician 
45472,Cables & Wires
45473,Transformer
45474,Electrical
45475,Cables & Wires
45476,Sundries
45477,PEB
45478,PEB
45479,Pipes
45480,Immigration Fees
45481,Façade
45482,Electrical Works
45483,Gypsum 
45484,Flooring
45485,Gypsum Works
45486,Sundries
45487,Site Consumables 
45488,Manpower
45489,Electrical Works
45490,Cement 
45491,Gypsum Works
45492,Ironmongery
45493,Office Consumables 
45494,Site Consumables 
45495,Sundries
45496,Gypsum Works
45497,Office Expenses
45498,ELV 
45499,Geotechnical Report
45500,Sundries
45501,Electrician 
45502,Gypsum Works
45503,Electrical
45504,Sundries
45505,Sundries
45506,Geotechnical Report
45507,Sundries
45508,Geotechnical Report
45509,Vehicle & Equipment
45510,Miscellaneous
45511,Miscellaneous
45512,Office Expenses
45513,Geotechnical Report
45514,Electrician 
45515,Electrical
45516,Electrical
45517,Tanks
45518,Refreshments
45519,Pipes
45520,Pipes
45521,Swimming Pool 
45522,Electrical
45523,Tyres
45524,Refreshments
45526,Bank Charges
45527,Tyres
45528,MEP
45529,Immigration Fees
45530,Fees 
45531,Bank Charges
45532,Pipes
45533,Fees 
45534,Immigration Fees
45535,Fees 
45536,Draftsmen
45537,Draftsmen
45538,Unskilled Labour
45539,Fees 
45540,Fees 
45541,Draftsmen
45542,Draftsmen
45543,Gypsum Works
45544,Gypsum Works
45545,Manpower
45546,HSE
45547,Draftsmen
45548,Draftsmen
45549,Miscellaneous
45550,Ironmongery
45551,Ironmongery
45552,Gypsum Works
45553,Gypsum Works
45554,Tyres
45555,Manpower
45556,Façade
45557,Cables & Wires
45558,Miscellaneous
45559,Miscellaneous
45560,Miscellaneous
45563,Miscellaneous
45564,Insurance
45565,Charge
45566,Charge
45567,Gypsum Works
45568,Erection
45569,Charge
45570,Miscellaneous
45571,Charge
45572,Cables & Wires
45573,Insurance
45574,Erection
45575,Charge
45576,Insurance
45577,Plant
45578,Manpower
45579,Insurance
45580,Miscellaneous
45581,Charge
45582,Office Expenses
45583,Miscellaneous
45584,Insurance
45585,Tyres
45586,Geotechnical Report
45587,Office Expenses
45588,Office Expenses
45589,Tyres
45590,Infrastructure 
45591,Vehicle & Equipment
45592,Sundries
45593,Gypsum Works
45594,Electrical
45595,Blinds
45596,Ironmongery
45597,Cables & Wires
45598,Miscellaneous
45599,Cables & Wires
45600,Plant
45601,Sundries
45602,Sundries
45603,Cables & Wires
45604,Electrical
45605,Tyres
45606,ELV 
45607,Softscape (Landscape)
45608,Office Expenses
45609,Fire Alarm
45610,Sundries
45611,Flooring
45612,Flooring
45613,Tyres
45614,Gypsum Works
45615,Insurance
45616,MEP Material
45617,Moziac
45618,Swimming Pool 
45619,Insurance
45620,Sundries
45621,Gypsum Works
45622,Material
45624,Tanks
45625,Formwork
45626,Legal Fees 
45627,Manpower
45628,Office Consumables 
45629,Sundries
45630,Sundries
45631,Electrical
45632,
45633,Office Expenses
45634,Geotechnical Report
45635,MEP
45636,Miscellaneous
45637,Geotechnical Report
45638,Refreshments
45639,Pipes
45640,Electrical Purchaser
45641,Cement 
45642,Gypsum Works
45643,Office Consumables 
45644,Other Expenses
45645,Other Expenses
45646,Other Expenses
45647,Other Expenses
45648,Precast Concrete
45649,Other Expenses
45650,Gypsum Works
45651,Manpower
45652,Manpower
45653,Infrastructure 
45654,Electrician 
45655,Tyres
45656,MEP Material
45657,Cement 
45658,Manpower
45659,Office Consumables 
45660,Sundries
45661,Gypsum Works
45662,Formwork
45663,Gypsum Works
45664,Water Supply
45665,Fees 
45666,MEP Material
45667,MEP Material
45668,Moziac
45669,Concrete 
45670,Sundries
45671,Sundries
45672,Sundries
45673,Ironmongery
45674,Gypsum 
45675,External Manpower
45676,Office Expenses
45677,Tyres
45678,Gypsum Works
45679,Insurance
45680,Electrical
45681,Manpower
45682,Infrastructure 
45683,Insurance
45684,Concrete 
45685,Tyres
45686,Legal Fees 
45687,Sundries
45688,Sundries
45689,Site Consumables 
45690,Cement 
45691,Gypsum Works
45692,Office Expenses
45693,Sundries
45694,Geotechnical Report
45695,Tyres
45696,Sundries
45697,Geotechnical Report
45698,Vehicle & Equipment
45699,Electrical
45700,Office Consumables 
45701,Office Consumables 
45702,MEP Material
45703,Rebar
45704,Tyres
45705,Geotechnical Report
45706,Sundries
45707,Geotechnical Report
45708,Refreshments
45709,Immigration Fees
45710,Other Expenses
45711,Precast Concrete
45712,Gypsum Works
45713,Infrastructure 
45714,Infrastructure 
45715,Tyres
45716,Manpower
45717,Miscellaneous
45718,Gypsum Works
45719,Gypsum Works
45720,Gypsum Works
45721,Gypsum Works
45722,Plant
45724,Insurance
45725,Charge
45726,Insurance
45727,Charge
45728,Tyres
45730,Charge
45731,Miscellaneous
45732,Sundries
45733,Medical Fees 
45734,Gypsum Works
45735,Water Supply
45736,Gypsum Works
45737,Ironmongery
45738,Shuttering Carpentry
45739,Manpower
45740,Sundries
45741,Manholes/Gratings
45742,Office Expenses
45743,Heaters
45744,Pipes
45745,Bank Charges
45746,Bank Charges
45747,Bank Charges
45748,Bank Charges
45749,Gypsum Works
45750,Gypsum Works
45751,Cement 
45752,Manpower
45753,Sundries
45754,Gypsum Works
45755,Ironmongery
45756,Pipes
45757,Material
45758,Miscellaneous
45759,Charge
45760,Painting Works
45761,Sundries
45762,Electrical
45763,Consumables
45764,Consumables
45765,Consumables
45766,Consumables
45767,Consumables
45768,Consumables
45769,Consumables
45770,Consumables
45771,Tyres
45772,Gypsum Works
45773,ELV 
45774,Manpower
45775,Manpower
45776,Office Expenses
45777,Sundries
45778,Office Consumables 
45779,Pipes
45780,Geotechnical Report
45781,Manpower
45782,Sundries
45783,Tyres
45784,Electrical
45785,Parts
45786,Tyres
45787,Refreshments
45788,Gypsum Works
45789,Sundries
45791,Blinds
45792,PEB
45793,Medical Fees 
45794,Manpower
45795,Formwork
45796,Manpower
45797,Manpower
45798,Office Expenses
45799,Tyres
45800,Office Consumables 
45801,Geotechnical Report
45802,Tanks
45803,Gypsum Works
45804,Tyres
45805,Electrical
45806,Electrical
45807,Tyres
45808,Material
45809,Geotechnical Report
45810,Geotechnical Report
45811,Dewatering
45812,Coring Works
45813,Geotechnical Report
45814,Pipes
45815,Gypsum 
45816,Immigration Fees
45817,Tyres
45818,Tyres
45819,Electrical
45820,Gypsum Works
45821,MEP Material
45822,MEP Material
45823,Ironmongery
45824,Fees 
45825,Sundries
45826,Gypsum Works
45827,Gypsum Works
45828,Immigration Fees
45829,Miscellaneous
45830,Tyres
45831,Sundries
45833,Parts
45834,Parts
45835,Parts
45836,Parts
45837,Parts
45838,Parts
45839,Parts
45840,Parts
45841,Legal Fees 
45842,Parts
45843,Parts
45844,Parts
45845,Parts
45846,Refreshments
45847,Incentives
45848,Manpower
45849,Sundries
45850,Cables & Wires
45851,Gypsum Works
45852,Gypsum Works
45853,Fees 
45854,Roadworks
45855,Refreshments
45856,Refreshments
45857,Other Expenses
45858,Office Consumables 
45859,Internal Work
45860,Geotechnical Report
45861,Incentives
45862,Insurance
45863,Sundries
45864,Insurance
45865,Insurance
45866,Insurance
45867,Insurance
45868,Insurance
45869,Insurance
45870,Tyres
45871,Tyres
45872,Tyres
45873,Tyres
45874,Plant
45875,MEP
45876,Gypsum Works
45877,Administrative Fees 
45878,Electrical
45879,Electrician 
45880,Ironmongery
45881,Insurance
45882,Insurance
45883,Electrical
45884,Refreshments
45885,Sundries
45886,Gypsum Works
45887,Sundries
45888,MEP Material
45889,Electrician 
45890,Precast Concrete
45891,Manpower
45892,Tyres
45893,Signage
45894,Geotechnical Report
45895,Gypsum Works
45896,Office Consumables 
45897,Formwork
45898,Electrician 
45899,Geotechnical Report
45900,Geotechnical Report
45901,Office Consumables 
45902,MEP
45904,Electrician 
45905,Electrician 
45906,Precast Concrete
45907,Incentives
45908,Precast Concrete
45909,Tyres
45910,Pipes
45911,Miscellaneous
45912,Pipes
45913,Miscellaneous
45914,Gypsum Works
45915,Furniture
45916,Office Consumables 
45917,Meters
45918,Incentives
45919,Refreshments
45920,Incentives
45921,Incentives
45922,Façade
45923,Sundries
45924,Ironmongery
45925,Material
45926,
45927,Manpower
45928,Manpower
45929,Manpower
45930,Gypsum Works
45931,Refreshments
45932,Tyres
45933,Precast Concrete
45934,MEP Material
45935,Precast Concrete
45936,MEP Material
45937,Ironmongery
45938,Office Expenses
45939,Façade
45940,Tyres
45941,Sundries
45942,Geotechnical Report
45943,Electrical
45944,Geotechnical Report
45945,Sundries
45946,Sundries
45947,Sundries
45948,Geotechnical Report
45949,Sundries
45950,Ironmongery
45951,Pipes
45952,Electrical
45953,Office Consumables 
45954,Swimming Pool 
45955,Miscellaneous
45956,Painting Work 
45957,Block Work
45958,Gypsum Works
45959,Block Work
45960,Heaters
45961,Plaster Work
45962,Moziac
45963,Fire Alarm
45964,Roadworks
45965,Painting Work 
45966,Plaster Work
45967,Precast Concrete
45968,Ironmongery
45969,Concrete 
45970,Tyres
45971,Sundries
45972,Manpower
45973,Office Expenses
45974,Furniture
45975,Office Expenses
45976,Draftsmen
45977,Draftsmen
45978,Draftsmen
45979,Draftsmen
45980,Draftsmen
45981,Draftsmen
45982,Draftsmen
45983,Draftsmen
45984,Refreshments
45985,Draftsmen
45986,Geotechnical Report
45987,Administrative Fees 
45988,Electrical
45989,Refreshments
45990,Sundries
45991,Water Supply
45992,Electrical
45993,Manpower
45994,Office Expenses
45995,Office Expenses
45996,Furniture
45997,Ironmongery
45998,Gypsum Works
45999,Gypsum Works
46000,Manpower
46001,Gypsum Works
46002,Material
46003,Electrician 
46004,Roadworks
46005,Tyres
46006,Electrical
46007,Moziac
46008,Painting Work 
46009,Painting Work 
46010,Gypsum Works
46011,Office Expenses
46012,Geotechnical Report
46013,Geotechnical Report
46014,Cement 
46015,Manpower
46020,Geotechnical Report
46021,Geotechnical Report
46022,MEP
46023,Office Expenses
46024,Electrical
46025,Internal Work
46026,Internal Work
46027,Internal Work
46028,Office Expenses
46029,Office Expenses
46030,MEP Material
46031,Sundries
46032,Manpower
46033,Manpower
46034,Legal Fees 
46035,Office Consumables 
46036,MEP Material
46037,Gypsum Works
46038,Electrician 
46039,Fees 
46040,Cables & Wires
46041,Sundries
46042,Gypsum Works
46043,Material
46044,Ironmongery
46045,Pipes
46046,Manpower
46047,Infrastructure 
46048,Ironmongery
46049,Site Consumables 
46050,Ironmongery
46051,Geotechnical Report
46052,Precast Concrete
46053,Watchman
46054,Block
46055,Façade
46056,Manpower
46057,Sundries
46058,Geotechnical Report
46059,Insurance
46060,Legal Fees 
46061,Sundries
46062,Erection
46063,Gypsum Works
46064,Sundries
46065,Sundries
46066,Swimming Pool 
46067,Manpower
46068,Sundries
46069,Sundries
46070,Sundries
46071,Tyres
46072,Office Consumables 
46073,Sundries
46074,Office Consumables 
46075,Tyres
46076,Office Consumables 
46077,Sundries
46078,Pipes
46079,MEP
46080,Miscellaneous
46081,Insurance
46082,Insurance
46083,Insurance
46084,Erection
46085,Insurance
46086,Charge
46087,Plant
46088,Charge
46089,Plant
46090,Insurance
46091,Manpower
46092,Tyres
46093,Sundries
46094,Geotechnical Report
46095,Miscellaneous
46096,Office Expenses
46097,Pipes
46098,Gypsum Works
46099,Rebar
46100,Office Consumables 
46101,Tyres
46102,Immigration Fees
46103,Other Expenses
46104,Immigration Fees
46105,Immigration Fees
46106,Transformer
46107,Immigration Fees
46108,Geotechnical Report
46109,Miscellaneous
46110,MEP Material
46111,Ironmongery
46112,Electrical Purchaser
46113,Material
46114,Rebar
46115,ELV 
46116,Gypsum Works
46117,Material
46118,Office Consumables 
46119,Electrical
46120,Gypsum Works
46121,Gypsum Works
46122,Electrician 
46123,Electrical
46124,Charge
46126,Sundries
46127,Charge
46128,Miscellaneous
46129,Insurance
46130,Charge
46131,Charge
46132,Tyres
46133,Tyres
46134,Tyres
46135,Tyres
46136,Tyres
46137,Tyres
46138,Tyres
46139,Tyres
46140,Charge
46141,Charge
46142,Charge
46143,Charge
46144,Sundries
46145,Medical Fees 
46146,Manpower
46147,Geotechnical Report
46148,Water Supply
46149,Medical Fees 
46150,Immigration Fees
46151,Flooring
46152,Geotechnical Report
46153,Sundries
46154,Manpower
46155,Façade
46156,MEP Material
46157,Flooring
46158,Tyres
46159,Tyres
46160,Office Expenses
46161,Material
46162,Manpower
46164,Tyres
46165,Swimming Pool 
46166,Electrical
46167,Gypsum Works
46168,Ironmongery
46169,Cement 
46170,Rebar
46171,Sundries
46172,Sundries
46173,Electrical
46174,Geotechnical Report
46175,Office Consumables 
46176,Office Consumables 
46177,Gypsum Works
46178,MEP Material
46179,Tyres
46180,Gypsum Works
46181,Elevator / Escalator / Conveyor Belt
46182,Refreshments
46183,Plant
46184,Plant
46185,Plant
46186,Sundries
46187,Electrical
46188,Shuttering Carpentry
46189,Other Expenses
46190,Insurance
46191,Ironmongery
46192,Insurance
46193,Manpower
46194,Sundries
46195,Infrastructure 
46196,Infrastructure 
46197,Geotechnical Report
46198,Other Expenses
46199,Manpower
46200,Manpower
46201,Infrastructure 
46202,Ironmongery
46203,Metal Works
46204,Medical Fees 
46205,External Manpower
46206,Office Expenses
46207,Office Consumables 
46209,MEP Material
46210,Electrical
46211,Sundries
46212,Precast Concrete
46213,Office Expenses
46214,Sundries
46215,Formwork
46216,Office Expenses
46217,MEP
46218,Fees 
46219,Tyres
46220,Sundries
46221,Gypsum 
46222,Electrician 
46223,Coring Works
46224,Gypsum Works
46225,Manpower
46226,Other Expenses
46227,Other Expenses
46228,Other Expenses
46229,Other Expenses
46230,Immigration Fees
46231,Site Related Fees
46232,Tyres
46233,Excavation
46234,Tyres
46235,Gypsum Works
46236,Gypsum Works
46237,Gypsum Works
46238,Office Expenses
46239,Cables & Wires
46240,Geotechnical Report
46241,Heaters
46242,Sundries
46243,Electrician 
46244,Water Supply
46245,Tyres
46246,Excavation
46247,Gypsum Works
46248,Gypsum 
46249,Electrical
46250,Transformer
46251,Rebar
46252,Electrical
46253,MEP Material
46254,Electrical
46255,Geotechnical Report
46256,Gypsum Works
46257,Ironmongery
46259,Site Consumables 
46260,Shuttering Carpentry
46261,Sundries
46262,Sundries
46263,Office Consumables 
46264,Internal Work
46265,Manpower
46266,Internal Work
46267,Gypsum Works
46268,Signage
46269,Geotechnical Report
46270,Sundries
46271,Miscellaneous
46272,Tyres
46273,Swimming Pool 
46274,Tyres
46275,Office Consumables 
46276,Office Expenses
46277,Internal Work
46278,Gypsum Works
46279,Gypsum Works
46280,Manpower
46281,Manpower
46282,Office Consumables 
46283,Pipes
46284,Gypsum Works
46285,Tyres
46286,Parts
46287,Parts
46288,Ironmongery
46289,Manpower
46290,Sundries
46291,Gypsum Works
46292,Electrician 
46293,Insurance
46294,Heaters
46295,Insurance
46296,MEP
46297,Insurance
46298,Insurance
46299,Insurance
46300,Insurance
46301,Geotechnical Report
46302,Electrical
46303,MEP Material
46304,Miscellaneous
46305,Office Expenses
46306,Refreshments
46307,Immigration Fees
46308,Electrical
46309,Transformer
46310,Gypsum Works
46311,Tyres
46312,Gypsum Works
46313,Fees 
46315,Site Consumables 
46316,Geotechnical Report
46317,Tyres
46318,Site Related Fees
46319,Concrete 
46320,MEP Material
46321,Manpower
46322,Office Consumables 
46323,Tyres
46324,Cables & Wires
46325,Sundries
46326,Miscellaneous
46327,Sundries
46328,Tyres
46329,Ironmongery
46330,Gypsum Works
46331,Geotechnical Report
46332,Dewatering
46336,External Manpower
46337,Gypsum Works
46338,Moziac
46339,Dewatering
46340,Ironmongery
46341,Gypsum Works
46342,Sundries
46343,Gypsum Works
46344,Office Expenses
46345,Sundries
46347,Gypsum Works
46348,Electrical
46349,Electrical
46350,Geotechnical Report
46351,Gypsum Works
46352,Office Expenses
46353,Fees 
46354,Gypsum Works
46355,Ironmongery
46356,Ceramic & Porcelain
46357,Pipes
46358,Sundries
46359,Office Consumables 
46360,Softscape (Landscape)
46361,Geotechnical Report
46362,Refreshments
46363,Gypsum Works
46364,Gypsum Works
46365,Cables & Wires
46366,Electrical
46367,Electrical
46369,Charge
46370,Electrician 
46371,Tyres
46372,Charge
46373,Miscellaneous
46374,Insurance
46375,Insurance
46376,Tyres
46378,Geotechnical Report
46379,Geotechnical Report
46380,Tyres
46381,Tyres
46383,Sundries
46384,Gypsum Works
46385,Manpower
46386,Manpower
46387,Manpower
46388,Electrical
46389,Electrical
46390,Office Expenses
46391,Gypsum Works
46392,Miscellaneous
46393,Manpower
46394,Sundries
46395,Ironmongery
46396,Geotechnical Report
46397,Swimming Pool 
46398,Swimming Pool 
46399,Miscellaneous
46400,Façade
46401,Heaters
46402,Heaters
46403,Consumables
46404,Concrete 
46405,Consumables
46406,Consumables
46407,Consumables
46408,Consumables
46409,Consumables
46410,Consumables
46411,Consumables
46412,Consumables
46413,Sundries
46414,Gypsum Works
46415,Gypsum Works
46416,Gypsum Works
46417,Swimming Pool 
46418,MEP Material
46419,Vehicle & Equipment
46420,Gypsum Works
46421,Material
46422,Material
46423,Office Expenses
46424,Gypsum Works
46425,Sundries
46426,Manpower
46427,Office Expenses
46428,ELV 
46429,Tyres
46430,Pipes
46431,Sundries
46432,Geotechnical Report
46433,Sundries
46434,Tyres
46435,Medical Fees 
46436,Formwork
46437,Manpower
46438,Swimming Pool 
46439,Electrical
46440,Sundries
46442,MEP Material
46443,Sundries
46444,Blinds
46445,Electrical
46446,Geotechnical Report
46447,Ironmongery
46448,MEP Material
46449,Geotechnical Report
46450,Façade
46451,Gypsum 
46452,Ironmongery
46453,Office Consumables 
46454,Gypsum Works
46455,Gypsum Works
46456,Gypsum Works
46457,Insurance
46458,Insurance
46459,Charge
46460,Meters
46461,Insurance
46462,Rebar
46464,Gypsum Works
46467,Ironmongery
46468,Ironmongery
46469,Gypsum Works
46470,Painting Work 
46471,Painting Work 
46472,Painting Work 
46473,Gypsum Works
46474,Precast Concrete
46475,Water Supply
46476,Concrete 
46477,LPG
46478,Sundries
46479,Gypsum Works
46481,Sundries
46482,Sundries
46483,Gypsum Works
46484,Pipes
46485,Geotechnical Report
46486,Tyres
46487,Manpower
46488,Electrical
46489,Sundries
46490,Geotechnical Report
46491,MEP
46492,Material
46493,Ironmongery
46494,Gypsum Works
46495,Cement 
46496,Ironmongery
46497,Tyres
46498,Gypsum Works
46499,Water Supply
46500,Tyres
46501,Block Work
46502,Painting Work 
46503,Gypsum Work
46504,Painting Work 
46505,Pipes
46506,Concrete 
46507,Electrical
46509,Swimming Pool 
46510,Sundries
46511,Ironmongery
46512,MEP
46513,Geotechnical Report
46514,Precast Concrete
46515,Gypsum Works
46516,Gypsum Works
46517,Swimming Pool 
46518,Sundries
46519,Office Consumables 
46520,Office Consumables 
46521,Electrician 
46522,Electrician 
46523,Miscellaneous
46524,Gypsum 
46525,Manpower
46526,Geotechnical Report
46527,Manpower
46528,MEP Material
46529,Ironmongery
46530,Electrical
46531,Gypsum Works
46532,Office Expenses
46533,Pipes
46534,Gypsum Works
46535,Electrical
46536,Sundries
46537,Miscellaneous
46538,Refreshments
46539,Draftsmen
46540,Draftsmen
46541,Draftsmen
46542,Draftsmen
46543,Draftsmen
46544,Draftsmen
46545,Gypsum Works
46546,Miscellaneous
46547,Legal Fees 
46548,Fees 
46549,Tyres
46550,Heaters
46551,Concrete 
46552,Tyres
46553,Electrical
46554,Gypsum Works
46555,Infrastructure 
46556,Water Supply
46557,Formwork
46558,Geotechnical Report
46559,Pipes
46562,Tyres
46563,Electrical
46564,Gypsum Works
46565,Office Expenses
46566,Electrician 
46567,Electrical
46568,Water Supply
46569,Electrical
46570,Rebar
46571,Office Consumables 
46572,Office Consumables 
46573,Pipes
46574,Gypsum Works
46575,Joinery
46576,Geotechnical Report
46577,Electrical Purchaser
46578,Water Supply
46579,Geotechnical Report
46580,Sundries
46581,Gypsum Works
46582,Erection
46583,Tyres
46584,Tyres
46585,Tyres
46586,Parts
46587,Tyres
46588,Parts
46589,Charge
46590,Gypsum Works
46591,Gypsum Works
46592,Pipes
46593,Bank Charges
46594,Refreshments
46595,Tyres
46596,Administrative Fees 
46597,Immigration Fees
46598,Bank Charges
46599,Sundries
46601,Sundries
46602,Ironmongery
46603,Tyres
46604,Tyres
46605,Insurance
46606,Insurance
46607,Rebar
46608,Insurance
46609,Insurance
46610,Insurance
46611,Insurance
46612,Sundries
46613,Insurance
46614,Office Expenses
46615,Miscellaneous
46616,Office Consumables 
46617,Insurance
46618,Swimming Pool 
46619,Cables & Wires
46620,Tyres
46621,Immigration Fees
46622,Other Expenses
46623,Electrician 
46624,Immigration Fees
46625,Immigration Fees
46626,Electrician 
46627,Sundries
46628,Tyres
46629,Gypsum Works
46630,Ironmongery
46631,Electrical
46632,Sundries
46633,Pipes
46634,Ironmongery
46635,Office Expenses
46636,Geotechnical Report
46637,Sundries
46638,Gypsum Works
46639,Swimming Pool 
46640,Geotechnical Report
46641,Water Supply
46642,Ironmongery
46643,Tyres
46644,Cement 
46645,Manpower
46646,Manpower
46647,Manpower
46649,Manpower
46650,
46651,Heaters
46652,Sundries
46653,Tyres
46654,Bank Charges
46655,Bank Charges
46656,Bank Charges
46657,Bank Charges
46658,Bank Charges
46659,Bank Charges
46660,Bank Charges
46661,Refreshments
46662,Sundries
46663,Electrical
46664,Rebar
46665,Sundries
46666,Moziac
46667,Precast Concrete
46668,Material
46669,Office Expenses
46670,Insurance
46671,Gypsum Works
46672,Electrical
46673,Immigration Fees
46674,Electrical
46675,Precast Concrete
46676,Refreshments
46677,Electrical
46678,Blinds
46679,Sundries
46680,Gypsum Works
46681,Gypsum Works
46682,Fees 
46683,Miscellaneous
46684,Immigration Fees
46685,Office Consumables 
46686,Erection
46687,Office Consumables 
46688,Electrical
46689,Electrical
46690,Pipes
46691,Manholes/Gratings
46692,Blinds
46693,Geotechnical Report
46694,Office Expenses
46695,Consumables
46696,Consumables
46697,Consumables
46698,Consumables
46699,Consumables
46700,Consumables
46701,Consumables
46702,Consumables
46703,Consumables
46705,Manpower
46706,Gypsum Works
46707,Pipes
46708,Bank Charges
46709,MEP
46710,Tyres
46711,Sundries
46712,Gypsum Works
46713,MEP Material
46714,Electrician 
46715,Electrical
46716,MEP Material
46717,Office Expenses
46718,Office Expenses
46719,Electrical
46720,Moziac
46721,Gypsum Works
46722,Office Expenses
46723,Meters
46724,Miscellaneous
46725,Parts
46726,Geotechnical Report
46727,Gypsum Works
46728,Geotechnical Report
46729,Tyres
46730,Office Consumables 
46731,Material
46732,Geotechnical Report
46733,Office Consumables 
46734,Gypsum Works
46735,Electrician 
46736,Formwork
46737,Tyres
46738,Ironmongery
46739,Office Expenses
46740,Gypsum Works
46741,Medical Fees 
46742,Furniture
46743,Moziac
46744,Tyres
46745,Tyres
46746,Geotechnical Report
46747,Precast Concrete
46748,Sundries
46749,Cement 
46750,Gypsum Works
46751,Infrastructure 
46752,Gypsum Works
46753,Office Expenses
46754,Water Supply
46755,Meters
46756,Infrastructure 
46757,Manpower
46758,Electrical
46759,Swimming Pool 
46760,Refreshments
46761,Shuttering Carpentry
46762,Legal Fees 
46763,Pipes
46764,Electrical
46765,Electrical
46766,Water Supply
46767,Manpower
46768,Sundries
46769,Sundries
46770,Insurance
46771,Refreshments
46772,Fees 
46773,PEB
46774,Medical Fees 
46775,Medical Fees 
46776,Medical Fees 
46777,Watchman
46778,Legal Fees 
46779,Tyres
46780,Ironmongery
46781,Pipes
46782,Geotechnical Report
46783,Cables & Wires
46784,Pipes
46785,Precast Concrete
46786,Group Name
46787,Legal Fees 
46788,Charge
46789,Electrical
46790,Material
46791,Office Expenses
46792,Concrete 
46793,Tyres
46796,Manpower
46797,Electrical
46798,Geotechnical Report
46799,Electrical
46800,Façade
46801,Refreshments
46802,Refreshments
46803,Cement 
46804,Sundries
46805,Geotechnical Report
46806,Gypsum Works
46807,Material
46808,Ironmongery
46809,Electrical
46810,Administrative Fees 
46811,Façade
46812,Office Expenses
46813,Sundries
46814,Geotechnical Report
46815,Sundries
46816,Plant
46817,Gypsum Works
46818,Sundries
46819,Manpower
46820,Coring Works
46821,Tyres
46822,Gypsum Works
46823,Gypsum Works
46824,Geotechnical Report
46825,Heaters
46826,Electrical
46827,Electrical
46829,Sundries
46830,Sundries
46831,Swimming Pool 
46832,Immigration Fees
46833,Geotechnical Report
46834,Legal Fees 
46835,Legal Fees 
46836,Manpower
46837,Manpower
46838,Manpower
46839,Gypsum Works
46840,Cement 
46841,Gypsum Works
46842,Sundries
46843,Material
46845,Flooring
46846,MEP Material
46847,Other Expenses
46848,Material
46849,Manpower
46850,Office Consumables 
46851,Medical Fees 
46852,Geotechnical Report
46853,Sundries
46854,Electrician 
46855,Other Expenses
46856,Other Expenses
46857,Other Expenses
46858,Other Expenses
46859,Other Expenses
46860,Other Expenses
46861,Other Expenses
46862,Immigration Fees
46863,Other Expenses
46864,Pipes
46865,Sundries
46866,Office Consumables 
46867,Legal Fees 
46868,Incentives
46869,Electrical
46870,Office Consumables 
46871,Water Supply
46872,Tyres
46873,Gypsum Works
46874,Tyres
46875,Excavation
46877,Site Consumables 
46878,Cement 
46879,Geotechnical Report
46880,Gypsum Works
46881,Pipes
46882,Electrical
46883,Sundries
46884,Sundries
46885,Sundries
46886,Tyres
46887,Sundries
46888,Sundries
46889,Sundries
46890,Refreshments
46891,Gypsum Works
46892,Gypsum Works
46893,Electrician 
46894,
46895,Ironmongery
46896,MEP Material
46897,Sundries
46898,Water Supply
46899,Internal Work
46900,Swimming Pool 
46901,Gypsum Works
46902,Sundries
46903,Cables & Wires
46904,Electrician 
46905,Sundries
46906,Sundries
46907,Sundries
46908,Refreshments
46909,Manpower
46910,Electrical
46911,Geotechnical Report
46912,Refreshments
46913,Precast Concrete
46914,MEP Material
46915,Vehicle Related Fees
46916,Sundries
46917,Electrician 
46918,Medical Fees 
46919,Electrical
46920,Office Expenses
46921,Tyres
46922,Office Consumables 
46923,Office Consumables 
46924,Office Consumables 
46925,Manholes/Gratings
46926,Sundries
46927,Formwork
46929,Sundries
46930,Sundries
46931,Sundries
46932,Office Consumables 
46933,Refreshments
46934,Miscellaneous
46935,Office Consumables 
46936,Gypsum Works
46937,Gypsum Works
46938,Charge
46939,Gypsum Works
46940,Insurance
46941,Miscellaneous
46942,Tyres
46943,Gypsum Works
46944,Precast Concrete
46945,Geotechnical Report
46946,Tyres
46947,Electrician 
46948,MEP
46949,Gypsum Works
46950,Precast Concrete
46951,Manpower
46952,Ironmongery
46953,Water Supply
46954,Refreshments
46955,Refreshments
46956,Immigration Fees
46957,Miscellaneous
46958,Refreshments
46959,Immigration Fees
46960,Office Expenses
46961,Incentives
46962,Fees 
46963,Bank Charges
46964,Immigration Fees
46965,Immigration Fees
46966,Immigration Fees
46967,Immigration Fees
46968,Sundries
46969,Façade
46970,Geotechnical Report
46971,Gypsum Works
46972,Gypsum Works
46973,Sundries
46974,Pipes
46975,Gypsum Works
46976,Sundries
46977,Electrical
46978,Sundries
46979,Sundries
46980,Swimming Pool 
46981,Site Consumables 
46982,Gypsum Works
46983,Cables & Wires
46984,Medical Fees 
46985,Immigration Fees
46986,Geotechnical Report
46987,Geotechnical Report
46988,Electrical
46989,Gypsum Works
46990,Site Consumables 
46991,Gypsum Works
46992,Furniture
46993,Geotechnical Report
46994,Sundries
46995,Manpower
46996,Tyres
46997,Gypsum Works
46998,Sundries
46999,Electrical
47000,Tanks
47001,Tyres
47002,Electrician 
47003,Office Consumables 
47004,Office Expenses
47005,
47006,Geotechnical Report
47007,Precast Concrete
47008,Fees 
47009,Gypsum Works
47010,Sundries
47011,Pipes
47012,Electrical
47013,Electrical
47014,Fees 
47015,Joinery
47016,Internal Work
47017,Moziac
47018,Geotechnical Report
47019,Concrete 
47020,Formwork
47021,Tyres
47022,Gypsum Works
47023,Signage
47024,Cement 
47025,Precast Concrete
47026,Manpower
47027,Office Consumables 
47028,Painting Work 
47029,Painting Work 
47030,Painting Work 
47031,Painting Work 
47032,Painting Work 
47033,Tyres
47034,Formwork
47035,Tyres
47036,Manpower
47037,Gypsum Works
47038,Formwork
47039,Concrete 
47040,Geotechnical Report
47041,Gypsum Works
47042,Electrical
47043,Blinds
47044,Electrical
47045,Transformer
47046,Parts
47047,Office Expenses
47048,Electrical
47049,Immigration Fees
47050,Gypsum Works
47051,Sundries
47052,Manpower
47053,Gypsum Works
47054,Office Expenses
47055,Swimming Pool 
47056,Cables & Wires
47057,Tyres
47058,Material
47059,Material
47060,Sundries
47061,Geotechnical Report
47062,Sundries
47063,Pipes
47064,Gypsum Works
47065,Sundries
47066,Office Expenses
47067,Gypsum Works
47068,Refreshments
47069,Insurance
47070,Electrical
47071,Infrastructure 
47072,Manpower
47073,Excavation
47074,Sundries
47075,Tyres
47076,Façade
47077,Cement 
47078,Sundries
47079,Geotechnical Report
47080,Tyres
47081,Water Supply
47082,Manpower
47083,MEP Material
47084,Gypsum Works
47085,Transformer
47087,Pipes
47088,Electrician 
47089,Office Consumables 
47090,Draftsmen
47091,Tyres
47092,Draftsmen
47093,HSE
47094,Joinery
47095,Electrical
47096,Geotechnical Report
47097,MEP Material
47098,Precast Concrete
47099,Water Supply
47100,Sundries
47101,Electrical Purchaser
47102,Electrical
47103,Geotechnical Report
47104,Charge
47105,Insurance
47106,Miscellaneous
47107,Charge
47108,Tyres
47109,Meters
47110,Tyres
47111,Tyres
47112,Tyres
47113,Rebar
47114,Miscellaneous
47115,Gypsum Works
47116,Gypsum Works
47117,Geotechnical Report
47118,Internal Work
47119,Electrical
47120,Blinds
47121,Office Consumables 
47122,Office Consumables 
47123,Ironmongery
47124,Tyres
47125,Tyres
47126,Ironmongery
47127,Gypsum Works
47128,Sundries
47129,Water Supply
47130,Sundries
47131,HSE
47132,Draftsmen
47133,Draftsmen
47134,Medical Fees 
47135,Electrical
47136,HSE
47137,HSE
47138,Meters
47139,Sundries
47140,Furniture
47141,Sundries
47142,Transformer
47143,Water Supply
47144,Electrical
47145,Office Consumables 
47146,Signage
47147,Electrical
47148,Insurance
47149,Electrical
47150,Coring Works
47151,Immigration Fees
47152,Immigration Fees
47153,Immigration Fees
47154,Other Expenses
47155,Immigration Fees
47156,Immigration Fees
47157,Immigration Fees
47158,Administrative Fees 
47159,Sundries
47160,Cement 
47161,Gypsum Works
47162,Tyres
47163,Internal Work
47164,Concrete 
47165,Pipes
47166,Pipes
47168,Tyres
47169,Tyres
47170,Tyres
47171,Insurance
47172,Tyres
47173,Gypsum Works
47174,Gypsum Works
47175,Erection
47176,Charge
47177,Insurance
47178,Sundries
47179,Transformer
47180,Miscellaneous
47181,Erection
47183,Shuttering Carpentry
47184,Tools & Parts 
47185,Tools & Parts 
47186,Tools & Parts 
47187,Shuttering Carpentry
47188,Ironmongery
47189,Water Supply
47190,Cement 
47191,MEP Material
47192,Pipes
47193,Gypsum Works
47194,Pipes
47195,Heaters
47196,Refreshments
47197,Bank Charges
47198,Bank Charges
47199,Bank Charges
47200,Bank Charges
47201,Bank Charges
47202,Bank Charges
47203,Bank Charges
47204,Parts
47205,Parts
47206,Parts
47207,Precast Concrete
47208,Gypsum Works
47209,MEP Material
47210,Material
47211,Electrician 
47212,Sundries
47213,Electrician 
47214,Electrical
47216,Electrical
47217,Gypsum Works
47218,Refreshments
47219,Geotechnical Report
47220,Office Expenses
47221,Manpower
47222,Manpower
47223,Office Expenses
47224,Manpower
47225,Electrical
47226,Transformer
47227,MEP
47228,Electrical
47229,Electrical
47230,Office Consumables 
47231,Blinds
47232,Office Consumables 
47233,Refreshments
47234,Gypsum 
47235,Fees 
47236,Miscellaneous
47237,Miscellaneous
47238,Legal Fees 
47239,Coring Works
47240,Electrician 
47241,Manpower
47242,Electrical
47243,Electrical
47244,Electrician 
47245,Office Consumables 
47246,Office Expenses
47247,Tyres
47248,Electrical
47249,Tyres
47250,Block Work
47251,Moziac
47252,Geotechnical Report
47253,Geotechnical Report
47255,Manpower
47256,Gypsum Works
47257,Precast Concrete
47258,Electrical
47259,Fees 
47260,Formwork
47261,Office Expenses
47262,Transformer
47263,Façade
47264,Gypsum Works
47265,Pipes
47266,Gypsum Works
47267,Electrical
47268,Gypsum Works
47269,Material
47270,Manpower
47271,Precast Concrete
47272,Furniture
47273,Rebar
47274,Gypsum Works
47275,Miscellaneous
47276,Gypsum 
47277,Miscellaneous
47278,Vehicle & Equipment
47280,Sundries
47282,Sundries
47283,Electrical
47284,Furniture
47285,Insurance
47286,Miscellaneous
47287,Tyres
47288,Miscellaneous
47289,Miscellaneous
47290,Miscellaneous
47291,Electrician 
47292,Formwork
47293,Ironmongery
47294,Pipes
47295,Incentives
47296,Gypsum 
47297,Office Expenses
47299,Plant
47300,Cement 
47303,Insurance
47304,Charge
47305,Sundries
47306,Miscellaneous
47307,Tyres
47308,Tyres
47309,Formwork
47310,Rebar
47311,Tyres
47312,Tyres
47313,Pipes
47314,Tyres
47315,Electrical
47316,Geotechnical Report
47317,Insurance
47318,Miscellaneous
47319,Water Supply
47320,Immigration Fees
47321,Gypsum Works
47322,MEP Material
47323,Gypsum Works
47324,Manpower
47325,Office Expenses
47326,
47327,Other Expenses
47328,Site Related Fees
47329,Site Related Fees
47330,Site Related Fees
47331,Other Expenses
47332,Other Expenses
47333,Other Expenses
47334,Immigration Fees
47335,Geotechnical Report
47336,Gypsum Works
47337,Plant
47338,Electrical
47340,Electrical
47341,MEP
47342,Office Consumables 
47343,Office Expenses
47344,Sundries
47345,Gypsum Works
47346,Sundries
47347,Swimming Pool 
47348,Office Expenses
47349,Gypsum Works
47350,
47351,Concrete 
47352,Tyres
47353,Tyres
47354,Tyres
47355,Sundries
47356,Material
47357,Parts
47358,Parts
47359,Geotechnical Report
47360,Sundries
47361,Tyres
47362,Ironmongery
47363,Electrician 
47364,Sundries
47365,Sundries
47366,Sundries
47367,Electrical Purchaser
47368,Swimming Pool 
47369,Consumables
47370,Consumables
47372,Consumables
47373,Consumables
47374,Consumables
47375,Consumables
47376,Consumables
47377,Consumables
47378,Consumables
47379,Consumables
47380,Consumables
47381,Sundries
47382,Office Consumables 
47383,Insurance
47384,Site Related Fees
47385,Medical Fees 
47386,Façade
47387,Electrician 
47388,Cement 
47389,Sundries
47390,Sundries
47391,Sundries
47392,Electrical
47393,Sundries
47394,Electrical
47395,Ironmongery
47396,Bank Charges
47397,Bank Charges
47398,Tyres
47399,Pipes
47400,Miscellaneous
47401,Pipes
47402,Immigration Fees
47403,Erection
47404,Erection
47405,Erection
47406,Office Consumables 
47407,Office Consumables 
47408,Cement 
47409,Manpower
47410,Office Expenses
47411,Infrastructure 
47412,Infrastructure 
47413,Geotechnical Report
47414,MEP Material
47415,Sundries
47416,Gypsum Works
47417,Sundries
47418,Parts
47419,Erection
47420,Erection
47421,Erection
47422,Gypsum 
47423,Façade
47424,Electrician 
47425,Façade
47426,Façade
47427,Electrical
47428,Gypsum Works
47429,Gypsum Works
47430,Infrastructure 
47431,Electrical
47432,Formwork
47433,Formwork
47434,Water Supply
47435,Material
47436,Gypsum Works
47437,Rebar
47438,Sundries
47439,Site Consumables 
47440,Gypsum Works
47441,Swimming Pool 
47442,Insurance
47443,Water Supply
47444,Water Supply
47445,Water Supply
47446,Gypsum Works
47447,Office Expenses
47448,Tyres
47449,Tyres
47450,Tyres
47451,Medical Fees 
47452,Electrical
47453,Swimming Pool 
47454,Office Expenses
47455,Cables & Wires
47456,Moziac
47457,Plant
47458,Office Consumables 
47459,Geotechnical Report
47460,Tanks
47461,Tyres
47462,MEP Material
47463,Electrician 
47464,Electrician 
47465,Ironmongery
47466,Tyres
47467,Swimming Pool 
47468,Appliances
47469,Gypsum Works
47470,Refreshments
47471,Cement 
47472,Electrical
47473,Electrical
47474,Sundries
47475,Refreshments
47476,Electrical
47477,Manpower
47478,Manpower
47479,Swimming Pool 
47480,Legal Fees 
47481,Swimming Pool 
47482,Gypsum Works
47483,Façade
47484,Manpower
47485,Gypsum Works
47486,Gypsum Works
47487,Gypsum Works
47488,Gypsum Works
47489,Gypsum Works
47490,Geotechnical Report
47491,Pipes
47492,Electrical
47493,Ironmongery
47494,Office Expenses
47495,Electrician 
47496,Swimming Pool 
47497,Cables & Wires
47498,Gypsum Works
47499,Legal Fees 
47500,Electrician 
47501,Electrician 
47502,Electrician 
47503,Sundries
47504,Electrical
47505,Office Expenses
47506,Electrical
47507,Pipes
47508,Electrician 
47509,Insurance
47510,Plant
47511,Insurance
47512,Insurance
47513,Insurance
47514,Refreshments
47515,Manpower
47517,Sundries
47519,External Manpower
47520,Geotechnical Report
47521,Office Expenses
47522,Sundries
47523,Rebar
47524,Office Expenses
47525,Manpower
47526,Cables & Wires
47527,Electrical
47528,Sundries
47529,Electrical
47530,Ironmongery
47531,Precast Concrete
47532,Parts
47533,Furniture
47534,Office Expenses
47535,Electrical
47537,Pipes
47538,Electrical
47539,Façade
47540,Office Expenses
47543,Flooring
47544,Electrical
47546,Shuttering Carpentry
47547,Sundries
47548,Transformer
47549,Sundries
47550,MEP Material
47551,Electrical
47552,Fees 
47553,Medical Fees 
47554,Façade
47555,Painting Works
47556,Geotechnical Report
47557,Gypsum Works
47558,Office Consumables 
47560,Sundries
47561,Plant
47562,Gypsum Works
47563,Plant
47564,Swimming Pool 
47565,Incentives
47566,Swimming Pool 
47567,Flooring
47568,Cables & Wires
47569,Sundries
47570,Geotechnical Report
47571,Gypsum Works
47572,Electrical Purchaser
47573,Office Expenses
47574,Tyres
47575,MEP
47576,Parts
47579,Gypsum Works
47580,Gypsum Works
47581,Gypsum Works
47582,Plant
47583,Gypsum Works
47584,Gypsum Works
47585,Plant
47586,Gypsum Works
47587,PEB
47588,Plant
47589,Precast Concrete
47590,Sundries
47591,Gypsum 
47592,Pipes
47593,Ironmongery
47594,Geotechnical Report
47595,Pipes
47596,Office Expenses
47597,Ironmongery
47598,Office Expenses
47599,Electrician 
47600,Insurance
47601,Softscape (Landscape)
47602,Gypsum Works
47603,Legal Fees 
47604,Tyres
47605,Manpower
47606,Office Expenses
47607,Office Expenses
47608,Façade
47609,Sundries
47610,Electrical
47611,Furniture
47612,Refreshments
47613,Office Expenses
47614,Tyres
47615,Site Consumables 
47616,Electrical
47617,Shuttering Carpentry
47618,Plant
47619,Charge
47620,Tyres
47621,Plant
47622,Plant
47623,Gypsum Works
47624,Sundries
47625,Sundries
47626,Sundries
47627,Cables & Wires
47628,Manpower
47629,Precast Concrete
47630,MEP Material
47631,Tyres
47632,Painting Work 
47633,Reinforcement
47634,Block Work
47635,Painting Work 
47636,Painting Work 
47637,Painting Work 
47638,Painting Work 
47639,Plaster Work
47640,Erection
47641,Shuttering Carpentry
47642,Gypsum Works
47643,Gypsum Works
47644,Gypsum Works
47645,Heaters
47646,Façade
47647,Plant
47648,Plant
47649,Plant
47650,
47651,Internal Work
47652,Plant
47653,Insurance
47654,Plant
47655,Insurance
47656,Charge
47657,Swimming Pool 
47658,Sundries
47659,Cables & Wires
47660,Sundries
47661,Manpower
47662,Manpower
47663,Sundries
47664,Manpower
47666,Geotechnical Report
47667,Pipes
47668,Gypsum Works
47669,Electrical
47670,Dewatering
47674,Gypsum Works
47675,Electrical
47677,Refreshments
47678,Electrical
47680,Gypsum Works
47682,Gypsum Works
47683,Gypsum Works
47684,MEP Material
47685,Block
47686,Sundries
47688,Sundries
47689,Electrical
47690,Sundries
47692,Electrical
47693,Fire Fighting
47694,Miscellaneous
47695,Manpower
47696,Manpower
47697,Manpower
47698,Fees 
47699,Manpower
47700,Erection
47701,Office Consumables 
47702,Gypsum Works
47703,Electrician 
47704,Gypsum Works
47705,Plant
47706,Insurance
47707,Draftsmen
47708,Draftsmen
47709,Insurance
47710,Draftsmen
47711,Insurance
47712,Insurance
47713,Draftsmen
47714,Plant
47715,Draftsmen
47716,Parts
47717,Parts
47718,Draftsmen
47719,Parts
47720,Draftsmen
47721,Plant
47722,Plant
47723,Bank Charges
47724,Bank Charges
47725,Bank Charges
47726,Bank Charges
47727,Bank Charges
47728,Bank Charges
47729,Precast Concrete
47730,Electrical
47731,Electrical
47732,Site Related Fees
47733,Other Expenses
47734,Immigration Fees
47735,Electrical
47736,Immigration Fees
47737,
47738,Geotechnical Report
47739,Immigration Fees
47740,Refreshments
47741,Façade
47742,Geotechnical Report
47743,Gypsum Works
47744,MEP Material
47745,Group Name
47746,Insurance
47747,Softscape (Landscape)
47748,Formwork
47749,Infrastructure 
47750,Tyres
47751,Manpower
47752,Electrical
47753,Gypsum Works
47754,Sundries
47755,Sundries
47756,Erection
47757,Tyres
47758,Swimming Pool 
47759,Swimming Pool 
47762,Cables & Wires
47763,Concrete 
47764,Insurance
47765,Ironmongery
47766,Water Supply
47767,Ironmongery
47768,Electrical Purchaser
47769,Pipes
47770,Ironmongery
47771,Sundries
47772,Tyres
47773,Electrical
47774,Precast Concrete
47775,Manpower
47776,Cables & Wires
47777,Manpower
47778,Manpower
47779,Internal Work
47780,Mirrors & Glazing 
47781,Pipes
47782,Gypsum Works
47783,Precast Concrete
47784,Gypsum Works
47785,Manpower
47786,Pipes
47787,Swimming Pool 
47788,Office Expenses
47789,Geotechnical Report
47790,Refreshments
47791,Façade
47792,Gypsum 
47793,Sundries
47794,Refreshments
47795,Gypsum Works
47796,Legal Fees 
47797,Geotechnical Report
47798,Immigration Fees
47799,Gypsum Works
47800,Gypsum Works
47802,Electrical
47803,Pipes
47804,Geotechnical Report
47805,MEP Material
47806,Gypsum Works
47807,Tyres
47808,Ironmongery
47809,Erection
47810,Flooring
47811,Sundries
47812,Electrical
47813,Gypsum Works
47815,Sundries
47816,Ironmongery
47817,Office Expenses
47818,Sundries
47819,Moziac
47820,Electrical
47821,Other Expenses
47822,Immigration Fees
47823,Immigration Fees
47824,Gypsum Works
47825,Fees 
47826,Pipes
47827,Immigration Fees
47828,Office Expenses
47829,Painting Work 
47830,Immigration Fees
47831,MEP Material
47832,Gypsum Works
47833,Immigration Fees
47834,Site Related Fees
47835,Plant
47836,Plant
47837,Charge
47838,Charge
47839,Charge
47840,Charge
47841,Electrical
47842,Immigration Fees
47843,Other Expenses
47844,Electrical
47845,Sundries
47846,Electrical
47847,Electrical
47848,Gypsum Works
47849,Electrical
47850,Elevator / Escalator / Conveyor Belt
47851,Swimming Pool 
47852,Sundries
47853,Sundries
47854,Electrical
47856,Tanks
47857,Electrical
47858,Cables & Wires
47859,Electrical
47860,MEP
47862,Water Supply
47863,Manpower
47864,Precast Concrete
47865,Erection
47866,Gypsum Works
47868,Office Expenses
47869,Plant
47870,Erection
47871,Insurance
47872,Gypsum Works
47873,Insurance
47874,Insurance
47875,Gypsum Works
47876,Refreshments
47877,Façade
47878,Parts
47879,Parts
47880,Parts
47881,Gypsum Works
47882,Electrical
47883,Cables & Wires
47884,Office Consumables 
47885,Precast Concrete
47886,Sundries
47887,Electrical
47888,Immigration Fees
47889,Immigration Fees
47890,Immigration Fees
47891,Transformer
47892,Moziac
47893,Infrastructure 
47894,Infrastructure 
47895,Geotechnical Report
47896,Cement 
47897,Façade
47898,Office Expenses
47899,Gypsum Works
47900,Sundries
47901,Gypsum Works
47902,Pipes
47903,Plant
47904,Manpower
47905,Gypsum Works
47906,Gypsum Works
47907,Office Expenses
47908,Pipes
47909,Gypsum Works
47910,Office Expenses
47911,Insurance
47912,Swimming Pool 
47913,Sundries
47914,Sundries
47916,Tyres
47917,Office Expenses
47918,Gypsum Works
47919,Swimming Pool 
47920,Electrical
47921,Electrical
47922,Fees 
47923,Cables & Wires
47924,Tyres
47925,Plant
47926,Electrical
47927,Gypsum Works
47928,Electrical
47929,Electrical
47930,Sundries
47931,MEP Material
47932,Gypsum Works
47933,Electrical
47934,Sundries
47935,Metal Works
47936,Bank Charges
47937,Gypsum Works
47938,Precast Concrete
47939,Tyres
47940,Refreshments
47941,Cables & Wires
47942,Swimming Pool 
47943,Tyres
47944,MEP Material
47945,Manpower
47946,Erection
47947,Bank Charges
47948,Swimming Pool 
47949,Electrical
47950,Sundries
47951,Ironmongery
47952,Concrete 
47953,Sundries
47954,Tyres
47955,Electrician 
47956,Flooring
47957,Parts
47958,Plant
47959,Geotechnical Report
47960,Geotechnical Report
47961,Electrical
47962,Swimming Pool 
47963,Consumables
47964,Consumables
47965,Consumables
47966,Consumables
47967,Consumables
47968,Consumables
47969,Consumables
47970,Consumables
47971,Consumables
47972,Consumables
47973,Consumables
47974,Tyres
47975,Sundries
47976,Sundries
47977,Manpower
47978,Immigration Fees
47979,Electrical
47980,Geotechnical Report
47981,Manpower
47982,Sundries
47983,Ironmongery
47984,Gypsum Works
47985,Tyres
47986,LPG
47987,Geotechnical Report
47988,Sundries
47989,Office Consumables 
47990,Material
47991,Tyres
47992,Gypsum Works
47993,Gypsum Works
47994,Gypsum Works
47995,Blinds
47996,Façade
47997,Office Expenses
47998,Moziac
47999,Electrical
48000,Refreshments
48001,Gypsum Works
48002,Gypsum Works
48003,Plant
48004,Insurance
48005,Plant
48006,Insurance
48007,Sundries
48008,Plant
48009,Façade
48010,Sundries
48011,Sundries
48012,Electrical
48013,Electrical
48014,Transformer
48023,Gypsum Works
48026,Erection
48027,Geotechnical Report
48028,Gypsum Works
48029,Sundries
48030,Tyres
48031,Office Expenses
48032,MEP Material
48033,Parts
48034,Geotechnical Report
48035,Sundries
48036,Electrician 
48037,Manholes/Gratings
48038,Fees 
48039,Refreshments
48040,Refreshments
48041,Swimming Pool 
48042,Electrical
48043,Manpower
48044,Manpower
48045,Site Consumables 
48046,Site Consumables 
48047,Site Consumables 
48048,Swimming Pool 
48049,Electrical
48050,Material
48051,Furniture
48052,Façade
48053,Electrician 
48054,Fire Alarm
48055,Precast Concrete
48056,MEP Material
48057,Gypsum Works
48058,Ironmongery
48059,Precast Concrete
48060,Group Name
48061,Office Expenses
48062,Gypsum Works
48063,Façade
48064,Sundries
48065,Insurance
48066,Tyres
48067,Vehicle & Equipment
48068,Plant
48069,Insurance
48070,Pipes
48071,
48072,Rebar
48073,Gypsum Works
48074,Swimming Pool 
48075,
48076,Manpower
48077,Façade
48078,Façade
48079,Joinery
48080,Swimming Pool 
48081,Electrician 
48082,Electrician 
48083,Sundries
48084,Pipes
48085,Pipes
48086,Material
48087,Ironmongery
48088,Pipes
48089,Ceramic & Porcelain
48090,Roadworks
48091,Cement 
48092,Office Expenses
48093,Fees 
48094,Tyres
48095,Joinery
48096,Geotechnical Report
48097,Geotechnical Report
48098,Blinds
48099,Bank Charges
48100,Refreshments
48101,Ironmongery
48102,Pipes
48103,Metal Works
48104,Plant
48105,MEP Material
48106,Ironmongery
48107,Tyres
48108,
48109,Sundries
48110,Electrical
48111,Plant
48112,External Manpower
48113,Electrical
48114,Cables & Wires
48115,Cables & Wires
48116,Cables & Wires
48117,Tyres
48118,Tyres
48119,Ironmongery
48120,Gypsum Works
48121,Material
48122,Material
48123,MEP Material
48124,Ironmongery
48125,Gypsum Works
48126,Rebar
48127,Material
48128,Pipes
48129,Insurance
48130,Plant
48131,Cables & Wires
48132,Plant
48133,Erection
48134,Water Supply
48135,Cables & Wires
48136,Insurance
48137,Electrical Purchaser
48138,Sundries
48139,Sundries
48140,Fees 
48141,Ironmongery
48142,Façade
48143,MEP Material
48144,Geotechnical Report
48145,Electrical
48146,Immigration Fees
48147,Refreshments
48148,Façade
48149,Electrical
48150,Fire Alarm
48151,Office Consumables 
48152,Plant
48153,Moziac
48154,MEP Material
48155,Gypsum Works
48156,Gypsum Works
48157,Parts
48158,Parts
48159,Electrician 
48160,Electrical
48161,Electrician 
48162,Pipes
48163,Furniture
48164,Painting Work 
48165,Painting Work 
48166,Painting Work 
48167,Geotechnical Report
48168,Painting Work 
48169,Painting Work 
48170,Painting Work 
48171,Plaster Work
48172,Sundries
48173,Gypsum Works
48174,Bank Charges
48175,Geotechnical Report
48176,Refreshments
48177,Plant
48178,Plant
48179,Plant
48180,Façade
48181,Plant
48182,Flooring
48183,Electrical
48184,HVAC 
48185,Façade
48186,Electrical
48187,Erection
48188,Gypsum Works
48189,Legal Fees 
48190,Refreshments
48191,Transformer
48192,Electrical
48193,Swimming Pool 
48194,Manpower
48195,Signage
48196,Swimming Pool 
48197,Legal Fees 
48198,Sundries
48199,Sundries
48200,Sundries
48201,MEP
48202,Sundries
48203,Manpower
48204,Gypsum Works
48205,Manpower
48206,Sundries
48207,Gypsum Works
48208,Sundries
48209,Sundries
48210,Electrician 
48211,Pipes
48212,Office Expenses
48213,Office Expenses
48214,Office Consumables 
48215,Precast Concrete
48216,Tyres
48217,Sundries
48218,Formwork
48219,Plant
48220,Plant
48221,Plant
48222,Sundries
48223,Erection
48224,Draftsmen
48225,Draftsmen
48226,Gypsum Works
48227,Sundries
48228,Gypsum Works
48229,Gypsum Works
48230,Gypsum Works
48231,Gypsum Works
48232,Office Consumables 
48233,Office Expenses
48234,Office Expenses
48235,Ceramic & Porcelain
48236,Material
48237,Gypsum Works
48238,Electrical
48239,Electrical
48240,Ironmongery
48241,Sundries
48242,Precast Concrete
48243,Façade
48244,Façade
48245,Fees 
48246,Tyres
48247,Gypsum Works
48248,Façade
48249,Moziac
48250,Swimming Pool 
48251,Electrical
48252,Gypsum Works
48253,Tyres
48254,Fees 
48255,Gypsum Works
48256,Electrical Purchaser
48257,Sundries
48258,Draftsmen
48259,Draftsmen
48260,Draftsmen
48261,Draftsmen
48262,Unskilled Labour
48263,Plant
48264,Plant
48265,Erection
48266,Plant
48268,Electrician 
48269,Office Consumables 
48270,Bank Charges
48271,Bank Charges
48273,Sundries
48274,Gypsum Works
48275,Manpower
48276,Manpower
48277,Bank Charges
48278,Bank Charges
48279,Bank Charges
48280,Bank Charges
48281,Bank Charges
48282,Bank Charges
48283,Bank Charges
48284,Bank Charges
48285,Bank Charges
48286,Electrician 
48287,Moziac
48288,Gypsum Works
48289,Electrical
48290,Administrative Fees 
48291,Gypsum Works
48292,Manpower
48293,Ironmongery
48294,Precast Concrete
48295,MEP Material
48296,Vehicle & Equipment
48297,Sundries
48299,Office Expenses
48300,Electrical
48305,Elevator / Escalator / Conveyor Belt
48306,Incentives
48307,Bank Charges
48308,Electrician 
48309,Plant
48310,Heaters
48311,Electrical
48312,Precast Concrete
48313,Sundries
48314,Manpower
48315,Electrical
48316,Electrical
48317,Office Expenses
48318,Meters
48319,Other Expenses
48320,Immigration Fees
48321,Medical Fees 
48322,Immigration Fees
48323,Cables & Wires
48324,Gypsum Works
48325,Electrician 
48326,Painting Works
48327,Sundries
48328,Water Supply
48329,Electrician 
48330,Cables & Wires
48331,Gypsum Works
48332,Formwork
48333,Sundries
48334,MEP Material
48335,Façade
48336,Parts
48337,Manpower
48338,Gypsum Works
48339,Tyres
48340,Moziac
48341,Medical Fees 
48342,Gypsum Works
48343,Office Consumables 
48344,Sundries
48345,Furniture
48346,Legal Fees 
48347,Gypsum Works
48348,Manholes/Gratings
48349,Legal Fees 
48350,Refreshments
48351,Sundries
48353,Sundries
48354,Electrical
48355,Gypsum Works
48356,Sundries
48357,Plant
48358,Plant
48359,Plant
48360,Geotechnical Report
48361,Gypsum Works
48362,Vehicle & Equipment
48363,Charge
48364,Cables & Wires
48365,Sundries
48366,Gypsum Works
48367,Swimming Pool 
48368,Anti Termite Control
48369,Gypsum Works
48370,Sundries
48371,Water Supply
48372,Manpower
48373,Electrician 
48374,Gypsum Works
48376,Softscape (Landscape)
48377,Façade
48378,Plant
48379,Moziac
48380,Vehicle & Equipment
48381,Pipes
48382,Cables & Wires
48383,Other Expenses
48384,Cement 
48385,Tyres
48386,Ironmongery
48387,Fees 
48388,Tanks
48389,Sundries
48390,Immigration Fees
48391,Immigration Fees
48392,Immigration Fees
48393,Office Consumables 
48394,Sundries
48395,Gypsum Works
48397,Moziac
48398,Elevator / Escalator / Conveyor Belt
48399,MEP Material
48400,
48401,Electrical
48402,Cables & Wires
48403,MEP Material
48404,Gypsum Works
48405,Pipes
48406,Pipes
48407,Electrical
48408,Office Expenses
48409,Office Expenses
48410,Manholes/Gratings
48411,Site Consumables 
48412,MEP
48413,Tyres
48414,Swimming Pool 
48415,Office Expenses
48416,Refreshments
48417,Infrastructure 
48418,Refreshments
48419,Gypsum Works
48420,Infrastructure 
48421,Office Expenses
48422,Cement 
48423,Office Expenses
48424,Gypsum Works
48425,Infrastructure 
48426,Gypsum Works
48427,Pipes
48428,Manpower
48429,Sundries
48430,Gypsum Works
48431,Electrical
48432,Electrical
48433,Moziac
48434,Precast Concrete
48435,Furniture
48436,Swimming Pool 
48437,Electrical
48438,Façade
48439,Electrical
48440,Geotechnical Report
48441,Site Consumables 
48442,Gypsum Works
48443,Pipes
48444,Pipes
48445,
48446,Administrative Fees 
48448,Office Consumables 
48449,Swimming Pool 
48450,Sundries
48451,Rebar
48452,Electrical
48453,Insurance
48454,Office Expenses
48455,Cables & Wires
48456,Plant
48457,Other Expenses
48458,Other Expenses
48459,Material
48460,Other Expenses
48461,Immigration Fees
48462,Other Expenses
48463,Other Expenses
48464,Site Related Fees
48465,Façade
48466,Other Expenses
48467,Sundries
48468,Legal Fees 
48471,Façade
48472,Electrical
48473,Façade
48474,Insurance
48475,Insurance
48476,Insurance
48477,Insurance
48478,Insurance
48479,Office Expenses
48480,Transformer
48482,Electrical
48483,Moziac
48484,Sundries
48485,Sundries
48486,Sundries
48487,Precast Concrete
48488,Façade
48489,Furniture
48490,Tyres
48491,Gypsum Works
48492,Parts
48493,Parts
48494,Blinds
48495,Parts
48496,Parts
48497,Parts
48498,Façade
48499,Plant
48500,Gypsum Works
48501,Furniture
48502,Gypsum 
48503,MEP Material
48504,Gypsum Works
48505,Gypsum Works
48506,Tyres
48507,Office Expenses
48508,Refreshments
48509,Tyres
48510,Immigration Fees
48511,Refreshments
48512,Sundries
48513,Office Expenses
48514,Manpower
48515,Office Expenses
48516,Plant
48517,Insurance
48518,Office Consumables 
48519,Gypsum Works
48520,Gypsum Works
48521,Gypsum Works
48522,Electrical
48523,Electrical Purchaser
48524,Ironmongery
48525,Water Supply
48526,Office Expenses
48527,Gypsum Works
48528,Gypsum Works
48529,Material
48530,Furniture
48531,Bank Charges
48532,Legal Fees 
48533,Consumables
48534,Consumables
48535,Consumables
48536,Consumables
48537,Consumables
48538,Consumables
48539,Consumables
48540,Consumables
48541,Consumables
48542,Consumables
48543,Blinds
48544,Sundries
48545,Swimming Pool 
48546,Gypsum Works
48547,Gypsum Works
48548,Gypsum Works
48549,Ironmongery
48550,Office Expenses
48551,Manpower
48553,Moziac
48554,Electrical
48555,Electrical
48556,Sundries
48557,Plant
48558,Swimming Pool 
48559,Medical Fees 
48560,Transformer
48561,Ironmongery
48562,Tyres
48563,Furniture
48564,Softscape (Landscape)
48565,Manpower
48566,Sundries
48567,Façade
48568,Sundries
48569,Insurance
48570,Plant
48571,Sundries
48572,Sundries
48573,Sundries
48574,Sundries
48575,Tyres
48576,Rebar
48577,Formwork
48578,Office Expenses
48580,Gypsum Works
48581,Gypsum Works
48582,Gypsum 
48583,Pipes
48584,Tyres
48585,Painting Works
48586,Cables & Wires
48587,Electrical
48588,Sundries
48589,Sundries
48590,Transformer
48591,Electrical
48592,Electrical
48593,Plant
48594,Insurance
48598,Sundries
48599,Pipes
48600,Swimming Pool 
48601,Geotechnical Report
48602,MEP Material
48603,Pipes
48604,Electrical
48605,MEP
48606,Electrical
48608,LPG
48609,Gypsum Works
48610,Electrical
48611,Plant
48612,Material
48613,Refreshments
48614,Electrical
48615,MEP Material
48616,Gypsum Works
48617,Swimming Pool 
48618,Gypsum Works
48619,Gypsum Works
48620,Geotechnical Report
48621,Electrical
48622,Sundries
48623,Tanks
48624,Electrician 
48625,Geotechnical Report
48626,Fees 
48627,Tyres
48628,Manpower
48629,Manpower
48630,Manpower
48631,Manpower
48632,Office Expenses
48633,Cables & Wires
48634,Electrician 
48635,Office Consumables 
48636,Sundries
48637,External Manpower
48638,Geotechnical Report
48639,Geotechnical Report
48640,Sundries
48641,Gypsum Works
48642,Sundries
48643,Electrical
48644,Electrical
48645,Electrical
48646,Transformer
48647,Electrical
48648,Refreshments
48649,Joinery
48650,Insurance
48651,Ironmongery
48652,Gypsum Works
48653,Gypsum Works
48654,Insurance
48655,Charge
48656,Plant
48657,Sundries
48658,Plant
48659,Plant
48660,Plant
48661,Sundries
48662,Office Expenses
48663,MEP Material
48664,Formwork
48665,Ironmongery
48666,Gypsum Works
48667,Tools & Parts 
48668,Electrician 
48669,Miscellaneous
48670,Electrician 
48671,Miscellaneous
48672,Immigration Fees
48673,Precast Concrete
48674,Electrical
48675,Electrical
48676,Gypsum Works
48677,Precast Concrete
48678,Gypsum Works
48679,Gypsum Works
48680,Material
48681,Swimming Pool 
48682,Legal Fees 
48683,Plant
48684,Charge
48685,Electrical
48686,Moziac
48687,Electrical
48688,Waterproofing
48689,Internal Work
48690,Refreshments
48691,Refreshments
48692,Swimming Pool 
48693,Geotechnical Report
48694,Pipes
48695,Precast Concrete
48696,Refreshments
48697,Electrician 
48698,Internal Work
48699,Site Consumables 
48700,Tyres
48701,Geotechnical Report
48702,Sundries
48703,Manpower
48704,Concrete 
48705,
48706,Miscellaneous
48707,Electrician 
48708,Electrical
48709,Façade
48710,Water Supply
48711,Electrical
48712,Electrician 
48713,Sundries
48714,Sundries
48715,Medical Fees 
48716,Pipes
48717,Gypsum Works
48718,MEP Material
48719,Gypsum Works
48720,Material
48721,Sundries
48722,Gypsum Works
48725,Electrician 
48726,MEP
48727,Sundries
48728,Tyres
48729,Office Consumables 
48730,MEP Material
48731,Swimming Pool 
48732,MEP Material
48733,Office Consumables 
48734,Electrical Works
48735,Gypsum Works
48736,Cement 
48737,Swimming Pool 
48738,Moziac
48739,Cement 
48740,Legal Fees 
48741,Sundries
48742,Office Consumables 
48743,Sundries
48744,Tyres
48745,Pipes
48746,Sundries
48747,MEP Material
48752,Site Consumables 
48753,Electrician 
48754,Façade
48755,Refreshments
48756,Geotechnical Report
48757,Material
48758,Tyres
48759,Insurance
48760,Gypsum Works
48761,Sundries
48762,Electrician 
48763,Sundries
48764,MEP Material
48765,Sundries
48766,Office Consumables 
48767,Parts
48768,Tyres
48769,Drainage 
48770,Water Supply
48771,Geotechnical Report
48774,Gypsum Works
48775,Sundries
48776,Gypsum Works
48777,Sundries
48778,Insurance
48779,Geotechnical Report
48780,Office Expenses
48781,Office Expenses
48782,Gypsum Works
48783,Cables & Wires
48784,Electrical Works
48785,Manpower
48786,Tyres
48787,Water Supply
48788,Fees 
48789,Plant
48790,Plant
48791,Plant
48792,Plant
48793,Painting Work 
48794,Painting Work 
48795,Refreshments
48796,Painting Work 
48797,Painting Work 
48798,Painting Work 
48799,Painting Work 
48800,Plaster Work
48801,LPG
48802,Softscape (Landscape)
48803,Electrical
48804,Electrical
48805,Legal Fees 
48806,Legal Fees 
48807,Rebar
48808,Swimming Pool 
48809,Manpower
48810,Precast Concrete
48811,Plant
48812,Plant
48813,Plant
48814,Formwork
48815,Plant
48816,Façade
48817,Furniture
48818,Office Consumables 
48819,Cables & Wires
48820,Cables & Wires
48821,Sundries
48823,Blinds
48824,Swimming Pool 
48825,Gypsum Works
48826,Water Supply
48827,Appliances
48828,Joinery
48829,Transformer
48830,Cables & Wires
48831,Gypsum Works
48832,Swimming Pool 
48833,Insurance
48834,Office Expenses
48835,Insurance
48836,Insurance
48837,Insurance
48838,Sundries
48839,Electrical
48840,Electrician 
48841,Sundries
48842,Gypsum Works
48843,Tyres
48844,Office Consumables 
48845,Office Consumables 
48846,Shuttering Carpentry
48847,Electrical
48848,Draftsmen
48849,Draftsmen
48850,Draftsmen
48851,Draftsmen
48852,Draftsmen
48853,Draftsmen
48854,Electrician 
48855,Gypsum Works
48856,Softscape (Landscape)
48857,Cables & Wires
48859,Flooring
48860,Tyres
48861,Electrical
48862,Blinds
48863,Geotechnical Report
48864,Office Expenses
48865,Office Expenses
48866,Gypsum Works
48867,Tyres
48868,Sundries
48869,Internal Work
48870,Precast Concrete
48871,Gypsum Works
48872,Gypsum Works
48873,Office Consumables 
48874,Gypsum Works
48875,Electrical
48876,Office Consumables 
48877,Geotechnical Report
48878,Gypsum Works
48879,
48880,Tyres
48881,Rebar
48882,Sundries
48883,Insurance
48884,Electrician 
48885,Electrician 
48886,Water Supply
48887,Electrical Purchaser
48888,Ironmongery
48889,Bank Charges
48890,Bank Charges
48891,Bank Charges
48892,Bank Charges
48893,Bank Charges
48894,Bank Charges
48895,Erection
48896,Bank Charges
48897,Manpower
48898,Manpower
48899,Manpower
48900,Manpower
48901,Manpower
48902,Erection
48903,Water Supply
48904,Other Expenses
48905,Medical Fees 
48906,Immigration Fees
48907,Immigration Fees
48908,Immigration Fees
48909,Immigration Fees
48910,Gypsum Works
48911,Electrical
48912,Ironmongery
48913,Bank Charges
48914,Pipes
48915,Sundries
48916,Office Expenses
48917,MEP Material
48918,Swimming Pool 
48919,Electrical
48920,Electrical
48921,Shuttering Carpentry
48922,Geotechnical Report
48923,Precast Concrete
48924,Site Consumables 
48925,Electrical
48926,Geotechnical Report
48927,Electrical
48928,Sundries
48929,Gypsum Works
48930,Sundries
48931,Electrical
48932,Water Supply
48933,MEP Material
48934,Gypsum Works
48935,Gypsum Works
48936,Office Consumables 
48937,Immigration Fees
48938,Dewatering
48939,Insurance
48940,Plant
48941,Plant
48942,Ceramic & Porcelain
48943,Tyres
48944,Gypsum Works
48946,Sundries
48948,Signage
48949,Charge
48950,Immigration Fees
48951,Electrician 
48952,Other Expenses
48953,Immigration Fees
48954,Other Expenses
48955,Administrative Fees 
48956,Site Related Fees
48957,Other Expenses
48958,Precast Concrete
48959,Precast Concrete
48960,Precast Concrete
48961,Sundries
48962,Insurance
48963,Administrative Fees 
48964,Sundries
48965,Office Consumables 
48966,Precast Concrete
48967,Precast Concrete
48968,Sundries
48969,Plant
48970,Plant
48971,Plant
48972,Manpower
48973,Geotechnical Report
48974,Blinds
48975,Pipes
48976,Gypsum Works
48977,MEP Material
48978,Infrastructure 
48979,Rebar
48980,Electrical
48981,Infrastructure 
48982,Electrical
48983,Infrastructure 
48984,Gypsum Works
48985,Electrical
48986,Ironmongery
48987,Gypsum Works
48988,Cables & Wires
48989,Site Consumables 
48990,Electrical
48991,Office Expenses
48992,Sundries
48993,Sundries
48994,Insurance
48995,Electrician 
48996,Other Expenses
48997,Electrician 
48998,Sundries
48999,Insurance
49000,Gypsum Works
49001,Plant
49002,Sundries
49003,Electrical
49004,Geotechnical Report
49005,Gypsum Works
49006,Formwork
49007,Water Supply
49008,Ironmongery
49009,Cement 
49010,Gypsum Works
49011,Sundries
49012,Sundries
49013,Precast Concrete
49014,Gypsum Works
49015,Manpower
49016,Manpower
49017,Manpower
49018,Manpower
49019,Sundries
49020,Office Expenses
49021,Electrical
49022,Electrical
49023,Electrician 
49024,Parts
49025,Insurance
49026,Electrician 
49027,Insurance
49028,Fees 
49029,Precast Concrete
49030,Insurance
49031,Geotechnical Report
49032,Gypsum Works
49033,Manpower
49034,Gypsum Works
49035,Tyres
49036,Office Expenses
49037,Electrician 
49038,Gypsum Works
49039,Tyres
49040,Sundries
49041,Charge
49042,Swimming Pool 
49043,Swimming Pool 
49044,Office Consumables 
49045,Precast Concrete
49046,Office Consumables 
49047,Tyres
49048,Office Expenses
49049,Insurance
49050,Insurance
49051,Tyres
49052,Gypsum Works
49053,Plant
49054,Plant
49055,Plant
49056,Façade
49057,Insurance
49058,Sundries
49059,ELV 
49060,Electrical
49061,Erection
49062,Parts
49063,Parts
49064,Parts
49065,Gypsum Works
49066,MEP Material
49067,Ironmongery
49068,Electrical
49069,Sundries
49070,Plant
49071,Plant
49072,Electrical
49073,Electrician 
49074,Sundries
49075,Geotechnical Report
49076,Pipes
49077,Water Supply
49078,Gypsum Works
49079,Softscape (Landscape)
49080,Geotechnical Report
49081,Heaters
49082,Consumables
49083,Consumables
49084,Consumables
49085,Consumables
49086,Consumables
49087,Consumables
49088,Consumables
49089,Consumables
49090,Consumables
49092,Consumables
49093,Consumables
49094,PEB
49096,Legal Fees 
49097,Electrical Purchaser
49098,Fire Alarm
49099,Gypsum Works
49100,Manpower
49103,Pipes
49104,Manpower
49105,Gypsum Works
49106,Manpower
49107,Precast Concrete
49108,Electrical
49109,Sundries
49110,Precast Concrete
49111,Manpower
49112,Refreshments
49113,Gypsum Works
49114,Immigration Fees
49115,Immigration Fees
49116,Immigration Fees
49117,Ironmongery
49118,Manpower
49119,Ironmongery
49120,Ironmongery
49121,Swimming Pool 
49122,Insurance
49123,Gypsum Works
49124,Plant
49125,Plant
49126,Plant
49127,Tyres
49128,Insurance
49129,Geotechnical Report
49130,Geotechnical Report
49131,Gypsum Works
49132,Elevator / Escalator / Conveyor Belt
49133,Façade
49134,Heaters
49135,Swimming Pool 
49136,Immigration Fees
49137,Medical Fees 
49138,Refreshments
49139,Refreshments
49140,Refreshments
49141,Refreshments
49142,Refreshments
49143,Refreshments
49144,Refreshments
49145,Refreshments
49146,Refreshments
49147,Refreshments
49148,Refreshments
49149,Refreshments
49150,Refreshments
49151,Refreshments
49152,Refreshments
49153,Swimming Pool 
49154,Sundries
49155,Site Consumables 
49156,Manpower
49157,Manpower
49158,Manpower
49159,Manpower
49160,Water Supply
49161,Electrical
49162,Blinds
49163,Refreshments
49164,Water Supply
49165,Insurance
49166,Sundries
49167,Plant
49168,Gypsum 
49169,Office Expenses
49170,Gypsum Works
49171,Gypsum Works
49172,Gypsum Works
49173,Office Expenses
49174,Office Expenses
49175,Gypsum Works
49176,Office Expenses
49177,Gypsum Works
49178,Ironmongery
49179,Refreshments
49180,Office Consumables 
49181,Electrical
49182,Material
49183,Sundries
49184,Gypsum Works
49185,Group Name
49186,MEP Material
49187,Precast Concrete
49188,Refreshments
49189,Electrician 
49190,Plant
49191,Refreshments
49192,Water Supply
49193,Moziac
49194,Parts
49195,Plant
49196,Electrical
49197,Coring Works
49198,Refreshments
49199,Refreshments
49200,Refreshments
49202,Refreshments
49203,Electrical
49204,Tyres
49205,Façade
49206,Sundries
49207,Geotechnical Report
49208,Flooring
49209,Manpower
49210,Plant
49211,Electrical
49212,Insurance
49213,Charge
49214,Plant
49215,Plant
49216,Plant
49217,Plant
49218,Sundries
49219,Dewatering
49220,Electrical
49221,Sundries
49222,External Manpower
49223,Sundries
49224,Gypsum Works
49228,Parts
49229,Parts
49230,Parts
49231,Sundries
49232,Other Expenses
49233,Manpower
49234,Electrical Purchaser
49235,Swimming Pool 
49236,Gypsum Works
49238,Gypsum Works
49239,Façade
49240,Manpower
49241,Gypsum Works
49242,Plant
49243,Plant
49244,Plant
49245,Insurance
49246,Insurance
49248,Flooring
49249,Sundries
49250,Tyres
49251,Tanks
49252,Sundries
49253,Electrical
49254,Concrete 
49255,Manpower
49256,Site Consumables 
49257,Gypsum Works
49258,MEP Material
49259,Gypsum Works
49260,Geotechnical Report
49261,Electrical
49262,Precast Concrete
49263,Electrical
49264,Pipes
49265,Transformer
49266,Sundries
49267,Office Expenses
49268,Sundries
49269,Precast Concrete
49270,Pipes
49271,Site Consumables 
49272,Tyres
49273,Tyres
49274,Office Consumables 
49275,Dewatering
49276,Insurance
49277,Insurance
49278,Insurance
49280,Insurance
49281,Insurance
49282,Insurance
49283,Manpower
49284,Manpower
49285,Manpower
49286,Manpower
49287,Manpower
49288,Manpower
49289,Insurance
49290,Tyres
49291,Office Consumables 
49292,Tyres
49293,Electrical
49294,Geotechnical Report
49295,Water Supply
49296,Office Expenses
49297,Electrical
49298,Ironmongery
49299,Sundries
49300,Ironmongery
49301,Sundries
49302,Gypsum Works
49303,Manpower
49304,Sundries
49305,Tyres
49306,Geotechnical Report
49307,MEP Material
49308,Insurance
49309,Electrical
49310,Sundries
49311,Electrical
49312,Office Expenses
49313,Electrical
49315,Dewatering
49316,Plant
49317,Plant
49318,Plant
49319,Charge
49320,Charge
49321,Plant
49322,Fees 
49323,Tyres
49324,Gypsum Works
49326,Gypsum Works
49327,Gypsum Works
49328,Gypsum Works
49329,Heaters
49330,Heaters
49335,Transformer
49337,Precast Concrete
49338,Gypsum Works
49339,Tyres
49340,Gypsum Works
49341,Gypsum Works
49344,Electrical
49345,Rebar
49346,Legal Fees 
49347,Façade
49348,Sundries
49349,Electrical
49350,Swimming Pool 
49351,
49352,
49353,Swimming Pool 
49355,Tyres
49356,Sundries
49357,Parts
49358,Electrician 
49359,Sundries
49360,Tyres
49361,Cables & Wires
49362,Insurance
49363,Flooring
49364,Electrical
49369,PEB
49370,Electrical Purchaser
49371,Electrical Purchaser
49372,Site Consumables 
49373,Office Consumables 
49374,Electrical
49375,Electrical
49377,Gypsum Works
49378,Manpower
49380,Office Consumables 
49381,Site Consumables 
49382,Electrical
49383,Sundries
49384,Draftsmen
49385,Draftsmen
49386,Draftsmen
49387,Draftsmen
49388,Draftsmen
49389,Draftsmen
49390,Miscellaneous
49391,Geotechnical Report
49392,Electrician 
49393,MEP Material
49394,Sundries
49395,Vehicle & Equipment
49396,Office Expenses
49397,Gypsum Works
49398,Gypsum Works
49399,Water Supply
49400,Sundries
49401,Gypsum Works
49402,Sundries
49403,Gypsum Works
49404,Gypsum Works
49405,Bank Charges
49406,Bank Charges
49407,Bank Charges
49408,Bank Charges
49409,Painting Work 
49410,Painting Work 
49411,Painting Work 
49412,Painting Work 
49413,Bank Charges
49414,Painting Work 
49415,Bank Charges
49416,Bank Charges
49417,Bank Charges
49418,Bank Charges
49419,Bank Charges
49420,Painting Work 
49421,Plaster Work
49422,Painting Work 
49423,Geotechnical Report
49424,Block Work
49425,Material
49426,Ironmongery
49427,Moziac
49428,Electrical Works
49430,Gypsum Works
49431,Moziac
49432,Water Supply
49433,Electrical
49434,PEB
49435,Pipes
49436,Pipes
49437,Electrician 
49438,Bank Charges
49439,Bank Charges
49440,Bank Charges
49441,Bank Charges
49442,Bank Charges
49443,Sundries
49444,Façade
49445,Plant
49446,Plant
49447,Plant
49448,Plant
49449,Cables & Wires
49450,Signage
49451,Material
49452,Bank Charges
49453,Pipes
49454,HVAC 
49455,Office Expenses
49456,Gypsum Works
49457,Pipes
49458,Pipes
49459,Sundries
49460,Electrical
49461,Plant
49462,Plant
49463,Plant
49464,Refreshments
49465,Plant
49466,Geotechnical Report
49467,Gypsum Works
49468,Refreshments
49469,Façade
49470,Erection
49471,Gypsum Works
49472,Office Consumables 
49473,Gypsum Works
49474,Sundries
49475,Furniture
49476,Miscellaneous
49477,Fees 
49478,Electrical Works
49479,Manpower
49480,Manpower
49481,Manpower
49482,Manpower
49483,Pipes
49484,Geotechnical Report
49485,Cement 
49486,Infrastructure 
49487,Office Expenses
49488,Ironmongery
49489,Gypsum Works
49490,Gypsum Works
49491,Gypsum Works
49492,Infrastructure 
49493,Refreshments
49494,Pipes
49495,Electrician 
49496,Infrastructure 
49497,Material
49498,Refreshments
49499,Gypsum Works
49500,Gypsum Works
49501,Gypsum Works
49502,Precast Concrete
49503,Gypsum Works
49504,Ironmongery
49505,MEP Material
49506,Plant
49507,Parts
49508,Furniture
49509,PEB
49511,Façade
49512,Office Expenses
49513,Swimming Pool 
49514,Infrastructure 
49515,Formwork
49516,Water Supply
49517,Electrical
49518,Geotechnical Report
49519,Electrician 
49520,Manpower
49521,Water Supply
49522,Fire Fighting
49523,Office Expenses
49524,Sundries
49525,Electrical
49527,Sundries
49528,Incentives
49529,Fire Alarm
49530,Moziac
49531,Office Consumables 
49532,Sundries
49533,Electrical
49534,Gypsum Works
49535,Gypsum Works
49536,Gypsum Works
49538,Precast Concrete
49539,Ironmongery
49540,Swimming Pool 
49541,Swimming Pool 
49542,Plant
49543,Plant
49544,Electrical
49545,Plant
49546,Cables & Wires
49547,Plant
49548,Plant
49549,Plant
49550,Gypsum Works
49551,Legal Fees 
49552,Sundries
49553,MEP Material
49554,Electrical Purchaser
49555,Sundries
49556,Office Expenses
49557,Electrician 
49558,Blinds
49559,Cables & Wires
49560,Cables & Wires
49561,Cables & Wires
49562,Gypsum Works
49563,Sundries
49564,Vehicle & Equipment
49565,Cables & Wires
49566,Gypsum Works
49567,Tyres
49568,Cables & Wires
49569,Cables & Wires
49570,Cables & Wires
49571,Cables & Wires
49572,Cables & Wires
49573,Legal Fees 
49574,Other Expenses
49575,Other Expenses
49576,Other Expenses
49577,Other Expenses
49578,Other Expenses
49579,Site Related Fees
49580,Other Expenses
49581,Electrical
49582,Gypsum 
49585,Other Expenses
49586,Material
49587,Swimming Pool 
49588,Gypsum 
49589,Softscape (Landscape)
49590,Gypsum Works
49591,Office Consumables 
49592,Geotechnical Report
49594,Cement 
49595,Gypsum Works
49596,Other Expenses
49597,Administrative Fees 
49598,Site Related Fees
49599,MEP
49601,Swimming Pool 
49602,Gypsum Works
49603,Insurance
49604,Tyres
49605,Plant
49606,Plant
49607,Tyres
49608,Tyres
49609,Gypsum Works
49610,Plant
49611,Plant
49612,Plant
49613,Immigration Fees
49614,Immigration Fees
49615,Immigration Fees
49616,Administrative Fees 
49617,PEB
49618,Dewatering
49619,Fees 
49620,MEP Material
49621,Electrical
49622,Tyres
49623,Immigration Fees
49624,Refreshments
49625,Office Consumables 
49626,Sundries
49627,Site Consumables 
49628,Office Consumables 
49629,Geotechnical Report
49630,Swimming Pool 
49631,Plant
49632,External Manpower
49634,Shuttering Carpentry
49635,Electrical
49637,Precast Concrete
49639,Precast Concrete
49640,Furniture
49641,Ironmongery
49642,Precast Concrete
49643,Gypsum 
49644,
49645,Tyres
49646,Tyres
49647,Manpower
49648,Manpower
49649,Manpower
49650,Manpower
49651,Office Expenses
49652,Consumables
49653,Consumables
49654,Consumables
49655,Consumables
49656,Transformer
49657,Consumables
49658,Consumables
49659,Consumables
49660,Consumables
49661,Consumables
49662,Consumables
49663,Gypsum Works
49666,Office Expenses
49667,Office Consumables 
49668,Manpower
49669,Geotechnical Report
49670,Geotechnical Report
49671,Tyres
49672,Plant
49673,Plant
49674,Plant
49675,Plant
49676,Sundries
49677,External Manpower
49678,Tyres
49679,Sundries
49680,Electrical
49681,Insurance
49682,Electrical
49683,Precast Concrete
49684,Sundries
49685,Electrical
49686,Electrical
49687,Electrical
49688,Swimming Pool 
49689,Electrical
49690,Concrete 
49691,MEP Material
49692,Precast Concrete
49693,Geotechnical Report
49694,Gypsum Works
49695,Gypsum Works
49696,Swimming Pool 
49697,Tyres
49698,Sundries
49699,Tyres
49700,Electrician 
49701,MEP Material
49702,Sundries
49704,Miscellaneous
49705,Charge
49706,Pipes
49707,Material
49708,Tyres
49709,Geotechnical Report
49710,Sundries
49713,Electrical
49714,PEB
49715,Cables & Wires
49716,Cables & Wires
49717,Sundries
49718,Manpower
49719,Geotechnical Report
49720,Site Consumables 
49721,Tyres
49722,Sundries
49723,Ironmongery
49724,Sundries
49725,Geotechnical Report
49727,Furniture
49728,Office Consumables 
49729,Cement 
49730,Coring Works
49731,Concrete 
49732,Ironmongery
49733,Ironmongery
49734,Electrical
49735,Miscellaneous
49736,Electrical
49737,MEP
49738,Sundries
49739,PEB
49740,Refreshments
49741,Swimming Pool 
49742,Gypsum Works
49743,Gypsum Works
49744,Electrician 
49745,Sundries
49746,Geotechnical Report
49747,Gypsum Works
49748,Gypsum Works
49749,Ironmongery
49750,Incentives
49751,Incentives
49752,MEP
49753,Gypsum Works
49754,Painting Work 
49755,Painting Work 
49756,Painting Work 
49757,Painting Work 
49758,Painting Work 
49759,Painting Work 
49760,Plaster Work
49761,Plant
49762,Plant
49763,Plant
49764,Geotechnical Report
49765,Ironmongery
49766,Gypsum Works
49767,Group Name
49768,Precast Concrete
49769,Precast Concrete
49770,Manpower
49771,Manpower
49772,Manpower
49773,Manpower
49774,Concrete 
49775,Heaters
49776,Sundries
49777,Consulting Fees 
49778,Site Consumables 
49779,Transformer
49780,Gypsum Works
49781,Dewatering
49783,Gypsum Works
49784,Gypsum Works
49785,Refreshments
49786,Office Consumables 
49787,Draftsmen
49788,Draftsmen
49789,Draftsmen
49790,Draftsmen
49791,Draftsmen
49792,Draftsmen
49793,Swimming Pool 
49794,Insurance
49795,Gypsum Works
49796,Plant
49797,Cables & Wires
49798,Cables & Wires
49799,Bank Charges
49800,Bank Charges
49801,Geotechnical Report
49802,Bank Charges
49803,Bank Charges
49804,Material
49805,Bank Charges
49806,Sundries
49807,Electrical
49808,Electrical
49809,Office Expenses
49810,Precast Concrete
49811,Ironmongery
49812,Electrical Purchaser
49813,Bank Charges
49814,Transformer
49815,MEP Material
49816,Manpower
49817,Internal Work
49818,Fees 
49819,Immigration Fees
49820,Other Expenses
49821,Administrative Fees 
49822,Immigration Fees
49823,Medical Fees 
49824,Other Expenses
49825,Sundries
49826,Immigration Fees
49827,Immigration Fees
49828,Immigration Fees
49829,Geotechnical Report
49830,Electrical
49831,Fees 
49832,Gypsum Works
49833,Fees 
49834,Fees 
49835,Site Consumables 
49837,Sundries
49838,Gypsum Works
49839,Gypsum Works
49840,MEP Material
49841,MEP Material
49842,Geotechnical Report
49843,Tyres
49844,Electrical Works
49845,Gypsum Works
49846,Gypsum Works
49847,Electrical
49848,Pipes
49849,Office Consumables 
49850,Geotechnical Report
49851,Rebar
49852,Plant
49853,Plant
49854,Plant
49855,Heaters
49856,External Manpower
49857,Gypsum Works
49858,Precast Concrete
49859,Cement 
49860,Cables & Wires
49861,MEP
49862,Sundries
49863,Sundries
49864,Rubber
49865,Water Supply
49866,Precast Concrete
49867,Gypsum Works
49868,Insurance
49869,Appliances
49870,Swimming Pool 
49871,Bank Charges
49872,Office Expenses
49873,Façade
49874,Sundries
49875,Medical Fees 
49876,MEP Material
49877,Water Supply
49878,Ironmongery
49879,Tyres
49880,Plant
49881,Geotechnical Report
49882,Façade
49883,Legal Fees 
49884,Office Expenses
49885,Softscape (Landscape)
49886,Fire Alarm
49887,Insurance
49888,Heaters
49889,Cables & Wires
49890,MEP
49891,Precast Concrete
49892,Moziac
49893,Sundries
49895,Sundries
49896,Vehicle & Equipment
49897,Gypsum Works
49898,Tyres
49899,Electrician 
49900,Electrician 
49901,Pipes
49902,Sundries
49903,Gypsum Works
49904,Sundries
49905,Manpower
49906,Manpower
49907,Manpower
49908,Manpower
49909,Sundries
49910,Precast Concrete
49911,Cement 
49912,Refreshments
49913,Refreshments
49914,Immigration Fees
49915,Pipes
49916,Consulting Fees 
49917,Geotechnical Report
49918,Cement 
49919,Gypsum Works
49920,Cables & Wires
49921,Pipes
49922,Concrete 
49923,Cement 
49924,Gypsum Works
49925,Sundries
49926,Swimming Pool 
49927,Sundries
49928,Pipes
49929,Swimming Pool 
49930,Plant
49931,Plant
49933,Electrical
49934,Electrical
49935,Electrical
49937,Electrical
49938,ELV 
49940,Sundries
49941,Office Expenses
49942,Fees 
49943,Plant
49944,Insurance
49945,Gypsum Works
49946,Gypsum Works
49947,Gypsum Works
49948,Plant
49949,Gypsum Works
49950,Tyres
49951,Sundries
49952,Gypsum Works
49953,Precast Concrete
49954,Office Expenses
49955,Fees 
49956,Ironmongery
49957,Infrastructure 
49959,Office Expenses
49960,Cables & Wires
49961,Office Expenses
49962,Insurance
49963,Insurance
49964,Insurance
49965,Insurance
49966,Insurance
49967,Gypsum Works
49968,Pipes
49969,Refreshments
49970,Gypsum Works
49971,Gypsum Works
49972,Office Consumables 
49973,Erection
49974,Erection
49975,Immigration Fees
49976,Other Expenses
49977,Other Expenses
49979,Administrative Fees 
49980,Other Expenses
49981,Electrical
49982,Geotechnical Report
49983,Electrical Works
49984,Dewatering
49985,Other Expenses
49986,Other Expenses
49987,Other Expenses
49988,Other Expenses
49989,Administrative Fees 
49990,Site Related Fees
49991,Insurance
49992,Insurance
49993,Rubber
49994,Office Consumables 
49995,Precast Concrete
49996,Sundries
49997,Plant
49998,Charge
49999,MEP Material
50000,Ironmongery
50001,Office Expenses
50003,Softscape (Landscape)
50004,Sundries
50005,Legal Fees 
50006,Moziac
50007,Swimming Pool 
50008,Cement 
50009,MEP Material
50010,Insurance
50011,Gypsum Works
50012,Manpower
50013,Transformer
50014,Refreshments
50015,Vehicle Related Fees
50016,Office Expenses
50017,Office Expenses
50018,Charge
50019,Plant
50020,Plant
50021,Pipes
50022,MEP
50023,Electrical
50025,Electrical
50026,Manpower
50027,Insurance
50028,Electrician 
50029,Fees 
50030,Gypsum Works
50031,Immigration Fees
50032,Refreshments
50033,Blinds
50034,Immigration Fees
50035,Immigration Fees
50036,Sundries
50037,Blinds
50038,MEP
50039,Manpower
50040,Ironmongery
50041,Ironmongery
50042,Formwork
50043,Gypsum Works
50044,Group Name
50045,Electrical
50046,Gypsum Works
50047,MEP
50048,Precast Concrete
50049,Plant
50050,Internal Work
50051,Electrical Works
50053,Metal Works
50054,Plant
50055,Refreshments
50056,Site Consumables 
50057,Geotechnical Report
50058,Sundries
50059,Plant
50060,Legal Fees 
50061,Office Expenses
50062,Cables & Wires
50063,Shuttering Carpentry
50064,Legal Fees 
50065,Insurance
50066,Refreshments
50067,Office Consumables 
50068,Manpower
50069,Electrical
50070,Electrical
50072,Office Expenses
50073,Material
50074,Precast Concrete
50075,Electrical
50076,Water Supply
50077,Gypsum Works
50078,Plant
50079,Office Consumables 
50080,HVAC 
50081,Geotechnical Report
50082,Pipes
50083,MEP Material
50084,Cement 
50085,Gypsum Works
50086,Electrical
50087,Legal Fees 
50088,Plant
50089,Insurance
50090,Swimming Pool 
50091,Swimming Pool 
50092,Blinds
50093,Gypsum Works
50094,Pipes
50095,Consumables
50096,
50097,
50098,Consumables
50099,Consumables
50100,Consumables
50101,Consumables
50102,MEP Material
50103,Consumables
50104,LPG
50105,Consumables
50106,Consumables
50107,Consumables
50108,Consumables
50109,Cables & Wires
50110,Swimming Pool 
50111,Medical Fees 
50112,MEP
50113,Charge
50114,Charge
50115,Charge
50116,Electrical
50117,Charge
50118,Electrical
50119,Insurance
50120,Plant
50121,Geotechnical Report
50122,Geotechnical Report
50123,Insurance
50124,Sundries
50125,Electrical
50126,Sundries
50127,Ironmongery
50128,Ironmongery
50129,Manpower
50130,Gypsum Works
50131,Sundries
50132,Precast Concrete
50133,Manpower
50134,Manpower
50135,Manpower
50136,Gypsum Works
50138,Plant
50139,Electrical
50140,Gypsum Works
50141,Gypsum Works
50142,External Manpower
50143,Internal Work
50144,Manpower
50145,Gypsum Works
50146,Façade
50147,Heaters
50148,Swimming Pool 
50149,Sundries
50151,Sundries
50152,Insurance
50153,Plant
50154,Vehicle & Equipment
50155,Electrical
50156,Tyres
50157,Sundries
50158,Miscellaneous
50159,MEP Material
50160,Sundries
50161,Precast Concrete
50162,Tyres
50163,Drainage 
50166,Cables & Wires
50167,Geotechnical Report
50168,Precast Concrete
50169,Plant
50170,Swimming Pool 
50171,Electrical
50172,Ironmongery
50173,Office Consumables 
50174,Vehicle & Equipment
50175,Site Consumables 
50176,Gypsum Works
50177,Electrical
50178,Pipes
50179,MEP Material
50180,Sundries
50181,Insurance
50182,Gypsum Works
50183,Insurance
50184,Site Related Fees
50185,Electrical
50187,Plant
50188,Plant
50189,Cement 
50190,Site Consumables 
50191,Fees 
50192,Electrician 
50193,Transformer
50194,Medical Fees 
50195,Garbage Removal
50196,Blinds
50198,Electrical
50200,Medical Fees 
50201,Pipes
50202,Legal Fees 
50203,Gypsum Works
50204,Pipes
50205,Swimming Pool 
50207,Tyres
50208,Cement 
50209,Office Consumables 
50210,Tyres
50211,Sundries
50212,Electrical
50213,Sundries
50214,Electrician 
50215,Insurance
50216,Fees 
50217,Electrician 
50218,Manpower
50219,Gypsum Works
50220,Electrical
50221,Signage
50222,Plant
50223,Insurance
50224,Legal Fees 
50225,Electrician 
50226,Gypsum 
50227,Office Consumables 
50228,Gypsum Works
50229,Sundries
50230,Formwork
50231,Ironmongery
50234,Rebar
50235,Gypsum Works
50236,MEP Material
50237,MEP
50238,Gypsum 
50239,Gypsum 
50240,Vehicle & Equipment
50241,Insurance
50242,Geotechnical Report
50243,Gypsum Works
50244,Precast Concrete
50245,Manpower
50246,Sundries
50247,Site Consumables 
50249,Vehicle & Equipment
50250,Metal Works
50251,Precast Concrete
50252,Electrical
50253,Sundries
50254,Refreshments
50255,Sundries
50256,Office Consumables 
50257,Insurance
50258,Parts
50259,Façade
50260,Painting Work 
50261,Administrative Fees 
50262,Cluster Block Work
50263,Painting Work 
50264,MEP Material
50265,Gypsum Works
50266,Formwork
50267,Gypsum Works
50268,Tyres
50269,Electrical Purchaser
50270,Electrical Purchaser
50271,Gypsum Works
50272,Medical Fees 
50273,MEP
50274,Vehicle & Equipment
50275,Gypsum Works
50277,Roadworks
50278,Legal Fees 
50279,Electrician 
50280,Tyres
50281,Office Consumables 
50282,PEB
50283,Electrical
50284,Draftsmen
50285,Draftsmen
50286,Draftsmen
50287,Draftsmen
50288,Draftsmen
50289,Electrical Works
50290,Immigration Fees
50291,Immigration Fees
50292,Plant
50293,Fire Fighting
50294,Plant
50295,Plant
50296,Fire Fighting
50297,Moziac
50298,Pipes
50299,Geotechnical Report
50300,Insurance
50301,Site Consumables 
50302,Office Consumables 
50303,MEP Material
50304,Gypsum Works
50305,Office Expenses
50306,Tyres
50307,Sundries
50309,Sundries
50311,Medical Fees 
50312,Flooring
50313,Fire Alarm
50314,Cables & Wires
50315,Office Consumables 
50316,Cables & Wires
50317,Sundries
50318,Insurance
50319,Precast Concrete
50320,Gypsum Works
50321,Formwork
50322,Elevator / Escalator / Conveyor Belt
50323,External Manpower
50325,Sundries
50326,External Manpower
50327,Office Expenses
50328,Gypsum Works
50329,Office Expenses
50330,Manpower
50331,Erection
50332,Erection
50333,Vehicle & Equipment
50334,Site Related Fees
50335,Immigration Fees
50336,Immigration Fees
50337,Immigration Fees
50338,Bank Charges
50339,Bank Charges
50340,Bank Charges
50341,Bank Charges
50342,Gypsum Works
50343,Pipes
50344,Electrical
50345,Pipes
50346,External Manpower
50347,Flooring
50348,Geotechnical Report
50349,Electrician 
50350,Geotechnical Report
50351,Material
50352,Pipes
50353,Water Supply
50354,Legal Fees 
50355,Legal Fees 
50356,Refreshments
50359,Site Consumables 
50360,Façade
50361,Administrative Fees 
50362,Electrical
50363,Electrical
50364,Electrical
50365,Manpower
50366,Manpower
50367,Manpower
50368,Manpower
50369,Sundries
50370,Cables & Wires
50371,Cables & Wires
50372,Electrician 
50373,Pipes
50374,Gypsum Works
50375,Ironmongery
50376,Ironmongery
50377,Metal Works
50378,Insurance
50379,Precast Concrete
50380,Site Consumables 
50381,Geotechnical Report
50382,Ironmongery
50383,Transformer
50384,Site Consumables 
50385,Office Consumables 
50386,Office Consumables 
50387,Swimming Pool 
50388,Precast Concrete
50389,Other Expenses
50390,Electrical
50391,Gypsum Works
50392,Other Expenses
50393,Other Expenses
50394,Administrative Fees 
50395,Administrative Fees 
50396,Administrative Fees 
50397,Administrative Fees 
50398,Cement 
50399,Fees 
50400,Site Related Fees
50401,Other Expenses
50402,Immigration Fees
50403,Sundries
50404,Immigration Fees
50405,Other Expenses
50406,Site Related Fees
50407,Bank Charges
50408,Immigration Fees
50409,Administrative Fees 
50410,Site Related Fees
50411,Medical Fees 
50412,Blinds
50414,MEP
50415,Sundries
50416,Gypsum Works
50417,Gypsum Works
50418,Miscellaneous
50419,Plant
50420,Tyres
50421,Elevator / Escalator / Conveyor Belt
50422,Façade
50423,Electrical
50424,Ironmongery
50425,Insurance
50426,Gypsum Works
50427,Infrastructure 
50428,Insurance
50429,HSE
50430,Cables & Wires
50431,Concrete 
50432,Office Consumables 
50433,Gypsum 
50434,Ironmongery
50435,Sundries
50436,Gypsum Works
50437,Manpower
50438,Sundries
50440,Fees 
50441,Precast Concrete
50442,Electrician 
50443,Gypsum Works
50445,Electrical Purchaser
50446,Cement 
50447,Electrician 
50448,Electrical
50449,MEP
50450,Painting Works
50451,Material
50452,Tyres
50453,Parts
50454,Plant
50455,Cables & Wires
50456,Plant
50457,Unskilled Labour
50458,Office Consumables 
50459,Gypsum Works
50460,Cement 
50461,Rebar
50462,Infrastructure 
50463,Epoxy
50464,Metal Works
50465,Gypsum Works
50466,Blinds
50467,Painting Works
50468,Office Expenses
50469,Plant
50470,Parts
50471,Electrical
50472,Gypsum Works
50473,Site Consumables 
50474,Gypsum Works
50475,Pipes
50476,Legal Fees 
50477,Plant
50478,Plant
50479,Plant
50480,Sundries
50481,Electrician 
50482,Manpower
50483,Gypsum Works
50484,Office Expenses
50485,Softscape (Landscape)
50486,Plant
50488,Electrical
50489,Gypsum Works
50490,Office Consumables 
50491,Electrician 
50492,Sundries
50493,MEP Material
50494,Heaters
50495,Ironmongery
50496,Geotechnical Report
50497,Sundries
50498,Cement 
50499,Sundries
50500,Coring Works
50501,PEB
50502,PEB
50503,Gypsum 
50504,Administrative Fees 
50505,Cables & Wires
50506,MEP Material
50507,Gypsum Works
50508,Ironmongery
50509,Tyres
50510,Gypsum Works
50511,MEP Material
50512,Elevator / Escalator / Conveyor Belt
50513,Sundries
50514,Façade
50515,Water Supply
50516,Office Expenses
50517,Sundries
50518,Consumables
50519,Consumables
50520,Consumables
50521,Consumables
50522,Consumables
50523,Consumables
50524,Consumables
50525,Consumables
50526,Consumables
50528,Cement 
50529,Plant
50530,Plant
50531,Gypsum Works
50532,Fees 
50533,Insurance
50534,Pipes
50535,Bank Charges
50536,Refreshments
50537,Geotechnical Report
50538,Dewatering
50539,Immigration Fees
50540,Insurance
50541,Swimming Pool 
50542,Medical Fees 
50543,Immigration Fees
50544,Site Consumables 
50545,MEP Material
50546,Gypsum Works
50547,Refreshments
50548,Formwork
50549,Rebar
50550,Precast Concrete
50551,Office Expenses
50552,Cables & Wires
50553,Waterproofing
50554,Legal Fees 
50555,Insurance
50556,Office Consumables 
50557,Rubber
50558,Site Consumables 
50559,Vehicle & Equipment
50560,Office Expenses
50561,Rebar
50562,Tyres
50563,Electrician 
50564,Mirrors & Glazing 
50565,Sundries
50566,Gypsum 
50567,Geotechnical Report
50568,Electrical
50569,Sundries
50570,Gypsum Works
50571,Sundries
50572,Tyres
50573,Tyres
50574,Office Consumables 
50575,Gypsum Works
50576,Rebar
50577,Pipes
50578,Sundries
50579,Plant
50580,Painting Works
50582,Gypsum Works
50584,Sundries
50585,Electrical
50586,Gypsum Works
50587,Gypsum Works
50588,Sundries
50589,Sundries
50590,Legal Fees 
50591,Pipes
50592,Gypsum Works
50593,MEP Material
50595,Plant
50596,Sundries
50597,Electrical
50598,Ironmongery
50599,Ironmongery
50600,Insurance
50601,Electrical
50602,External Manpower
50603,Gypsum Works
50604,Tyres
50605,Sundries
50606,Electrical
50607,Electrician 
50608,Pipes
50609,Office Expenses
50610,Rubber
50611,Cement 
50612,Sundries
50613,Painting Works
50614,Gypsum 
50615,Swimming Pool 
50616,Office Expenses
50617,Fees 
50618,Sundries
50619,Plant
50620,Immigration Fees
50621,Office Expenses
50623,Watchman
50624,Ironmongery
50625,Electrical
50627,Sundries
50628,Electrical
50629,Geotechnical Report
50630,Office Consumables 
50631,Insurance
50632,Office Consumables 
50633,Insurance
50634,Electrical
50635,Plant
50636,Gypsum Works
50637,Sundries
50638,Cement 
50639,Sundries
50642,MEP Material
50643,Pipes
50644,Gypsum Works
50645,Office Expenses
50646,Refreshments
50647,Tyres
50648,Office Consumables 
50649,Swimming Pool 
50650,Manpower
50651,Manpower
50652,Manpower
50653,Manpower
50654,Office Expenses
50655,MEP Material
50656,Gypsum Works
50657,Electrician 
50658,Gypsum Works
50659,Sundries
50660,Refreshments
50661,Gypsum Works
50662,Electrical
50663,Electrical
50664,Manpower
50665,Ironmongery
50666,Manpower
50667,Gypsum Works
50668,Ironmongery
50669,Gypsum Works
50670,Geotechnical Report
50671,Gypsum 
50672,Ironmongery
50673,MEP
50674,Swimming Pool 
50675,Fees 
50676,Sundries
50677,Heaters
50678,Electrical
50679,Plant
50680,Office Consumables 
50681,Office Expenses
50682,Gypsum Works
50683,Geotechnical Report
50685,Blinds
50686,Plant
50687,Sundries
50688,Plant
50689,Insurance
50690,Insurance
50692,Precast Concrete
50693,Swimming Pool 
50694,Sundries
50695,Vehicle & Equipment
50696,Manholes/Gratings
50697,Miscellaneous
50698,Ironmongery
50699,Cement 
50700,Office Expenses
50701,Gypsum Works
50702,Gypsum Works
50703,Legal Fees 
50704,Immigration Fees
50705,Geotechnical Report
50706,Refreshments
50707,Electrical
50709,Insurance
50710,Office Expenses
50711,Electrical
50712,Electrical
50714,Electrical
50715,Plant
50716,Plant
50718,Electrical
50719,Electrical
50720,Office Consumables 
50721,Insurance
50722,Geotechnical Report
50723,Electrical
50724,Office Consumables 
50725,Office Consumables 
50726,Cables & Wires
50727,Medical Fees 
50728,Geotechnical Report
50729,Tyres
50730,Electrical
50731,Signage
50732,Precast Concrete
50733,Medical Fees 
50734,Sundries
50735,Sundries
50736,Plant
50737,Electrical
50739,Manpower
50740,Office Expenses
50741,Gypsum Works
50742,Cement 
50743,Office Expenses
50744,Plant
50745,Insurance
50746,Plant
50747,Transformer
50748,Medical Fees 
50749,Sundries
50750,Swimming Pool 
50751,Sundries
50752,Office Consumables 
50753,Ironmongery
50754,Sundries
50755,Immigration Fees
50756,Plant
50757,Cables & Wires
50758,Electrical
50759,Cement 
50760,Office Consumables 
50761,Office Consumables 
50762,Sundries
50763,Refreshments
50764,Geotechnical Report
50765,Geotechnical Report
50766,Electrical
50767,Façade
50768,Gypsum Works
50769,Plant
50770,Office Consumables 
50771,Sundries
50772,Cables & Wires
50773,Electrical
50774,Immigration Fees
50775,Gypsum Works
50776,Office Consumables 
50777,Office Expenses
50778,Office Consumables 
50779,Fees 
50780,Office Expenses
50781,Electrical
50782,Legal Fees 
50783,MEP
50784,MEP Material
50785,Gypsum Works
50786,Office Consumables 
50787,Office Consumables 
50788,Pipes
50789,Office Consumables 
50790,Manpower
50791,Precast Concrete
50792,Electrical
50793,Office Consumables 
50794,Insurance
50795,Plant
50796,Office Expenses
50797,Electrical
50798,Office Consumables 
50799,Insurance
50800,Legal Fees 
50801,Transformer
50802,Insurance
50803,Electrical
50804,Sundries
50805,Electrical
50806,Gypsum Works
50807,Gypsum Works
50808,Sundries
50809,Plant
50810,Plant
50811,Pipes
50812,Gypsum Works
50813,Sundries
50814,Immigration Fees
50815,Gypsum 
50816,Office Expenses
50817,Sundries
50818,MEP Material
50819,MEP Material
50820,Geotechnical Report
50821,Office Consumables 
50822,Electrical
50823,Vehicle & Equipment
50824,Vehicle & Equipment
50825,Erection
50826,Parts
50827,Plant
50828,Electrical
50829,Sundries
50830,Electrical
50831,Manpower
50832,Gypsum Works
50833,Medical Fees 
50834,Office Consumables 
50835,Sundries
50836,Geotechnical Report
50837,Fire Fighting
50838,Fire Fighting
50839,Fire Fighting
50840,Water Supply
50841,Electrical
50842,Swimming Pool 
50843,Electrical
50844,Electrician 
50845,Medical Fees 
50846,Gypsum Works
50847,Office Consumables 
50848,Parts
50849,Parts
50850,Plant
50851,Insurance
50856,Gypsum Works
50858,Sundries
50859,
50860,Office Expenses
50861,Gypsum Works
50862,Ironmongery
50863,Gypsum Works
50864,Gypsum Works
50865,Pipes
50866,Geotechnical Report
50867,Sundries
50868,Electrical
50869,Erection
50870,Plant
50871,Sundries
50872,Electrical
50873,Gypsum Works
50874,Office Consumables 
50875,Gypsum Works
50876,Gypsum Works
50877,MEP Material
50878,Insurance
50879,Transformer
50880,Sundries
50881,Immigration Fees
50882,Parts
50883,Plant
50884,Insurance
50885,Insurance
50886,Insurance
50887,Insurance
50888,Gypsum Works
50889,Office Expenses
50890,Sundries
50891,Geotechnical Report
50892,Precast Concrete
50893,Tyres
50894,Electrical
50895,Rebar
50896,Gypsum Works
50897,Electrical
50898,Ironmongery
50899,Manpower
50900,Electrical
50901,Ironmongery
50902,Painting Work 
50903,Painting Work 
50904,Painting Work 
50905,Painting Work 
50906,Painting Work 
50907,Painting Work 
50908,Sundries
50909,Draftsmen
50910,Draftsmen
50911,Draftsmen
50912,Draftsmen
50913,Draftsmen
50914,Draftsmen
50915,Draftsmen
50916,Office Consumables 
50917,Ironmongery
50918,Manpower
50919,Gypsum Works
50920,Electrical
50921,Electrical Purchaser
50922,Vehicle & Equipment
50923,Fees 
50924,Office Expenses
50925,Tyres
50926,Tyres
50927,Parts
50928,Office Consumables 
50929,Sundries
50930,Cables & Wires
50931,Ironmongery
50932,Manpower
50933,Manpower
50934,Manpower
50935,Manpower
50936,Office Expenses
50938,Electrical
50939,Sundries
50940,Sundries
50941,Pipes
50942,Immigration Fees
50943,Immigration Fees
50944,Immigration Fees
50945,Immigration Fees
50946,Medical Fees 
50947,Medical Fees 
50948,Immigration Fees
50949,Immigration Fees
50950,Immigration Fees
50951,Immigration Fees
50952,Office Consumables 
50953,Insurance
50954,Plant
50955,Bank Charges
50956,Plant
50957,Manpower
50958,Geotechnical Report
50959,Office Consumables 
50960,Office Expenses
50961,Gypsum Works
50962,Insurance
50963,Plant
50964,Gypsum Works
50965,Plant
50966,Insurance
50967,Insurance
50968,Insurance
50969,Insurance
50970,Electrical
50971,Insurance
50972,External Manpower
50973,Electrical
50974,Office Consumables 
50975,Insurance
50976,Gypsum Works
50977,Tyres
50978,Administrative Fees 
50979,Electrical
50980,Medical Fees 
50981,Metal Works
50982,Insurance
50983,Tyres
50984,Tyres
50985,Gypsum Works
50986,Plant
50987,Sundries
50989,Gypsum Works
50990,Pipes
50992,Insurance
50993,Precast Concrete
50994,Geotechnical Report
50995,Transformer
50996,Office Consumables 
50997,Ironmongery
50998,Office Consumables 
50999,Vehicle & Equipment
51000,Refreshments
51001,Fire Fighting Materials
51002,Electrician 
51003,Swimming Pool 
51004,Refreshments
51005,Refreshments
51006,Office Consumables 
51007,Transformer
51008,Ironmongery
51009,Swimming Pool 
51010,Swimming Pool 
51011,Elevator / Escalator / Conveyor Belt
51012,Administrative Fees 
51013,Site Related Fees
51014,Other Expenses
51015,Administrative Fees 
51016,Sundries
51017,Other Expenses
51018,Electrician 
51019,Other Expenses
51021,Other Expenses
51022,Gypsum Works
51023,Other Expenses
51024,Other Expenses
51026,Sundries
51028,Legal Fees 
51029,Refreshments
51030,Cables & Wires
51032,Sundries
51033,Plant
51034,Plant
51035,Sundries
51036,Gypsum Works
51037,Insurance Fees 
51038,Office Consumables 
51039,Electrical
51040,Gypsum Works
51041,Miscellaneous
51042,Vehicle & Equipment
51043,Sundries
51044,Bank Charges
51045,Façade
51046,Electrical
51047,Electrician 
51048,Medical Fees 
51049,Charge
51050,Plant
51051,Sundries
51052,Elevator / Escalator / Conveyor Belt
51053,Gypsum Works
51054,Water Supply
51055,Electrical Works
51056,Swimming Pool 
51057,Heaters
51058,Electrical
51059,Sundries
51060,Electrical
51061,Gypsum Works
51062,Sundries
51063,Electrical
51064,Office Consumables 
51065,Ironmongery
51066,Electrical
51067,Gypsum 
51068,Office Consumables 
51069,Parts
51070,Gypsum Works
51071,Office Consumables 
51072,Transformer
51073,Swimming Pool 
51074,Electrician 
51075,Parts
51076,Gypsum Works
51077,Ironmongery
51079,Immigration Fees
51080,Legal Fees 
51081,Medical Fees 
51082,Office Expenses
51083,Gypsum Works
51084,Geotechnical Report
51086,MEP Material
51087,Electrical
51088,Plant
51089,Insurance
51090,Tyres
51091,Gypsum Works
51092,Ironmongery
51093,Electrical
51094,Vehicle & Equipment
51095,Office Consumables 
51096,Plant
51097,Tyres
51098,Sundries
51099,Medical Fees 
51100,Electrical
51102,Electrical
51103,Geotechnical Report
51104,Electrical
51105,Ironmongery
51108,Gypsum Works
51109,Tools & Parts 
51110,Façade
51111,Office Consumables 
51113,Gypsum Works
51115,Manpower
51116,Parts
51117,Plant
51118,Softscape (Landscape)
51119,Immigration Fees
51120,Immigration Fees
51121,Insurance
51122,Plant
51123,Elevator / Escalator / Conveyor Belt
51124,Geotechnical Report
51125,Softscape (Landscape)
51126,Transformer
51127,Electrical
51128,Plant
51129,Parts
51130,Plant
51131,Sundries
51132,Precast Concrete
51133,Office Consumables 
51134,Manpower
51135,Office Consumables 
51136,Geotechnical Report
51137,Softscape (Landscape)
51138,Office Consumables 
51139,Electrical
51140,Vehicle & Equipment
51141,Electrical
51142,Insurance
51143,Sundries
51144,Medical Fees 
51145,Refreshments
51146,Bank Charges
51147,Gypsum Works
51148,Bank Charges
51149,Infrastructure 
51150,Manpower
51151,Office Consumables 
51152,Vehicle & Equipment
51153,Precast Concrete
51154,Refreshments
51155,Gypsum Works
51156,Gypsum Works
51159,Office Consumables 
51161,Shuttering Carpentry
51162,Insurance
51163,Insurance
51164,Office Expenses
51165,Swimming Pool 
51166,Ironmongery
51167,Electrical
51168,Electrical
51169,Sundries
51170,Insurance
51171,Insurance
51172,Plant
51173,Plant
51174,Plant
51175,Tyres
51176,Plant
51177,Electrical
51178,Medical Fees 
51179,Consumables
51180,Consumables
51181,MEP Material
51182,Roadworks
51183,Consumables
51184,Consumables
51185,Consumables
51186,Consumables
51187,Consumables
51188,Consumables
51189,Electrician 
51190,Consumables
51191,Consumables
51192,Office Consumables 
51193,Sundries
51194,Manpower
51195,Manpower
51196,MEP
51197,Swimming Pool 
51198,Electrical
51199,Electrical
51200,Vehicle & Equipment
51201,Sundries
51202,Ironmongery
51203,Sundries
51204,Bank Charges
51205,Refreshments
51206,Tyres
51207,Plant
51208,Plant
51209,Geotechnical Report
51210,Refreshments
51211,Site Consumables 
51212,Office Expenses
51213,Electrical
51214,Office Consumables 
51215,Gypsum Works
51216,Gypsum Works
51217,MEP
51218,Sundries
51219,Geotechnical Report
51220,Sundries
51221,Geotechnical Report
51222,Insurance
51223,Charge
51224,Plant
51225,Fire Fighting Materials
51226,Office Expenses
51227,Office Consumables 
51228,MEP Material
51229,Office Consumables 
51230,Concrete 
51231,Gypsum Works
51232,Gypsum Works
51233,Tyres
51234,Tyres
51235,Gypsum Works
51236,Tyres
51237,Office Expenses
51238,Ironmongery
51239,Gypsum Works
51240,Sundries
51241,Sundries
51242,Insurance
51243,Electrical
51244,Façade
51245,Swimming Pool 
51246,Manpower
51247,Manpower
51248,Gypsum Works
51249,Electrical
51250,Site Consumables 
51251,Insurance
51252,Plant
51253,Electrical
51254,Electrical
51255,Material
51256,Office Consumables 
51257,Office Consumables 
51258,Sundries
51259,Plant
51260,Sundries
51261,Transformer
51262,Vehicle & Equipment
51263,Medical Fees 
51264,Ironmongery
51265,Insurance
51266,Plant
51267,Electrical
51268,Charge
51269,Gypsum Works
51270,Elevator / Escalator / Conveyor Belt
51271,Office Consumables 
51272,Office Consumables 
51273,Sundries
51274,Furniture
51275,Fees 
51276,Refreshments
51277,Dewatering
51278,Electrical
51279,Electrical
51280,Insurance
51281,Plant
51282,Insurance
51283,Plant
51284,Gypsum Works
51287,Gypsum Works
51288,Transformer
51289,Electrical
51290,Medical Fees 
51291,Sundries
51292,Vehicle & Equipment
51293,Façade
51294,Swimming Pool 
51295,Office Consumables 
51296,Transformer
51297,Gypsum Works
51298,Manpower
51299,Electrical Works
51300,Formwork
51301,MEP Material
51302,Office Consumables 
51303,Refreshments
51304,Sundries
51305,Office Expenses
51306,Electrical Works
51307,Electrical
51308,Electrician 
51309,Charge
51310,Pipes
51311,Refreshments
51312,Site Consumables 
51313,Sundries
51314,Electrical
51316,
51317,Heaters
51318,Insurance
51320,Coring Works
51321,MEP
51322,Gypsum Works
51323,MEP
51324,Painting Work 
51325,Painting Work 
51326,Painting Work 
51327,Electrical
51328,Furniture
51329,MEP Material
51330,Elevator / Escalator / Conveyor Belt
51331,Office Consumables 
51332,Plant
51333,Material
51334,Gypsum Works
51335,Sundries
51337,Vehicle Related Fees
51338,MEP
51339,Plant
51340,Sundries
51341,Charge
51342,ELV 
51343,Gypsum 
51344,Insurance
51345,Pipes
51346,Geotechnical Report
51347,Manpower
51348,Insurance
51349,Vehicle & Equipment
51350,Vehicle & Equipment
51351,Pipes
51352,Draftsmen
51353,Draftsmen
51354,Draftsmen
51355,Draftsmen
51356,Draftsmen
51357,Draftsmen
51358,Site Related Fees
51359,Electrician 
51360,Charge
51361,Medical Fees 
51362,Material
51363,Electrician 
51364,Softscape (Landscape)
51365,Sundries
51366,MEP
51367,Office Consumables 
51368,Transformer
51369,Manpower
51370,Plant
51371,Plant
51372,Gypsum 
51373,Swimming Pool 
51374,Gypsum Works
51375,Manpower
51376,Manpower
51377,Moziac
51378,Ironmongery
51379,Electrician 
51380,Medical Fees 
51381,Vehicle & Equipment
51382,Ironmongery
51383,Electrician 
51384,Office Expenses
51385,Incentives
51386,Sundries
51387,Insurance
51388,Office Consumables 
51389,Pipes
51390,Insurance
51391,Sundries
51392,Electrical
51393,Office Consumables 
51394,Electrician 
51395,Infrastructure 
51396,Gypsum Works
51397,Plant
51398,Cables & Wires
51399,Plant
51400,Charge
51401,Charge
51402,Sundries
51403,Swimming Pool 
51404,Parts
51405,Office Expenses
51406,Ironmongery
51407,Tyres
51408,Tyres
51409,Flooring
51410,Electrical
51411,Precast Concrete
51412,Concrete 
51413,Gypsum Works
51414,Manpower
51415,Gypsum Works
51416,Ironmongery
51417,Sundries
51418,Immigration Fees
51419,Electrician 
51420,Charge
51421,Geotechnical Report
51422,Plant
51423,Tyres
51424,Electrical
51425,Electrical Works
51426,Electrical Works
51428,Electrical
51429,Insurance
51430,Electrical Works
51431,Gypsum Works
51432,Plant
51433,Office Consumables 
51434,Unskilled Labour
51435,Pipes
51436,Concrete 
51437,Gypsum Works
51438,Manpower
51439,Vehicle & Equipment
51440,Ironmongery
51441,Precast Concrete
51442,Gypsum Works
51443,Plant
51444,Sundries
51445,Electrical
51446,Pipes
51447,Office Consumables 
51449,Cables & Wires
51450,Ceramic & Porcelain
51451,Façade
51452,Parts
51453,Electrician 
51454,Electrician 
51455,Gypsum Works
51456,Ironmongery
51457,Tyres
51458,Office Consumables 
51459,Gypsum Works
51460,Sundries
51461,Insurance
51462,Sundries
51463,Office Consumables 
51464,Insurance
51465,Gypsum Works
51466,Swimming Pool 
51467,Insurance
51468,Tyres
51469,Plant
51470,Refreshments
51471,Electrician 
51472,Electrician 
51473,Elevator / Escalator / Conveyor Belt
51474,Gypsum Works
51475,Sundries
51476,Plant
51477,Site Consumables 
51478,Ironmongery
51479,Cables & Wires
51480,Other Expenses
51481,Other Expenses
51482,Other Expenses
51483,Other Expenses
51484,Other Expenses
51485,Immigration Fees
51486,Medical Fees 
51487,Swimming Pool 
51488,Immigration Fees
51489,Immigration Fees
51490,Gypsum Works
51491,Sundries
51492,Vehicle & Equipment
51493,Insurance
51494,Insurance
51495,Insurance
51496,Insurance
51497,Insurance
51498,Insurance
51499,Gypsum Works
51500,Cables & Wires
51501,Manpower
51502,Material
51503,Precast Concrete
51504,Material
51505,Swimming Pool 
51506,MEP
51507,Sundries
51508,Immigration Fees
51509,Infrastructure 
51510,Electrical
51511,Refreshments
51512,Tyres
51513,Insurance
51514,Electrical
51515,Electrical
51516,Ironmongery
51517,Gypsum Works
51518,Office Expenses
51519,Tyres
51520,Office Expenses
51521,Sundries
51522,Sundries
51523,Sundries
51524,Sundries
51525,Gypsum Works
51526,Office Expenses
51527,Electrical
51528,Sundries
51529,Plant
51530,Charge
51531,Precast Concrete
51532,Infrastructure 
51533,Cables & Wires
51534,Concrete 
51535,Gypsum Works
51536,Façade
51537,Coring Works
51539,Office Consumables 
51540,Plant
51541,Cables & Wires
51542,Cables & Wires
51543,Insurance
51544,Charge
51545,Sundries
51546,Gypsum Works
51547,Pipes
51549,Parts
51550,Sundries
51551,Electrical
51552,Electrical
51553,Softscape (Landscape)
51554,Geotechnical Report
51555,Office Expenses
51556,Sundries
51557,Electrical
51558,Sundries
51559,Electrical
51560,Insurance
51561,Insurance
51562,Electrician 
51563,Office Consumables 
51564,Insurance
51565,Sundries
51566,Gypsum Works
51567,Softscape (Landscape)
51568,Plant
51569,Façade
51570,Sundries
51571,Material
51572,Pipes
51573,Sundries
51574,Gypsum Works
51575,Sundries
51576,Dewatering
51577,Tyres
51578,Office Consumables 
51579,Transformer
51580,MEP Material
51581,Plant
51582,Charge
51583,Immigration Fees
51584,Gypsum Works
51585,Office Expenses
51586,Plant
51587,Electrical
51588,Gypsum Works
51589,Plant
51590,Insurance
51591,Office Consumables 
51592,Sundries
51593,Electrician 
51594,Consumables
51595,Consumables
51596,Consumables
51597,Consumables
51598,Consumables
51599,Consumables
51600,Consumables
51601,Consumables
51602,Consumables
51603,Consumables
51604,Consumables
51605,Insurance
51606,Pipes
51607,Plant
51608,Tyres
51609,Heaters
51610,Erection
51611,Vehicle & Equipment
51612,Geotechnical Report
51613,Pipes
51614,Pipes
51616,Refreshments
51617,Electrical
51618,Sundries
51619,Sundries
51620,Manpower
51621,Manpower
51622,Electrical
51623,Refreshments
51624,Office Expenses
51625,Ironmongery
51626,MEP Material
51627,Insurance
51628,Insurance
51629,Insurance
51630,Insurance
51631,Plant
51632,Gypsum 
51633,Dewatering
51634,Medical Fees 
51635,Immigration Fees
51638,Material
51640,Concrete 
51641,Plant
51642,Plant
51643,Vehicle & Equipment
51644,Office Consumables 
51645,Sundries
51646,Gypsum Works
51647,Dewatering
51650,Furniture
51651,Gypsum Works
51653,Sundries
51654,Sundries
51655,Office Consumables 
51656,Sundries
51657,Plant
51658,Electrician 
51659,Gypsum Works
51660,Electrician 
51661,Geotechnical Report
51662,Office Expenses
51663,Precast Concrete
51664,Gypsum Works
51666,Material
51667,Office Consumables 
51668,Gypsum Works
51669,Precast Concrete
51670,Sundries
51671,MEP
51672,Material
51673,Electrician 
51674,Electrician 
51675,MEP Material
51676,Façade
51677,Cables & Wires
51678,Electrical
51679,Electrical
51680,Refreshments
51681,Plant
51682,Façade
51683,Swimming Pool 
51684,Insurance
51685,Gypsum Works
51686,Electrical
51687,Sundries
51688,Electrical
51689,Tyres
51690,Façade
51691,Cables & Wires
51692,Pipes
51693,Transformer
51694,Transformer
51695,Façade
51696,Refreshments
51697,Parts
51698,Plant
51699,Façade
51700,Sundries
51701,Electrical
51702,Cables & Wires
51703,Electrical
51704,Electrical
51705,Furniture
51706,Legal Fees 
51707,MEP
51708,Electrician 
51709,Cables & Wires
51710,Vehicle & Equipment
51711,Plant
51712,Office Expenses
51713,Blinds
51714,Vehicle & Equipment
51715,Legal Fees 
51716,Gypsum Works
51717,Office Expenses
51718,Façade
51719,Legal Fees 
51720,Plant
51721,Plant
51722,Office Expenses
51723,Plant
51724,Pipes
51725,Office Consumables 
51726,Façade
51727,Gypsum Works
51728,Electrical
51729,Office Expenses
51730,Refreshments
51731,Sundries
51732,Electrical
51733,Sundries
51734,Electrical
51735,Sundries
51736,Manpower
51737,Fees 
51738,Gypsum Works
51739,Tyres
51740,Sundries
51741,Cables & Wires
51742,Parts
51743,Electrical
51744,Material
51745,Erection
51746,Material
51747,PEB
51748,Gypsum Works
51749,Façade
51750,Sundries
51751,Sundries
51752,Bank Charges
51753,Gypsum Works
51754,Immigration Fees
51755,Other Expenses
51756,Other Expenses
51757,Administrative Fees 
51758,Immigration Fees
51759,Immigration Fees
51760,Administrative Fees 
51761,Administrative Fees 
51762,Electrician 
51764,Gypsum Works
51765,Gypsum Works
51766,Electrical
51767,Plant
51768,Plant
51769,Plant
51770,Geotechnical Report
51771,Bank Charges
51772,Bank Charges
51773,Bank Charges
51774,Bank Charges
51775,Bank Charges
51776,Bank Charges
51777,Bank Charges
51778,Sundries
51779,Electrical
51780,Tyres
51781,Material
51782,Gypsum Works
51783,Site Consumables 
51784,Formwork
51785,Rebar
51786,Insurance
51787,Electrical
51788,Plant
51789,Sundries
51790,Sundries
51791,Sundries
51792,Office Expenses
51793,Office Expenses
51794,Cables & Wires
51795,Tanks
51796,Blinds
51797,Gypsum Works
51798,Office Expenses
51799,Painting Work 
51800,Painting Work 
51801,Plaster Work
51802,Gypsum Works
51803,Office Expenses
51804,Office Consumables 
51805,Internal Work
51807,Electrical
51808,Electrical
51809,Precast Concrete
51810,Façade
51811,Bank Charges
51812,Bank Charges
51813,Sundries
51814,Sundries
51815,Electrical
51816,Office Expenses
51817,Parts
51818,Plant
51819,Plant
51820,Plant
51821,Insurance
51822,Plant
51823,Insurance
51824,Tyres
51825,Gypsum Works
51826,Cables & Wires
51827,Pipes
51828,Block
51829,Softscape (Landscape)
51830,Manpower
51831,Office Consumables 
51832,Office Consumables 
51833,Manpower
51834,Manpower
51835,Gypsum Works
51836,Ironmongery
51837,Gypsum Works
51838,Vehicle & Equipment
51839,Refreshments
51840,Vehicle & Equipment
51841,Plant
51842,Electrical
51843,Sundries
51844,Drainage 
51845,Vehicle & Equipment
51846,Cement 
51847,Draftsmen
51848,Draftsmen
51849,Draftsmen
51850,Draftsmen
51851,Draftsmen
51852,Draftsmen
51853,Manpower
51854,Plant
51855,Office Expenses
51856,Office Consumables 
51857,Office Expenses
51858,Tanks
51859,Sundries
51860,Manpower
51861,Vehicle & Equipment
51862,Manpower
51863,Office Consumables 
51864,Geotechnical Report
51865,Swimming Pool 
51866,Electrical
51867,Tyres
51868,Plant
51869,Tyres
51870,Precast Concrete
51871,Legal Fees 
51872,Gypsum Works
51873,Pipes
51874,Electrical
51875,Sundries
51876,Fees 
51877,Gypsum Works
51878,Block
51879,Office Consumables 
51880,Swimming Pool 
51881,Swimming Pool 
51882,Electrical
51883,Refreshments
51884,Refreshments
51885,Refreshments
51886,Insurance
51887,Insurance
51888,Plant
51889,Electrical
51890,Electrical
51891,Gypsum Works
51892,Ironmongery
51893,Gypsum Works
51894,Swimming Pool 
51895,Gypsum Works
51896,Insurance
51897,Office Expenses
51898,Parts
51899,Plant
51900,Tyres
51901,Cables & Wires
51902,Heaters
51903,Electrical
51904,Fire Alarm
51905,Insurance
51906,Fire Fighting Materials
51907,Insurance
51908,Fire Alarm
51909,Cables & Wires
51910,Sundries
51911,Refreshments
51912,Drainage 
51913,MEP
51914,MEP
51915,MEP
51916,Sundries
51917,Plant
51918,
51919,Façade
51920,Refreshments
51921,Pipes
51922,Geotechnical Report
51925,Manpower
51926,Flooring
51927,Gypsum 
51928,Charge
51929,Insurance
51930,Manpower
51931,Manpower
51932,Electrical
51933,Gypsum Works
51934,Pipes
51935,MEP Material
51936,Gypsum Works
51937,Electrical
51938,Office Consumables 
51939,Transformer
51940,Office Expenses
51941,Other Expenses
51942,Insurance
51943,Other Expenses
51944,Immigration Fees
51945,Other Expenses
51946,Epoxy
51947,Immigration Fees
51948,Gypsum Works
51949,Site Related Fees
51950,Immigration Fees
51951,Administrative Fees 
51952,Administrative Fees 
51953,Other Expenses
51954,Sundries
51955,Pipes
51956,Gypsum Works
51957,Electrical
51958,Electrical Works
51959,Manpower
51960,Geotechnical Report
51961,Electrical
51962,Precast Concrete
51963,Gypsum Works
51964,Miscellaneous
51965,Sundries
51966,Internal Work
51967,Gypsum Works
51968,Sundries
51969,Sundries
51970,MEP Material
51971,Office Consumables 
51972,Office Consumables 
51973,Refreshments
51974,Gypsum Works
51975,Office Expenses
51976,Swimming Pool 
51977,Insurance
51978,Refreshments
51979,Infrastructure 
51980,Fees 
51981,Manpower
51982,Roadworks
51983,Transformer
51984,Electrical
51985,Geotechnical Report
51986,Electrical
51987,Heaters
51988,Manpower
51989,Cables & Wires
51990,Tools & Parts 
51991,Refreshments
51992,Pipes
51993,Office Consumables 
51994,Electrical
51995,Gypsum Works
51996,Office Consumables 
51997,Insurance
51998,Gypsum Works
51999,Cables & Wires
52000,Electrical
52001,Precast Concrete
52002,Fire Fighting Materials
52003,Medical Fees 
52004,Manpower
52005,MEP Material
52006,Sundries
52007,Heaters
52008,
52009,Electrical
52010,Erection
52011,Insurance
52012,Charge
52013,Plant
52014,Sundries
52015,MEP
52016,Material
52017,Sundries
52018,Sundries
52019,Electrical
52020,Vehicle & Equipment
52021,Façade
52022,Plant
52023,Tyres
52024,Immigration Fees
52025,Immigration Fees
52026,Insurance
52027,Electrician 
52028,Insurance
52029,Engineer
52030,Immigration Fees
52031,Electrician 
52032,LPG
52033,Immigration Fees
52034,Immigration Fees
52035,Engineer
52036,Electrical
52037,Sundries
52038,Infrastructure 
52039,Insurance
52040,Tyres
52041,Vehicle & Equipment
52042,Vehicle & Equipment
52043,Softscape (Landscape)
52044,Office Consumables 
52045,Sundries
52046,Insurance
52047,Pipes
52048,Electrical
52049,Geotechnical Report
52050,Cables & Wires
52051,Office Expenses
52054,Manpower
52055,Electrician 
52056,Office Consumables 
52057,Fire Fighting Materials
52058,Refreshments
52059,Swimming Pool 
52060,Electrical
52061,Electrical
52062,Electrician 
52064,Manpower
52065,Electrical
52066,Electrical
52067,Cables & Wires
52068,Sundries
52069,Cables & Wires
52070,Gypsum Works
52071,Manpower
52072,Gypsum Works
52073,MEP Material
52074,Fire Fighting Materials
52075,Office Consumables 
52076,Material
52077,Ironmongery
52078,MEP Material
52079,Electrician 
52080,Electrician 
52081,Insurance
52082,Charge
52084,MEP Material
52085,Consumables
52086,Office Consumables 
52087,Incentives
52088,Consumables
52089,Consumables
52090,Consumables
52091,Consumables
52092,Consumables
52093,Consumables
52094,Consumables
52095,Consumables
52096,Consumables
52097,Consumables
52098,Insurance
52099,Gypsum Works
52100,Refreshments
52101,Fees 
52102,Electrical
52103,Electrical
52104,Gypsum Works
52105,Site Consumables 
52106,Cables & Wires
52107,Sundries
52108,Electrical
52109,Electrician 
52110,Electrician 
52111,Insurance
52112,Gypsum Works
52113,Tyres
52114,Plant
52115,Sundries
52116,Office Consumables 
52117,MEP Material
52118,Gypsum Works
52119,Tanks
52120,Electrical
52121,Immigration Fees
52122,Medical Fees 
52123,Electrical
52124,Refreshments
52125,Site Consumables 
52126,Sundries
52127,Ironmongery
52128,Meters
52129,Sundries
52130,Electrical
52131,Insurance
52132,Sundries
52133,Plant
52134,Ironmongery
52135,Plant
52136,Vehicle & Equipment
52137,Tyres
52138,Electrician 
52139,Immigration Fees
52140,Tyres
52141,Medical Fees 
52142,Refreshments
52143,Blinds
52144,Electrician 
52145,Refreshments
52146,Softscape (Landscape)
52147,Sundries
52148,Electrical
52149,Ironmongery
52150,Elevator / Escalator / Conveyor Belt
52151,Sundries
52152,Gypsum Works
52153,Office Expenses
52154,Sundries
52155,Gypsum Works
52156,Sundries
52157,Sundries
52158,Tyres
52159,Office Consumables 
52160,Office Consumables 
52161,Electrical
52162,Blinds
52163,Precast Concrete
52164,Electrical
52165,Office Consumables 
52166,Electrical
52167,Immigration Fees
52168,Immigration Fees
52169,Fees 
52170,Insurance
52171,Electrical
52172,Electrician 
52173,Manpower
52174,Tyres
52175,Plant
52176,Sundries
52177,Site Consumables 
52178,Fire Fighting
52179,Gypsum Works
52180,Gypsum Works
52181,Electrician 
52182,Pipes
52183,Water Supply
52184,Insurance
52185,Electrical
52186,Sundries
52187,Refreshments
52188,Insurance
52189,Electrical
52190,Moziac
52191,Electrical
52192,Sundries
52193,Refreshments
52194,Sundries
52195,Office Consumables 
52196,Electrical
52197,Gypsum 
52198,Refreshments
52199,Sundries
52200,Electrician 
52201,Sundries
52202,Electrical
52203,Gypsum Works
52204,Electrician 
52205,Electrical
52206,Medical Fees 
52207,Office Expenses
52208,Vehicle & Equipment
52209,Electrical
52210,Electrical
52211,Office Consumables 
52212,Office Consumables 
52213,Office Expenses
52214,MEP Material
52215,Gypsum Works
52216,Sundries
52217,Erection
52218,Insurance
52219,Precast Concrete
52220,Concrete 
52221,Precast Concrete
52222,Insurance
52223,Elevator / Escalator / Conveyor Belt
52224,Electrical
52225,Bank Charges
52226,Bank Charges
52227,Electrical
52228,Electrical
52229,Tyres
52230,Refreshments
52231,Manholes/Gratings
52232,Infrastructure 
52233,Gypsum Works
52234,Office Expenses
52235,Sundries
52236,Sundries
52237,Electrical
52238,Office Expenses
52239,Precast Concrete
52240,Rebar
52241,Tyres
52242,Fees 
52243,Insurance
52244,Charge
52245,Pipes
52246,Signage
52247,Internal Work
52248,Refreshments
52249,Electrical
52250,Sundries
52251,Site Consumables 
52252,Plant
52253,Electrical
52254,Gypsum Works
52255,Swimming Pool 
52256,Plant
52257,Plant
52258,Plaster Work
52259,Water Supply
52260,Electrician 
52261,Gypsum Works
52262,Unskilled Labour
52263,Cables & Wires
52264,Tyres
52265,Insurance
52266,Charge
52267,Vehicle & Equipment
52268,Electrical
52269,Gypsum Works
52270,Sundries
52271,Insurance
52272,Façade
52273,Electrical
52274,Gypsum Works
52275,Gypsum Works
52276,Electrician 
52277,Signage
52278,Gypsum Works
52279,Façade
52282,Tanks
52283,Electrical
52284,Electrical
52285,Electrical
52286,Electrical
52287,Gypsum Works
52288,Electrical
52289,Electrical
52290,MEP
52291,Sundries
52292,Draftsmen
52293,Draftsmen
52294,Draftsmen
52295,Draftsmen
52296,Draftsmen
52297,Draftsmen
52298,Draftsmen
52299,Electrical
52300,Sundries
52301,Electrical
52302,Sundries
52303,Electrician 
52304,Charge
52305,Insurance
52306,Vehicle & Equipment
52307,Insurance
52308,Insurance
52309,Electrician 
52310,Insurance
52311,Incentives
52312,Electrical
52313,Precast Concrete
52314,Electrical
52315,Electrical
52316,Gypsum Works
52317,Sundries
52318,Dewatering
52319,Tyres
52320,Office Consumables 
52321,Parts
52322,Parts
52323,Insurance
52324,Blinds
52325,Office Consumables 
52326,Precast Concrete
52327,Geotechnical Report
52328,Office Expenses
52329,Façade
52330,Plant
52331,Office Expenses
52332,Cables & Wires
52333,Electrical
52334,Electrical
52335,Geotechnical Report
52336,Blinds
52337,Pipes
52338,Office Expenses
52339,Sundries
52340,Heaters
52341,Electrical
52342,Fees 
52343,Electrical Works
52344,Drainage 
52345,Tyres
52346,Electrical
52347,Electrical
52348,Electrical
52349,Electrical
52350,Ironmongery
52351,Moziac
52352,Insurance
52353,Charge
52354,Charge
52355,Office Expenses
52356,Electrical
52357,Erection
52358,MEP Material
52359,Gypsum Works
52360,Sundries
52361,Gypsum Works
52362,Manpower
52363,Gypsum Works
52364,Electrical
52365,Precast Concrete
52366,Electrician 
52367,Anti Termite Control
52368,Electrical
52369,Precast Concrete
52370,Parts
52371,Electrical
52372,Metal Works
52373,Refreshments
52374,Swimming Pool 
52375,Fees 
52376,Sundries
52377,Gypsum Works
52378,Office Expenses
52379,Immigration Fees
52380,Immigration Fees
52381,Electrical
52382,Pipes
52383,Legal Fees 
52384,Sundries
52385,Sundries
52386,Sundries
52387,Gypsum Works
52388,Geotechnical Report
52389,Gypsum Works
52390,Precast Concrete
52391,Sundries
52392,Swimming Pool 
52393,Precast Concrete
52394,Sundries
52395,Gypsum Works
52396,Insurance
52397,Precast Concrete
52398,Precast Concrete
52399,Medical Fees 
52400,Electrical
52401,Manpower
52402,Swimming Pool 
52403,Insurance
52404,Office Consumables 
52405,Manpower
52406,Fees 
52407,Precast Concrete
52408,Fees 
52409,Tyres
52410,Swimming Pool 
52411,Gypsum Works
52412,Site Consumables 
52413,Façade
52414,Sundries
52415,Manholes/Gratings
52416,Electrical
52417,Site Consumables 
52418,Electrician 
52419,Manpower
52420,Manpower
52421,Gypsum Works
52422,Cables & Wires
52423,Medical Fees 
52424,Sundries
52425,Electrician 
52426,Medical Fees 
52427,Sundries
52428,Electrical
52429,Electrical
52430,Sundries
52431,Coring Works
52432,Moziac
52433,MEP Material
52434,Fees 
52435,Gypsum Works
52436,Gypsum Works
52437,Pipes
52438,Charge
52439,Insurance
52440,Gypsum Works
52441,Electrician 
52442,Legal Fees 
52443,Sundries
52444,Incentives
52445,Refreshments
52446,Office Consumables 
52447,Other Expenses
52448,Insurance
52449,Parts
52450,Insurance
52451,Insurance
52452,Precast Concrete
52453,Refreshments
52454,Electrical
52455,Vehicle & Equipment
52456,Tyres
52457,Office Consumables 
52458,Insurance
52459,Cables & Wires
52460,Electrical
52461,Geotechnical Report
52462,Material
52463,Gypsum Works
52464,Electrician 
52465,Manpower
52467,Cement 
52468,Façade
52469,Manpower
52470,Manpower
52471,Gypsum Works
52472,Fees 
52473,Electrician 
52474,Insurance
52475,Electrical
52476,Infrastructure 
52477,Gypsum Works
52478,Façade
52479,Refreshments
52480,Façade
52481,Insurance
52482,Insurance
52483,Insurance
52484,Insurance
52485,Insurance
52486,Insurance
52487,Insurance
52488,MEP Material
52489,Unskilled Labour
52490,Sundries
52491,Office Expenses
52492,Manpower
52493,Manpower
52494,Insurance
52495,Manpower
52496,Electrical
52497,Sundries
52498,Cables & Wires
52499,Sundries
52500,Tyres
52501,Joinery
52502,Sundries
52503,Tyres
52504,Charge
52505,Charge
52506,Erection
52507,Refreshments
52508,Sundries
52509,Electrical
52510,Geotechnical Report
52511,Sundries
52512,Office Consumables 
52513,Office Consumables 
52514,Façade
52515,Gypsum Works
52516,Sundries
52517,Medical Fees 
52518,Sundries
52519,Manpower
52520,Refreshments
52521,Swimming Pool 
52522,Pipes
52523,Pipes
52524,Pipes
52525,Pipes
52526,Electrician 
52527,Fire Fighting
52528,Precast Concrete
52529,Insurance
52530,Tyres
52531,Miscellaneous
52532,Electrical
52533,Electrical
52534,Refreshments
52535,Tyres
52536,Insurance
52537,Plant
52538,Office Consumables 
52539,Electrician 
52540,Electrician 
52541,Vehicle & Equipment
52542,Vehicle & Equipment
52543,Vehicle & Equipment
52544,Site Related Fees
52545,Rebar
52546,Heaters
52547,Site Related Fees
52548,
52549,Rebar
52550,Gypsum Works
52551,Sundries
52552,Medical Fees 
52553,Legal Fees 
52554,Other Expenses
52555,Immigration Fees
52556,Precast Concrete
52557,Sundries
52558,Gypsum Works
52559,Infrastructure 
52560,Cement 
52561,Office Consumables 
52562,Refreshments
52563,Erection
52564,Electrician 
52565,Site Related Fees
52566,Other Expenses
52567,Other Expenses
52568,Other Expenses
52569,Other Expenses
52570,Other Expenses
52571,Other Expenses
52572,Immigration Fees
52573,Site Related Fees
52574,Office Expenses
52575,Electrician 
52576,Electrical Works
52577,Dewatering
52578,Electrical
52579,Refreshments
52580,Precast Concrete
52581,Swimming Pool 
52582,Miscellaneous
52583,Sundries
52584,Electrician 
52585,Insurance
52586,Insurance
52587,Plant
52588,Refreshments
52589,Immigration Fees
52590,Immigration Fees
52591,Refreshments
52592,Electrical
52593,Refreshments
52594,Refreshments
52595,Office Expenses
52596,Immigration Fees
52597,Site Consumables 
52598,Refreshments
52599,Gypsum Works
52600,Electrical
52601,Sundries
52602,Sundries
52603,Concrete 
52604,Sundries
52606,Heaters
52607,Coring Works
52608,Sundries
52609,MEP Material
52610,External Manpower
52611,Office Expenses
52612,Office Consumables 
52613,Tanks
52614,Sundries
52615,Fees 
52616,Electrical
52617,Sundries
52618,Electrical
52619,Cement 
52620,MEP
52621,Electrical
52622,Pipes
52623,Office Consumables 
52624,Internal Work
52626,Legal Fees 
52627,Sundries
52628,Gypsum Works
52629,Electrical
52630,Office Consumables 
52631,Manpower
52632,Geotechnical Report
52633,Electrical
52634,Material
52635,Sundries
52636,Gypsum 
52638,Gypsum Works
52639,Electrical
52640,Office Consumables 
52641,Manpower
52642,Manpower
52643,Manpower
52644,Moziac
52645,Manpower
52646,Electrical
52647,Geotechnical Report
52648,Dewatering
52649,Tyres
52650,MEP Material
52651,Fees 
52652,Ironmongery
52653,Office Expenses
52654,Electrical
52655,Swimming Pool 
52656,Sundries
52657,Tyres
52658,Electrician 
52659,Electrical
52660,Office Expenses
52661,Refreshments
52662,Electrician 
52663,Façade
52664,Office Consumables 
52665,Sundries
52666,Sundries
52667,Finishing 
52668,Manpower
52669,Electrical Works
52670,Immigration Fees
52671,Immigration Fees
52672,Gypsum Works
52673,Sundries
52674,Sundries
52675,ELV 
52676,Moziac
52677,Sundries
52678,Fire Fighting
52679,Electrician 
52681,Moziac
52682,Sundries
52683,MEP Material
52684,Fees 
52685,Vehicle & Equipment
52686,Tyres
52687,Insurance
52688,Electrical
52689,Manholes/Gratings
52690,Gypsum Works
52691,Tyres
52692,Miscellaneous
52693,Electrical
52694,Office Consumables 
52695,External Manpower
52696,Site Consumables 
52697,Office Consumables 
52698,Office Expenses
52699,Medical Fees 
52700,Office Expenses
52701,Immigration Fees
52702,Immigration Fees
52704,Plant
52705,Insurance
52706,Precast Concrete
52707,Erection
52708,Tyres
52709,Gypsum Works
52710,MEP Material
52711,Electrical
52712,Electrical
52713,Tyres
52714,Electrical
52715,Electrical
52716,Sundries
52717,Legal Fees 
52718,Electrician 
52719,Electrician 
52720,Finishing 
52721,Finishing 
52722,Geotechnical Report
52723,Refreshments
52724,Sundries
52725,Pipes
52726,Electrician 
52727,Gypsum Works
52728,Swimming Pool 
52729,Swimming Pool 
52730,Manpower
52731,Formwork
52732,Tyres
52733,Geotechnical Report
52734,Gypsum Works
52735,Finishing 
52736,Electrical
52737,Electrical
52738,Office Expenses
52739,Sundries
52740,Façade
52741,Geotechnical Report
52742,Electrician 
52743,Electrician 
52744,Immigration Fees
52745,Gypsum Works
52746,Furniture
52747,Formwork
52748,Softscape (Landscape)
52749,Tyres
52750,Tyres
52751,Electrical
52752,Tyres
52753,HVAC 
52754,Refreshments
52755,Gypsum Works
52756,Electrical Works
52757,Geotechnical Report
52758,Tyres
52759,Immigration Fees
52760,Immigration Fees
52761,Gypsum Works
52762,Consumables
52763,Consumables
52764,Consumables
52765,Consumables
52766,Consumables
52767,Consumables
52768,Consumables
52769,Consumables
52770,Consumables
52771,Consumables
52772,Consumables
52773,MEP
52774,Blinds
52775,Vehicle Related Fees
52778,Sundries
52779,Office Consumables 
52780,Medical Fees 
52781,Cables & Wires
52782,Precast
52783,Sundries
52784,Electrician 
52785,Legal Fees 
52786,Office Consumables 
52787,Insurance
52788,Insurance
52789,Electrical
52790,Sundries
52791,Insurance
52792,Insurance
52793,Insurance
52794,Insurance
52795,Fees 
52796,Office Expenses
52797,Office Expenses
52798,Transformer
52799,Gypsum Works
52800,Manpower
52801,Manpower
52802,Manpower
52803,Manpower
52804,Façade
52805,Refreshments
52806,Manpower
52807,Gypsum Works
52808,Sundries
52809,Tyres
52810,Tyres
52811,Gypsum Works
52812,Gypsum Works
52813,Tyres
52814,Blinds
52815,Medical Fees 
52816,Sundries
52817,Pipes
52818,Erection
52819,HVAC 
52820,Office Expenses
52821,Vehicle & Equipment
52822,Manpower
52823,Office Expenses
52824,Vehicle & Equipment
52825,Office Expenses
52826,Gypsum Works
52827,Electrical
52828,Office Expenses
52829,Electrical
52830,Pipes
52831,Sundries
52832,Electrical
52833,Refreshments
52834,Sundries
52835,Water Supply
52836,Tyres
52837,Parts
52838,Refreshments
52839,Tyres
52840,Gypsum Works
52841,Tyres
52842,Electrician 
52843,Electrical
52844,Sundries
52845,Precast
52846,Drainage 
52847,Insurance
52848,Plant
52849,Formwork
52850,Sundries
52851,Sundries
52852,Material
52853,Manpower
52854,Swimming Pool 
52855,Cement 
52856,Sundries
52857,Manpower
52858,Refreshments
52859,Sundries
52860,Tyres
52861,Electrical
52862,Fire Fighting Materials
52863,Geotechnical Report
52864,Insurance
52865,Sundries
52866,Manpower
52867,MEP Material
52868,Electrical
52869,Refreshments
52870,Heaters
52871,Vehicle Related Fees
52872,Electrical
52873,Electrician 
52874,Site Consumables 
52875,Electrical
52876,Sundries
52877,Miscellaneous
52878,Sundries
52879,Miscellaneous
52880,Office Consumables 
52881,Parts
52882,MEP Material
52883,Gypsum Works
52884,Sundries
52885,Electrical
52886,MEP
52887,Office Consumables 
52888,Fire Alarm
52889,Infrastructure 
52890,Infrastructure 
52891,Sundries
52892,Precast Concrete
52893,Gypsum Works
52894,
52895,Electrical
52896,Charge
52897,Formwork
52898,Coring Works
52899,Site Consumables 
52900,Sundries
52901,Gypsum Works
52902,Pipes
52903,Tyres
52904,Insurance
52905,Vehicle & Equipment
52907,Electrical
52908,Manpower
52909,Office Expenses
52910,Office Expenses
52911,Office Expenses
52912,Office Expenses
52914,Office Expenses
52915,Heaters
52916,Insurance
52917,Precast
52918,Refreshments
52919,Sundries
52920,Office Expenses
52921,Vehicle & Equipment
52922,Blinds
52923,Gypsum Works
52924,Electrical
52925,Vehicle & Equipment
52926,Manpower
52927,Geotechnical Report
52928,Office Expenses
52929,Water Supply
52930,Office Expenses
52931,Gypsum Works
52932,Medical Fees 
52933,Sundries
52934,Manpower
52935,Medical Fees 
52936,Concrete 
52937,Geotechnical Report
52938,Sundries
52939,Draftsmen
52940,Draftsmen
52941,Draftsmen
52946,Draftsmen
52949,Draftsmen
52950,Draftsmen
52951,Draftsmen
52954,Draftsmen
52955,Draftsmen
52956,Draftsmen
52958,Unskilled Labour
52959,Gypsum Works
52960,Structural Works
52961,Unskilled Labour
52962,Fire Stoppage Work
52963,Electrical
52964,Legal Fees 
52965,Office Consumables 
52966,Refreshments
52967,Geotechnical Report
52968,Tyres
52969,Dewatering
52970,Precast Concrete
52971,Transformer
52972,Tyres
52973,Electrical
52975,Precast Concrete
52976,MEP
52977,Geotechnical Report
52978,Refreshments
52979,Tyres
52980,Refreshments
52981,Immigration Fees
52982,Refreshments
52983,Tyres
52984,Bank Charges
52985,Plant
52986,Refreshments
52987,Ironmongery
52988,Electrical
52989,Electrical
52990,Sundries
52991,Refreshments
52992,Medical Fees 
52993,Manpower
52994,Office Consumables 
52995,Tyres
52996,Refreshments
52997,Sundries
52998,Medical Fees 
52999,Sundries
53000,Gypsum Works
53001,Material
53002,Manpower
53003,Manpower
53004,Fees 
53005,Office Consumables 
53006,Flooring
53007,Refreshments
53008,Tyres
53009,Manpower
53010,Shuttering Carpentry
53011,Sundries
53012,Insurance
53013,Insurance
53014,Office Expenses
53015,Swimming Pool 
53016,Rebar
53018,Manpower
53019,Manpower
53020,Manpower
53021,Manpower
53022,Manpower
53023,Manpower
53024,Manpower
53025,Manpower
53026,Office Consumables 
53027,Material
53028,MEP Material
53029,Plant
53030,Charge
53031,Vehicle & Equipment
53032,Plant
53033,Façade
53034,Pipes
53035,Electrical
53036,Medical Fees 
53037,Concrete 
53038,Infrastructure 
53039,Other Expenses
53040,Skilled Labour
53041,Site Related Fees
53042,Other Expenses
53043,Other Expenses
53044,Tyres
53045,Immigration Fees
53046,Immigration Fees
53047,Medical Fees 
53048,Charge
53049,Charge
53050,Charge
53051,Charge
53052,Charge
53053,Swimming Pool 
53054,Bank Charges
53055,Refreshments
53056,Tyres
53057,Sundries
53058,Geotechnical Report
53059,Office Consumables 
53060,Plant
53061,Sundries
53062,Swimming Pool 
53063,Sundries
53064,Bank Charges
53065,Cables & Wires
53066,Refreshments
53067,Cement 
53068,Geotechnical Report
53069,Electrical
53070,Legal Fees 
53071,Tanks
53072,Site Consumables 
53073,Gypsum Works
53074,Sundries
53075,Sundries
53076,Cement 
53077,Cement 
53078,Electrician 
53079,Rebar
53080,Precast Concrete
53081,Pipes
53082,Electrical
53083,Erection
53084,MEP
53085,Office Consumables 
53086,Cables & Wires
53087,Material
53088,Electrical
53089,Gypsum Works
53090,Tyres
53092,Pipes
53093,Tyres
53094,Refreshments
53095,Insurance
53096,Insurance
53097,Insurance
53098,Insurance
53099,Insurance
53100,Insurance
53101,Refreshments
53102,Gypsum Work
53104,Vehicle & Equipment
53105,Vehicle & Equipment
53106,Vehicle & Equipment
53107,Vehicle & Equipment
53108,Gypsum Works
53109,Medical Fees 
53110,Refreshments
53111,Sundries
53112,Refreshments
53113,Manpower
53114,Sundries
53115,Meters
53116,Meters
53117,Office Expenses
53118,Meters
53119,Refreshments
53120,Electrical
53121,Insurance
53122,Manpower
53123,Plant
53124,Refreshments
53125,Gypsum Works
53126,Miscellaneous
53127,Parts
53128,Gypsum Works
53129,Gypsum Works
53130,Office Consumables 
53131,Electrical
53132,Electrical
53133,Manpower
53134,Pipes
53135,Gypsum Works
53136,Heaters
53137,Geotechnical Report
53138,Miscellaneous
53139,Electrical
53140,Electrical
53141,Sundries
53142,Precast Concrete
53143,Geotechnical Report
53144,Electrical
53145,Sundries
53146,Electrician 
53147,Pipes
53148,Electrical
53149,MEP Material
53150,Gypsum Works
53151,Heaters
53152,Tyres
53153,Tyres
53154,Electrical
53155,Sundries
53156,Sundries
53157,Precast Concrete
53158,Sundries
53159,Electrical
53160,Insurance
53161,Office Consumables 
53162,Other Expenses
53163,Other Expenses
53164,Signage
53165,Other Expenses
53166,Meters
53167,Refreshments
53168,Administrative Fees 
53169,Immigration Fees
53170,Site Related Fees
53171,Other Expenses
53172,Other Expenses
53173,Other Expenses
53174,Precast Concrete
53175,Office Consumables 
53176,Tyres
53177,Vehicle & Equipment
53178,Immigration Fees
53179,Immigration Fees
53180,Swimming Pool 
53181,Insurance
53182,Meters
53183,Swimming Pool 
53184,Manpower
53185,Manpower
53186,Manpower
53187,Office Consumables 
53188,Material
53189,Sundries
53190,Gypsum Works
53191,Electrician 
53192,Geotechnical Report
53193,Gypsum Works
53194,Electrical
53195,Parts
53196,Legal Fees 
53197,Elevator / Escalator / Conveyor Belt
53198,Cement 
53199,Plant
53200,Gypsum Works
53201,Rebar
53202,Cement 
53203,Medical Fees 
53204,Precast Concrete
53205,Sundries
53206,Sundries
53207,Sundries
53208,Tanks
53209,Electrical
53210,Electrical
53211,Electrical
53212,Insurance
53213,Blinds
53214,Vehicle & Equipment
53215,Geotechnical Report
53216,Gypsum Works
53217,Geotechnical Report
53218,Electrical
53219,Manpower
53220,Manpower
53221,Manpower
53222,Manpower
53223,Manpower
53224,Manpower
53225,Gypsum Works
53226,Office Expenses
53227,Charge
53228,Ironmongery
53229,Refreshments
53230,Rebar
53231,Electrical
53232,Sundries
53233,Electrical
53234,Sundries
53235,Geotechnical Report
53236,Tyres
53237,Tyres
53238,Electrical
53239,Sundries
53240,Cement 
53241,Office Consumables 
53242,Façade
53243,Office Expenses
53244,Moziac
53245,Manpower
53247,Legal Fees 
53248,Office Expenses
53249,Precast Concrete
53250,Office Expenses
53251,Parts
53252,Insurance
53253,Tyres
53254,Internal Work
53255,Water Supply
53256,Geotechnical Report
53257,Electrician 
53258,Insurance
53259,Sundries
53260,Insurance
53261,Manpower
53262,Manpower
53263,Sundries
53265,Gypsum 
53266,Manpower
53267,Sundries
53268,Material
53269,Insurance
53270,Fees 
53271,Manpower
53272,Office Consumables 
53273,Gypsum Works
53274,Consumables
53275,Manpower
53276,Precast Concrete
53277,Geotechnical Report
53278,Electrical
53279,Medical Fees 
53280,Manpower
53281,Charge
53282,Tyres
53283,Electrician 
53284,Block
53285,Site Consumables 
53286,Other Expenses
53287,Office Consumables 
53288,Electrical
53289,Precast Concrete
53290,Sundries
53291,Electrical
53292,Gypsum 
53293,Insurance
53294,Medical Fees 
53295,Cables & Wires
53296,Electrical
53297,Pipes
53298,Electrical
53299,Manpower
53300,Consumables
53301,Gypsum Works
53302,Refreshments
53303,Refreshments
53304,Electrical
53305,Rebar
53306,Gypsum Works
53307,Electrical
53308,Consumables
53309,Consumables
53310,Consumables
53311,Consumables
53312,Consumables
53313,Consumables
53314,Consumables
53315,Consumables
53316,Consumables
53317,Consumables
53318,Consumables
53319,Sundries
53320,Miscellaneous
53321,Insurance
53322,Water Supply
53323,Manpower
53324,Sundries
53325,Moziac
53326,Manpower
53327,Block
53328,Plant
53329,Geotechnical Report
53330,Gypsum Works
53331,Sundries
53332,Refreshments
53333,Sundries
53334,Refreshments
53335,Electrician 
53336,Signage
53337,Office Expenses
53338,Manholes/Gratings
53339,MEP
53340,Tyres
53342,Geotechnical Report
53343,Gypsum Works
53344,Meters
53345,Vehicle & Equipment
53346,Sundries
53347,Ironmongery
53348,Coring Works
53349,Miscellaneous
53350,Electrical
53351,Office Expenses
53352,Office Expenses
53353,Bank Charges
53354,Sundries
53355,Electrical
53356,MEP Material
53357,Tyres
53358,Tyres
53359,Façade
53360,External Manpower
53361,MEP Material
53362,Office Expenses
53363,Manpower
53364,Office Consumables 
53365,Electrician 
53366,Epoxy
53367,Gypsum Works
53368,Geotechnical Report
53369,Gypsum Works
53370,Site Consumables 
53371,Gypsum Works
53372,Gypsum 
53373,Vehicle & Equipment
53374,Gypsum Works
53375,Vehicle & Equipment
53376,Sundries
53377,Office Consumables 
53378,Material
53379,Electrical
53380,Electrical
53381,Electrical
53382,Roadworks
53383,Manpower
53384,MEP Material
53385,Manpower
53386,Gypsum 
53387,Office Expenses
53388,Electrician 
53389,Miscellaneous
53390,Insurance
53391,Charge
53392,Parts
53393,Refreshments
53394,Ironmongery
53395,Electrical
53396,Tyres
53397,Tyres
53398,Manpower
53399,Sundries
53400,Gypsum Works
53401,Electrical
53402,Electrical
53403,Electrical
53404,Electrical
53405,Electrician 
53406,Electrician 
53407,Sundries
53408,Shuttering Carpentry
53409,Office Consumables 
53410,Geotechnical Report
53411,Manpower
53412,Gypsum Works
53413,Gypsum Works
53414,Tyres
53415,Refreshments
53416,Formwork
53417,Electrical
53418,Sundries
53419,Sundries
53420,Insurance
53421,Manpower
53422,Insurance
53423,Water Supply
53424,Manpower
53425,Plant
53426,Electrical Works
53427,Parts
53428,Gypsum Works
53429,Gypsum Works
53430,Ironmongery
53431,Sundries
53432,Electrician 
53433,Swimming Pool 
53435,Concrete 
53436,Heaters
53437,Gypsum Works
53438,Gypsum Works
53439,Geotechnical Report
53440,MEP Material
53441,Electrician 
53442,Electrical
53443,Gypsum Works
53444,Electrician 
53445,Charge
53446,Electrician 
53447,Electrician 
53448,Electrician 
53449,Electrician 
53450,Office Consumables 
53451,Precast Concrete
53452,Sundries
53453,Tyres
53454,Geotechnical Report
53455,Pipes
53456,Sundries
53457,Site Consumables 
53458,Charge
53459,Electrical
53460,Charge
53461,Gypsum Works
53462,Formwork
53463,Electrician 
53464,Geotechnical Report
53466,Manpower
53467,Precast Concrete
53468,Electrical
53469,Miscellaneous
53470,LPG
53471,Refreshments
53472,Swimming Pool 
53473,Gypsum Works
53474,ELV 
53475,Office Expenses
53476,Ironmongery
53477,Gypsum Works
53478,Shuttering Carpentry
53479,Sundries
53480,Insurance
53481,Parts
53482,Geotechnical Report
53483,Sundries
53484,Electrical
53485,Gypsum Works
53486,Office Expenses
53487,Insurance
53488,Sundries
53489,Fire Fighting
53490,Office Expenses
53491,Office Expenses
53492,Legal Fees 
53493,Sundries
53494,Electrician 
53495,Vehicle & Equipment
53496,Charge
53497,Electrician 
53498,Miscellaneous
53499,Insurance
53500,Manpower
53501,Manpower
53502,Manpower
53503,Manpower
53504,Manpower
53505,Manpower
53506,Façade
53507,Softscape (Landscape)
53508,Gypsum Works
53509,Sundries
53510,Insurance
53511,Sundries
53512,Gypsum Works
53513,Miscellaneous
53514,Manpower
53515,Manpower
53516,Electrical
53517,Manpower
53518,Transformer
53519,Sundries
53520,Ironmongery
53521,Office Expenses
53522,Office Expenses
53523,Façade
53524,Sundries
53525,Refreshments
53526,Refreshments
53527,Unskilled Labour
53528,Manpower
53529,Office Consumables 
53530,Structural Works
53531,Fire Stoppage Work
53532,Unskilled Labour
53533,Manpower
53534,Structural Works
53535,Fees 
53536,Gypsum Works
53537,Manpower
53538,Sundries
53539,Cement 
53540,Fire Stoppage Work
53541,Reinforcement
53542,Office Consumables 
53543,Rebar
53544,Electrical
53545,Electrical
53546,Refreshments
53547,Electrical
53548,Precast Concrete
53549,Office Expenses
53550,Gypsum Works
53551,Office Consumables 
53552,Tyres
53553,Geotechnical Report
53554,Sundries
53555,Façade
53556,Tyres
53557,Façade
53558,Façade
53559,Refreshments
53560,Electrical
53561,Sundries
53562,PEB
53563,Transformer
53564,Electrician 
53565,Sundries
53566,Gypsum Works
53567,Manpower
53568,Immigration Fees
53569,Immigration Fees
53570,Precast Concrete
53571,Immigration Fees
53572,Electrical
53573,Electrical
53574,Electrical
53575,Draftsmen
53576,Draftsmen
53577,Draftsmen
53578,Electrical
53579,Electrical
53580,Sundries
53581,Draftsmen
53582,Draftsmen
53583,Draftsmen
53584,Draftsmen
53585,Refreshments
53586,Façade
53587,Refreshments
53588,Gypsum Works
53589,Refreshments
53590,Sundries
53591,Vehicle & Equipment
53592,Geotechnical Report
53593,Sundries
53594,Electrical
53595,Office Consumables 
53596,Geotechnical Report
53597,Electrician 
53598,Electrical
53599,Fees 
53600,MEP Material
53601,Manpower
53602,Gypsum Works
53603,Electrical
53604,Office Consumables 
53605,Manpower
53607,Manpower
53608,Gypsum Works
53609,Sundries
53610,Legal Fees 
53611,Office Consumables 
53612,Refreshments
53613,Cement 
53614,Electrician 
53615,Water Supply
53616,Gypsum Works
53617,Site Related Fees
53618,Immigration Fees
53619,Medical Fees 
53620,Tyres
53621,Immigration Fees
53622,Immigration Fees
53623,Site Related Fees
53624,Office Expenses
53625,Fees 
53626,Miscellaneous
53627,Electrical
53628,Electrical
53629,Ironmongery
53630,Refreshments
53631,Precast Concrete
53632,Gypsum Works
53633,Electrician 
53634,Electrical
53635,Façade
53636,Water Supply
53637,Sundries
53638,Electrical
53639,Formwork
53640,Tyres
53641,Gypsum Works
53642,Fees 
53643,Swimming Pool 
53644,Office Expenses
53645,Geotechnical Report
53646,Manholes/Gratings
53647,Sundries
53648,Tyres
53649,Precast Concrete
53650,Tyres
53651,Flooring
53652,Refreshments
53653,Tyres
53654,Gypsum Works
53655,Rebar
53656,Insurance
53657,Precast Concrete
53658,Tyres
53659,Office Consumables 
53660,Erection
53661,Erection
53663,Tyres
53664,Moziac
53665,Gypsum Works
53666,Office Consumables 
53667,Manholes/Gratings
53668,Electrician 
53669,Insurance
53670,Geotechnical Report
53671,Sundries
53672,Tyres
53673,Tyres
53674,Geotechnical Report
53675,Electrician 
53676,Tyres
53677,Tyres
53678,Office Consumables 
53679,Sundries
53680,Electrical
53682,Miscellaneous
53683,Legal Fees 
53684,Tyres
53685,Office Consumables 
53686,Electrical
53687,Softscape (Landscape)
53689,Sundries
53690,Electrical
53691,Office Consumables 
53692,Insurance
53693,Rebar
53694,Office Expenses
53695,Office Expenses
53696,Electrical
53697,Medical Fees 
53698,Office Consumables 
53699,Sundries
53700,Geotechnical Report
53701,Electrical
53702,Tyres
53703,Plant
53704,Water Supply
53705,Electrician 
53706,MEP Material
53707,Electrical
53708,Sundries
53709,Sundries
53710,Coring Works
53711,Sundries
53712,Transformer
53713,Gypsum Works
53714,Tyres
53715,Tyres
53716,Sundries
53717,Office Expenses
53718,Precast Concrete
53719,Water Supply
53720,Tyres
53721,Tyres
53722,Vehicle & Equipment
53723,Insurance
53724,Tyres
53725,Gypsum Works
53726,Insurance
53727,Electrician 
53728,Tyres
53729,Precast Concrete
53730,Tyres
53731,Sundries
53732,Tyres
53733,Dewatering
53734,Geotechnical Report
53735,Tyres
53736,Sundries
53737,Cables & Wires
53738,Tyres
53739,Sundries
53740,Sundries
53741,Site Consumables 
53742,Office Consumables 
53743,Sundries
53744,Electrician 
53746,HSE
53747,Insurance
53748,Tyres
53749,Vehicle & Equipment
53750,Cement 
53751,Electrician 
53752,Ironmongery
53753,Geotechnical Report
53754,Infrastructure 
53755,Electrical
53756,Infrastructure 
53757,Infrastructure 
53758,Gypsum Works
53759,Office Consumables 
53760,Precast Concrete
53761,
53762,Incentives
53763,MEP
53764,Manpower
53765,Manpower
53766,Manpower
53767,Manpower
53768,Manpower
53769,Manpower
53770,Manpower
53772,Manpower
53779,Sundries
53783,Gypsum Works
53784,Swimming Pool 
53785,Electrician 
53786,Electrician 
53787,Sundries
53788,Manpower
53789,Tyres
53790,Office Consumables 
53791,Insurance
53792,Electrical
53793,Office Consumables 
53794,Cables & Wires
53795,Kerbstone Work
53796,Sundries
53797,Sundries
53798,MEP Material
53799,Electrician 
53800,Electrical
53801,Manholes/Gratings
53802,Sundries
53803,Electrician 
53804,Manpower
53805,Miscellaneous
53806,Electrical
53807,Manpower
53809,Vehicle & Equipment
53810,Vehicle & Equipment
53811,Vehicle & Equipment
53812,Precast Concrete
53813,Manpower
53814,Pipes
53816,Fees 
53817,Tyres
53818,Geotechnical Report
53819,Geotechnical Report
53820,Manpower
53821,Refreshments
53822,Sundries
53824,Manholes/Gratings
53825,Sundries
53826,Sundries
53827,Office Consumables 
53828,Office Consumables 
53829,Electrical
53830,Fees 
53831,Electrical
53832,Electrician 
53833,Sundries
53834,Electrical
53835,Transformer
53836,Precast Concrete
53837,Precast Concrete
53838,Sundries
53839,Geotechnical Report
53840,Precast Concrete
53841,Refreshments
53842,Gypsum Works
53843,Sundries
53844,Precast Concrete
53845,PEB
53846,Office Consumables 
53847,MEP Material
53848,Gypsum 
53849,Electrician 
53850,Sundries
53851,Electrical
53852,MEP Material
53853,Office Consumables 
53854,Geotechnical Report
53855,Immigration Fees
53856,Administrative Fees 
53857,Other Expenses
53858,Other Expenses
53859,Gypsum Works
53860,Gypsum Works
53861,Sundries
53862,Tyres
53863,Electrical
53864,Gypsum Works
53865,Precast Concrete
53866,Formwork
53867,Geotechnical Report
53868,Ironmongery
53869,Gypsum Works
53870,Sundries
53871,Swimming Pool 
53872,Tyres
53873,Other Expenses
53874,Other Expenses
53875,Site Related Fees
53876,Other Expenses
53877,Site Related Fees
53878,Immigration Fees
53879,Refreshments
53880,Administrative Fees 
53881,Electrical
53882,Sundries
53883,Rebar
53884,Rebar
53885,Tyres
53886,Manpower
53887,Sundries
53888,Tyres
53889,Sundries
53890,Electrical
53891,Geotechnical Report
53892,Tyres
53893,Transformer
53894,Electrical
53895,Refreshments
53896,Gypsum Works
53897,Sundries
53898,Sundries
53899,Water Supply
53900,Manpower
53901,MEP Material
53902,Refreshments
53903,Electrical
53904,Sundries
53905,Sundries
53906,Incentives
53907,Elevator / Escalator / Conveyor Belt
53908,Tyres
53909,Refreshments
53910,Precast Concrete
53911,Electrical
53912,Material
53913,Sundries
53914,Medical Fees 
53915,Manpower
53916,Insurance
53917,Other Expenses
53918,Medical Fees 
53919,MEP Material
53921,Electrical
53922,Manpower
53923,Manpower
53924,Ironmongery
53925,Fees 
53926,Cement 
53927,Sundries
53928,Manpower
53929,Manpower
53930,Manpower
53931,Manpower
53932,Manpower
53933,Manpower
53934,Manpower
53935,Manpower
53936,Manpower
53938,Precast Concrete
53939,Tyres
53940,Office Consumables 
53941,Precast Concrete
53942,Tyres
53943,Parts
53944,Manpower
53945,Geotechnical Report
53946,Precast Concrete
53947,Manpower
53948,Swimming Pool 
53949,Fire Fighting Materials
53950,Insurance
53951,Office Consumables 
53952,Electrical
53953,Consumables
53954,Gypsum Works
53955,Consumables
53956,Consumables
53957,Consumables
53958,Consumables
53959,Consumables
53960,Consumables
53961,Consumables
53962,Consumables
53963,Consumables
53964,Parts
53965,Consumables
53966,Consumables
53967,Consumables
53968,Consumables
53969,Electrical
53970,Electrician 
53971,Electrician 
53972,Refreshments
53973,Immigration Fees
53974,Office Consumables 
53975,Electrical
53976,Office Consumables 
53978,Fees 
53979,Electrical
53980,Sundries
53981,Electrical
53982,Precast Concrete
53983,Geotechnical Report
53984,Gypsum Works
53985,Precast Concrete
53986,Electrical
53987,Electrical
53988,Office Consumables 
53989,Refreshments
53990,Refreshments
53991,Electrical
53992,Tyres
53993,Electrician 
53994,Sundries
53995,Precast Concrete
53996,Electrical
53997,Office Consumables 
53998,Office Consumables 
53999,Precast Concrete
54000,Ironmongery
54001,Erection
54002,Erection
54004,Material
54005,Tyres
54006,Fees 
54008,Material
54009,Tyres
54010,Geotechnical Report
54011,Sundries
54012,Office Consumables 
54013,Geotechnical Report
54014,Legal Fees 
54015,Electrical
54016,Pipes
54017,Gypsum Works
54018,Tyres
54019,Tyres
54020,Gypsum Works
54021,Electrical
54022,Electrical
54023,Gypsum Works
54024,Precast Concrete
54026,Tyres
54027,Tyres
54028,Metal Works
54029,Electrician 
54030,Drainage 
54031,Fire Fighting
54032,Ironmongery
54033,Gypsum Works
54034,Refreshments
54036,Fees 
54037,Geotechnical Report
54038,Sundries
54039,Electrician 
54040,Electrician 
54041,Shuttering Carpentry
54042,Geotechnical Report
54043,Office Consumables 
54044,Precast Concrete
54045,Concrete 
54046,Sundries
54047,Gypsum Works
54048,Material
54049,Office Consumables 
54050,Vehicle & Equipment
54051,Manpower
54052,Electrician 
54053,Sundries
54054,Plant
54055,Electrician 
54056,Blinds
54057,Sundries
54058,Sundries
54059,Manpower
54060,Manpower
54061,Electrician 
54062,Gypsum Works
54063,Coring Works
54064,Precast Concrete
54065,Electrical
54066,Sundries
54067,Sundries
54068,Office Consumables 
54069,Miscellaneous
54070,Sundries
54072,Manpower
54073,Office Expenses
54074,Electrical
54075,Office Expenses
54076,Refreshments
54077,Electrician 
54078,Tyres
54079,Metal Works
54080,Insurance
54081,Tyres
54082,Sundries
54083,Electrical
54084,Ironmongery
54085,Sundries
54086,Parts
54087,Parts
54089,Geotechnical Report
54090,Office Consumables 
54091,Sundries
54092,Electrical
54093,Refreshments
54094,PEB
54096,Electrician 
54097,Electrician 
54098,Electrical
54099,Electrical
54100,
54101,Precast Concrete
54102,Manpower
54103,Manpower
54104,Office Consumables 
54105,Gypsum Works
54106,MEP Material
54107,Gypsum Works
54108,Sundries
54109,Electrical
54110,Pipes
54111,Swimming Pool 
54112,Plant
54113,Geotechnical Report
54114,Gypsum Works
54115,Administrative Fees 
54116,Electrical
54117,Electrical
54118,Metal Works
54119,Immigration Fees
54120,Immigration Fees
54121,Immigration Fees
54122,Moziac
54123,Immigration Fees
54124,Medical Fees 
54125,Sundries
54126,Charge
54127,Office Expenses
54128,Office Consumables 
54129,Geotechnical Report
54130,Electrical
54131,Office Consumables 
54132,Manpower
54133,Manpower
54134,Formwork
54135,Incentives
54136,Office Expenses
54137,Water Supply
54138,Electrical
54139,Electrical
54140,Pipes
54141,Manpower
54142,Medical Fees 
54143,Manpower
54144,Miscellaneous
54145,Insurance
54146,Manpower
54147,Insurance
54148,Legal Fees 
54149,Insurance
54150,Erection
54151,Pipes
54152,Tyres
54153,Cables & Wires
54154,Tyres
54156,Tyres
54157,Epoxy
54158,Swimming Pool 
54159,Tyres
54160,Sundries
54161,Tyres
54162,Tyres
54163,Tyres
54164,Material
54165,Geotechnical Report
54166,Rebar
54167,Sundries
54168,Office Consumables 
54169,Electrician 
54170,Geotechnical Report
54171,Geotechnical Report
54172,Vehicle & Equipment
54173,Administrative Fees 
54174,Pipes
54177,Site Related Fees
54178,Electrical
54179,Gypsum Works
54180,Electrical
54181,Office Consumables 
54182,Vehicle & Equipment
54183,Tyres
54184,Refreshments
54185,Erection
54186,Electrical
54188,Tyres
54189,Insurance
54190,Parts
54191,Tyres
54192,Tyres
54193,Insurance
54194,Insurance
54195,Electrician 
54196,Miscellaneous
54197,Miscellaneous
54198,Vehicle & Equipment
54199,Gypsum Works
54200,Office Expenses
54201,Electrician 
54202,Sundries
54203,Plant
54204,Manpower
54205,Manpower
54206,Manpower
54207,Manpower
54208,Manpower
54209,Manpower
54210,Manpower
54211,Block
54212,Manpower
54213,Sundries
54214,Electrician 
54215,Site Related Fees
54216,Bank Charges
54217,Refreshments
54218,Tyres
54219,Tyres
54220,Tyres
54221,Tyres
54222,Legal Fees 
54223,Tyres
54224,Miscellaneous
54225,Charge
54226,Gypsum Works
54227,Electrician 
54228,Insurance
54229,Insurance
54230,Tyres
54231,Gypsum Works
54232,Sundries
54233,Sundries
54234,Office Expenses
54235,Swimming Pool 
54236,Gypsum Works
54237,Insurance
54238,Charge
54239,MEP Material
54240,Geotechnical Report
54241,Office Consumables 
54242,Swimming Pool 
54243,Gypsum Works
54244,Sundries
54245,Sundries
54246,Electrical
54247,Geotechnical Report
54248,Sundries
54249,Sundries
54250,Tyres
54251,Sundries
54252,Geotechnical Report
54253,Office Consumables 
54254,Electrical
54255,Façade
54256,Rebar
54257,Electrician 
54258,Electrical
54259,Legal Fees 
54260,Miscellaneous
54261,Insurance
54262,Gypsum Works
54263,Heaters
54264,Electrician 
54265,Office Consumables 
54266,Tyres
54267,Gypsum Works
54268,Charge
54269,Erection
54270,Parts
54271,Insurance
54272,Electrical
54273,Blinds
54274,Gypsum Works
54275,Transformer
54276,Cables & Wires
54277,Electrical
54278,Refreshments
54279,Fees 
54280,Gypsum Works
54281,Gypsum Work
54282,Gypsum Works
54283,Gypsum Work
54284,Pipes
54285,Precast Concrete
54286,Sundries
54287,Gypsum Works
54288,Insurance
54289,Bank Charges
54290,Refreshments
54291,Gypsum Works
54292,Sundries
54293,Vehicle & Equipment
54294,Electrical
54295,Electrical
54296,Electrician 
54297,Electrical
54298,Office Expenses
54299,Sundries
54300,Electrical
54301,Gypsum Works
54302,Cables & Wires
54303,Fire Fighting Materials
54304,Refreshments
54305,Electrician 
54306,Manpower
54307,Electrical
54308,Plant
54309,Legal Fees 
54310,Gypsum Works
54311,Blinds
54312,Manpower
54313,Manpower
54314,Tyres
54315,Office Consumables 
54316,Manpower
54317,Electrical
54318,Manpower
54319,Gypsum Works
54320,
54321,Office Consumables 
54322,Vehicle & Equipment
54323,Heaters
54324,Geotechnical Report
54325,Geotechnical Report
54326,Formwork
54327,Electrical
54336,Gypsum Works
54337,Gypsum Works
54338,MEP
54339,Tyres
54340,Block
54341,Tyres
54342,Pipes
54343,Tyres
54344,Office Expenses
54345,Geotechnical Report
54346,Geotechnical Report
54347,Gypsum Works
54348,Geotechnical Report
54349,Electrical
54350,Geotechnical Report
54351,Pipes
54352,Tyres
54353,Tyres
54354,Electrical
54355,Tyres
54356,Tyres
54357,Tyres
54358,Draftsmen
54359,Draftsmen
54360,Draftsmen
54361,Draftsmen
54362,Refreshments
54363,Drainage 
54365,Precast Concrete
54366,Draftsmen
54367,Draftsmen
54368,Draftsmen
54369,Draftsmen
54370,Draftsmen
54371,Tyres
54372,Electrical
54373,Office Consumables 
54374,Sundries
54376,Tyres
54377,Parts
54378,Insurance
54379,Office Consumables 
54380,Parts
54381,Block
54382,Unskilled Labour
54383,Structural Works
54384,Fire Stoppage Work
54385,Block Work
54386,Unskilled Labour
54387,Structural Works
54388,Fire Stoppage Work
54389,Reinforcement
54390,Block Work
54391,Structural Works
54392,Tyres
54393,
54394,Electrician 
54395,Erection
54396,Erection
54397,Electrician 
54398,Electrician 
54399,Infrastructure 
54400,MEP Material
54401,Electrician 
54402,Manpower
54403,Electrical
54404,Tyres
54405,Legal Fees 
54406,Refreshments
54407,Rebar
54408,Transformer
54409,Electrical
54410,Vehicle & Equipment
54411,Legal Fees 
54412,Geotechnical Report
54413,Office Consumables 
54414,Bank Charges
54415,MEP
54416,Geotechnical Report
54417,Tyres
54418,Erection
54419,Pipes
54420,Sundries
54421,Gypsum Works
54422,Ironmongery
54423,Office Expenses
54424,Refreshments
54425,Plant
54426,Insurance
54427,Electrical
54428,Electrical
54429,Refreshments
54430,Precast Concrete
54431,Gypsum Works
54432,Gypsum Works
54433,Gypsum Works
54434,Manpower
54435,Electrical
54436,Gypsum Works
54437,Flooring
54438,Sundries
54439,Precast Concrete
54440,Plant
54441,Epoxy
54442,Office Consumables 
54443,Electrical
54444,MEP Material
54445,Insurance
54446,Insurance
54447,Tyres
54448,Legal Fees 
54449,MEP
54450,Material
54451,Pipes
54452,Tyres
54453,Tyres
54454,Geotechnical Report
54455,Office Consumables 
54456,Tyres
54457,Immigration Fees
54458,Other Expenses
54459,Immigration Fees
54460,Immigration Fees
54461,Immigration Fees
54462,Immigration Fees
54463,Insurance
54464,Geotechnical Report
54466,Refreshments
54467,Water Supply
54468,Miscellaneous
54470,Gypsum Works
54471,Internal Work
54472,Electrical
54473,Electrician 
54474,Manholes/Gratings
54475,Manpower
54476,Manpower
54477,Insurance
54478,Insurance
54479,Insurance
54480,Immigration Fees
54481,Immigration Fees
54482,Immigration Fees
54483,Immigration Fees
54484,Immigration Fees
54485,Immigration Fees
54486,Immigration Fees
54487,Immigration Fees
54488,Immigration Fees
54489,Refreshments
54490,Insurance
54491,Tyres
54492,Gypsum Works
54493,Geotechnical Report
54494,Gypsum Works
54496,Tyres
54497,Electrical
54498,Electrical
54499,Gypsum Works
54500,Tyres
54501,Office Expenses
54502,Drainage 
54503,Manpower
54504,Manpower
54505,Material
54506,Office Consumables 
54507,Geotechnical Report
54508,Office Consumables 
54509,Appliances
54510,Sundries
54511,Insurance
54512,Site Related Fees
54513,Precast Concrete
54514,Rebar
54515,Geotechnical Report
54517,Tyres
54518,Tyres
54519,Tyres
54520,Electrical
54521,Block
54522,Sundries
54523,Geotechnical Report
54524,Tyres
54525,Insurance
54526,Geotechnical Report
54527,MEP Material
54528,Electrical
54529,Consulting Fees 
54530,Fire Alarm
54531,Insurance
54532,Fees 
54533,Electrician 
54534,Precast Concrete
54535,Manpower
54536,Precast Concrete
54537,Manpower
54538,Manholes/Gratings
54539,Electrical
54540,Manpower
54541,Electrical
54542,Gypsum Works
54543,Meters
54544,Electrical
54545,Electrical
54546,Sundries
54547,Gypsum Works
54548,Geotechnical Report
54549,Office Consumables 
54550,MEP Material
54551,Gypsum Works
54552,Formwork
54553,Electrician 
54554,Tyres
54555,Electrical
54556,Refreshments
54557,Geotechnical Report
54558,Office Consumables 
54559,Geotechnical Report
54560,MEP Material
54561,Tyres
54562,Electrical
54563,Electrical
54564,Electrical
54565,MEP Material
54566,Precast Concrete
54567,Precast Concrete
54568,Gypsum Works
54569,Electrical
54570,Sundries
54571,Tyres
54572,Gypsum Works
54573,Façade
54574,Tyres
54575,Electrical
54576,Office Consumables 
54577,Refreshments
54578,Cables & Wires
54579,Refreshments
54580,Site Related Fees
54581,Office Consumables 
54582,Other Expenses
54583,Sundries
54584,Electrical
54585,Office Consumables 
54586,Office Consumables 
54587,Electrical
54588,Gypsum Works
54589,Office Consumables 
54590,Sundries
54591,LPG
54592,Immigration Fees
54593,Immigration Fees
54594,Immigration Fees
54595,Immigration Fees
54596,Immigration Fees
54597,Immigration Fees
54598,Watchman
54599,Plant
54600,Electrical
54601,Gypsum Works
54602,Precast Concrete
54603,Precast Concrete
54604,MEP Material
54605,Gypsum Works
54606,Site Consumables 
54607,Heaters
54608,Office Consumables 
54609,Insurance
54610,Plant
54611,Insurance
54612,Geotechnical Report
54613,Refreshments
54614,Insurance
54615,Gypsum Works
54616,Electrical
54617,Manpower
54618,Office Consumables 
54619,Shuttering Carpentry
54620,Refreshments
54621,Sundries
54622,Tyres
54623,Office Consumables 
54624,Vehicle & Equipment
54625,Sundries
54626,Sundries
54627,Electrical
54628,Office Consumables 
54629,Manpower
54630,Cement 
54631,Infrastructure 
54632,Infrastructure 
54634,Gypsum Works
54635,Electrical
54636,Site Consumables 
54637,Other Expenses
54638,Other Expenses
54639,Other Expenses
54640,Sundries
54641,MEP Material
54642,Manholes/Gratings
54643,Infrastructure 
54644,Administrative Fees 
54645,Other Expenses
54646,Other Expenses
54647,Miscellaneous
54648,Other Expenses
54649,Other Expenses
54650,Other Expenses
54651,Other Expenses
54652,Other Expenses
54653,Site Related Fees
54654,Electrician 
54655,Other Expenses
54656,Other Expenses
54657,Administrative Fees 
54658,Manpower
54659,Other Expenses
54660,Electrical
54661,Legal Fees 
54662,Medical Fees 
54663,Geotechnical Report
54664,Gypsum Works
54665,Office Consumables 
54666,Office Consumables 
54667,Geotechnical Report
54668,Office Expenses
54669,Tyres
54670,Sundries
54671,Electrical
54672,Transformer
54673,Office Consumables 
54674,Tyres
54676,Office Expenses
54677,Geotechnical Report
54678,Geotechnical Report
54679,Gypsum Works
54680,Tyres
54681,Tyres
54682,Sundries
54683,Electrical
54684,Office Expenses
54685,Electrical
54686,Office Consumables 
54687,Fees 
54688,Sundries
54689,Precast Concrete
54690,Sundries
54691,Gypsum Works
54692,Precast
54694,Gypsum Work
54695,Insurance
54696,Tyres
54697,Vehicle & Equipment
54698,Tyres
54699,Tyres
54700,Tyres
54701,Tyres
54702,Tyres
54703,Cables & Wires
54704,Concrete 
54705,Pipes
54706,Electrical
54707,Geotechnical Report
54708,Office Consumables 
54709,Sundries
54710,Manpower
54711,Manpower
54712,Manpower
54713,Manpower
54714,Manpower
54715,Precast Concrete
54716,Tyres
54717,Gypsum Works
54718,Insurance
54719,Swimming Pool 
54720,Erection
54721,Electrical
54722,Precast Concrete
54723,Sundries
54724,Pipes
54726,Tyres
54727,Gypsum Works
54728,Fees 
54729,Office Expenses
54730,Tyres
54731,Refreshments
54732,Legal Fees 
54733,Refreshments
54735,Sundries
54736,Office Expenses
54737,Office Consumables 
54739,Precast Concrete
54740,Sundries
54741,Tyres
54742,Insurance Fees 
54743,Electrician 
54744,Meters
54745,Fees 
54746,Other Expenses
54748,Legal Fees 
54749,Geotechnical Report
54751,Tyres
54752,Office Consumables 
54753,Geotechnical Report
54754,Office Consumables 
54755,Geotechnical Report
54756,Gypsum Works
54757,Geotechnical Report
54758,Gypsum Works
54759,Geotechnical Report
54760,Gypsum Works
54761,Insurance
54762,Sundries
54763,Manpower
54764,Manpower
54765,Insurance
54766,Manpower
54767,Manpower
54768,Sundries
54769,Manpower
54770,Gypsum Works
54771,Gypsum Works
54772,Office Consumables 
54773,Insurance
54774,Bank Charges
54775,Office Expenses
54776,Electrical
54777,Gypsum Works
54778,Electrician 
54779,Manpower
54780,Insurance
54781,Consumables
54782,Consumables
54783,Insurance
54784,Electrical
54785,Charge
54786,Insurance
54787,Tyres
54788,Office Consumables 
54789,Insurance
54790,Tyres
54791,Office Expenses
54792,Office Consumables 
54793,Erection
54794,Tyres
54795,Tyres
54796,Other Expenses
54797,Rebar
54798,Sundries
54799,Sundries
54800,Formwork
54801,Gypsum Works
54802,Cement 
54803,Pipes
54804,MEP Material
54805,Sundries
54806,Tanks
54807,Office Expenses
54808,Gypsum Works
54809,Transformer
54810,Façade
54811,Fees 
54812,Rebar
54813,Geotechnical Report
54814,Precast Concrete
54815,Vehicle & Equipment
54816,Geotechnical Report
54817,Office Consumables 
54818,Office Consumables 
54819,Parts
54820,Refreshments
54821,Fire Fighting
54822,Geotechnical Report
54823,Refreshments
54824,Water Supply
54825,Manpower
54826,Office Consumables 
54827,Electrical
54828,Electrical
54829,MEP
54830,Insurance
54831,Sundries
54832,Electrical
54833,Incentives
54834,Office Expenses
54835,Sundries
54836,Refreshments
54837,Refreshments
54838,Tanks
54839,Refreshments
54840,Refreshments
54841,Blinds
54842,Tanks
54843,Sundries
54844,Block
54845,Office Consumables 
54846,Electrical
54847,Electrical
54848,Tyres
54849,Tyres
54850,Insurance
54851,Electrician 
54852,Insurance
54853,Parts
54854,Gypsum Works
54855,Gypsum Works
54856,Tyres
54857,Rebar
54858,Electrical
54859,Medical Fees 
54860,Tyres
54861,Medical Fees 
54862,Electrical
54863,Electrical
54864,Pipes
54865,Fees 
54866,Sundries
54867,Sundries
54868,Office Consumables 
54869,Cladding Work 
54870,Manpower
54871,Electrical
54872,Pipes
54873,Sundries
54874,Manpower
54875,Epoxy
54876,Consumables
54877,Blinds
54878,Consumables
54879,Gypsum 
54880,Consumables
54881,Consumables
54882,Consumables
54883,Consumables
54884,Consumables
54885,Consumables
54886,Consumables
54887,Consumables
54888,Consumables
54889,Consumables
54890,Consumables
54891,Consumables
54892,Precast Concrete
54893,Gypsum Works
54894,Geotechnical Report
54895,Geotechnical Report
54896,Electrical
54897,Sundries
54898,Gypsum Works
54899,Fire Alarm
54900,Material
54901,Geotechnical Report
54902,Flooring
54903,Gypsum Works
54904,Office Consumables 
54905,Tyres
54906,Geotechnical Report
54907,Tyres
54908,Gypsum Works
54909,Sundries
54910,Electrical
54911,Electrical
54912,Tyres
54913,Refreshments
54914,Gypsum Works
54915,Tyres
54916,Electrical
54917,Vehicle & Equipment
54918,Geotechnical Report
54919,Geotechnical Report
54920,Electrician 
54921,Electrician 
54922,Electrician 
54923,Electrician 
54924,Electrician 
54925,Electrician 
54926,Electrician 
54927,Electrician 
54928,Electrician 
54929,Electrician 
54930,Tyres
54931,Electrician 
54932,Electrical
54933,Office Expenses
54934,Electrical
54935,Sundries
54936,Precast Concrete
54937,Electrical
54938,Office Expenses
54939,Ironmongery
54940,LPG
54941,MEP Material
54942,Ironmongery
54943,Precast Concrete
54944,Insurance
54945,Gypsum Works
54946,Electrical
54947,Electrical
54948,Office Expenses
54949,Electrical
54950,Sundries
54951,Office Expenses
54952,Electrician 
54953,Plant
54954,Gypsum Works
54955,MEP
54956,Bank Charges
54957,Gypsum Works
54958,Manpower
54959,Sundries
54960,Rebar
54961,Geotechnical Report
54962,Gypsum Works
54963,Insurance
54964,Gypsum Works
54965,Pipes
54966,Pipes
54967,Sundries
54968,Tyres
54969,Vehicle & Equipment
54970,Insurance
54971,Insurance
54972,Office Consumables 
54973,Office Consumables 
54974,Office Consumables 
54975,Office Consumables 
54976,Sundries
54977,Office Expenses
54978,Gypsum Works
54979,Electrician 
54980,Electrical
54981,Roadworks
54982,Gypsum Works
54983,Manpower
54984,Manpower
54986,Precast Concrete
54987,Tyres
54988,Manpower
54989,Office Consumables 
54990,Office Consumables 
54991,Sundries
54992,Geotechnical Report
54993,Electrical
54994,Gypsum Works
54995,Gypsum Works
54996,Rebar
54997,Parts
54998,Transformer
54999,Tyres
55000,Sundries
55001,Gypsum Works
55002,Erection
55003,Cables & Wires
55004,Swimming Pool 
55005,Swimming Pool 
55006,Blinds
55007,Insurance
55008,Insurance
55009,Sundries
55010,Gypsum Works
55011,Office Expenses
55012,Fees 
55013,Office Consumables 
55014,Block
55015,Site Consumables 
55016,Pipes
55017,Precast Concrete
55018,Electrical
55019,Formwork
55020,Office Expenses
55021,MEP Material
55022,Tyres
55023,Manpower
55024,Vehicle & Equipment
55025,Geotechnical Report
55026,Office Consumables 
55027,Precast Concrete
55028,Tyres
55029,Pipes
55030,Tyres
55031,Electrical
55033,Insurance
55034,Sundries
55035,MEP Material
55036,Office Expenses
55037,Electrical
55038,Insurance
55039,Electrical
55040,Electrical
55041,Block
55042,MEP Material
55043,Cement 
55044,Precast Concrete
55045,Pipes
55046,Tanks
55047,Sundries
55048,Geotechnical Report
55049,Insurance
55050,Plant
55051,Insurance
55052,Manpower
55053,Shuttering Carpentry
55054,Tyres
55055,Tyres
55056,Pipes
55057,Drainage 
55058,Refreshments
55059,Gypsum Works
55060,Sundries
55061,Office Consumables 
55062,Electrician 
55063,Geotechnical Report
55064,Tyres
55065,Shuttering Carpentry
55066,Tyres
55067,Refreshments
55068,Geotechnical Report
55069,Insurance
55070,Erection
55071,Tyres
55072,Tyres
55073,Manpower
55075,Block
55076,Insurance
55077,Sundries
55078,Refreshments
55079,Gypsum Works
55080,Miscellaneous
55081,Office Consumables 
55082,External Manpower
55083,Electrical
55084,Consumables
55085,Formwork
55086,Electrical
55087,Insurance
55088,Office Consumables 
55089,Cables & Wires
55090,Precast Concrete
55091,Office Expenses
55092,Vehicle & Equipment
55093,Miscellaneous
55094,Insurance
55095,Insurance
55096,Legal Fees 
55097,Sundries
55098,Swimming Pool 
55099,Insurance
55100,Geotechnical Report
55101,Vehicle & Equipment
55102,Office Consumables 
55103,Refreshments
55104,Tyres
55105,Electrical
55106,Transformer
55107,LPG
55108,Refreshments
55109,Tyres
55110,Refreshments
55111,Refreshments
55112,Pipes
55113,Pipes
55114,Tyres
55115,Sundries
55116,Tyres
55117,Internal Work
55118,Erection
55119,Rebar
55120,Plant
55121,Heaters
55122,Plant
55123,Refreshments
55124,Gypsum Works
55125,Consumables
55126,Vehicle & Equipment
55127,Material
55128,Miscellaneous
55129,Electrician 
55130,Consumables
55131,Gypsum Works
55132,Electrical
55133,Vehicle Related Fees
55134,Tyres
55135,
55136,Gypsum Works
55137,Gypsum Works
55138,Electrical
55139,Electrical
55140,Manpower
55141,Manpower
55142,Manpower
55143,MEP Material
55144,Geotechnical Report
55145,Insurance
55146,Vehicle & Equipment
55147,Office Consumables 
55148,Office Consumables 
55149,Geotechnical Report
55150,Tyres
55151,Tyres
55152,Tyres
55153,Electrician 
55154,Electrician 
55155,Electrician 
55157,Electrician 
55158,Electrician 
55159,Tyres
55160,Tyres
55161,Tyres
55163,Tyres
55164,Tyres
55165,Tyres
55166,Manpower
55167,Manpower
55168,Manpower
55169,Manpower
55170,Manpower
55171,Manpower
55172,Manpower
55173,Manpower
55174,MEP Material
55175,Electrical
55176,Precast Concrete
55177,Blinds
55178,Gypsum Works
55179,Insurance
55180,Material
55181,Electrical
55182,Office Expenses
55183,Gypsum Works
55184,Sundries
55185,Electrical
55186,Precast Concrete
55187,Office Expenses
55188,Erection
55189,Concrete 
55190,Softscape (Landscape)
55191,Fees 
55192,Insurance
55193,Insurance
55194,Sundries
55195,Swimming Pool 
55196,Manpower
55197,Vehicle & Equipment
55198,Geotechnical Report
55199,Tyres
55200,Erection
55201,Miscellaneous
55202,Sundries
55203,Sundries
55204,Electrical
55205,Cables & Wires
55206,Gypsum Works
55207,Precast Concrete
55208,MEP
55209,Rebar
55210,Gypsum Works
55211,Plant
55212,Manpower
55213,Gypsum Works
55214,Gypsum Works
55215,Tyres
55216,Consumables
55217,Blinds
55218,Fire Stoppage Work
55219,Block Work
55220,Sundries
55221,Unskilled Labour
55222,Gypsum Works
55223,Structural Works
55224,Office Consumables 
55225,Fire Stoppage Work
55226,Reinforcement
55227,Block Work
55228,Plaster Work
55229,Structural Works
55230,Medical Fees 
55231,
55232,Heaters
55233,Structural Works
55234,Unskilled Labour
55235,Unskilled Labour
55236,Geotechnical Report
55237,Office Consumables 
55238,Precast Concrete
55239,Geotechnical Report
55240,Miscellaneous
55241,Erection
55242,Erection
55243,Tyres
55244,Tyres
55245,Tyres
55246,Fire Alarm
55247,Tyres
55248,Moziac
55249,Office Consumables 
55250,Office Expenses
55251,Office Consumables 
55252,Vehicle & Equipment
55253,Gypsum Works
55254,Insurance
55255,Office Consumables 
55256,Vehicle & Equipment
55257,Office Consumables 
55258,Electrician 
55259,Draftsmen
55260,Draftsmen
55261,Draftsmen
55262,Draftsmen
55263,Draftsmen
55264,Draftsmen
55265,Draftsmen
55266,Draftsmen
55267,Electrical Works
55268,Refreshments
55269,LPG
55270,Tyres
55271,Tyres
55272,Insurance
55273,Consulting Fees 
55274,Gypsum Works
55275,Tyres
55276,Office Consumables 
55277,Shuttering Carpentry
55278,Fire Fighting Materials
55279,Electrical
55280,Pipes
55281,Gypsum Works
55282,Office Consumables 
55283,Office Consumables 
55284,Tyres
55285,Electrical
55286,Sundries
55287,Sundries
55288,Office Expenses
55289,Tyres
55290,Tyres
55291,Refreshments
55292,Cement 
55293,Refreshments
55294,Fees 
55295,Manpower
55296,Swimming Pool 
55297,Infrastructure 
55299,Infrastructure 
55300,Tyres
55301,Cables & Wires
55302,Electrical
55303,Fire Alarm
55304,Fire Alarm
55305,Fire Alarm
55306,Insurance
55307,Electrician 
55308,Electrician 
55309,Geotechnical Report
55310,Tyres
55311,MEP Material
55312,Façade
55314,Water Supply
55315,Electrician 
55316,Insurance
55317,Tyres
55318,Façade
55319,Fire Alarm
55320,Electrical Works
55321,Tyres
55322,Electrician 
55323,Electrician 
55324,Office Expenses
55325,Electrician 
55326,Refreshments
55327,Infrastructure 
55328,Electrical
55329,Office Consumables 
55330,Electrical
55331,Tyres
55332,Cables & Wires
55333,Vehicle & Equipment
55334,Pipes
55335,Manpower
55336,Electrical
55337,Electrical
55338,Parts
55339,Electrician 
55340,Office Expenses
55342,Electrical
55343,Electrical
55344,Precast Concrete
55345,Rebar
55346,Precast Concrete
55347,Fees 
55348,Precast Concrete
55349,Sundries
55351,Office Consumables 
55352,Office Consumables 
55353,Office Consumables 
55354,Vehicle & Equipment
55355,Medical Fees 
55356,Immigration Fees
55357,Immigration Fees
55358,Immigration Fees
55359,Immigration Fees
55360,Immigration Fees
55361,Immigration Fees
55362,Tyres
55363,Tyres
55364,Manpower
55365,Tyres
55366,Tyres
55367,Insurance
55368,Charge
55369,Tyres
55370,Fees 
55371,Electrical
55372,Manpower
55373,Electrical
55374,Bank Charges
55375,Office Expenses
55376,Electrical
55377,Office Expenses
55378,Sundries
55379,Insurance
55380,Insurance
55381,Gypsum Works
55382,Other Expenses
55383,Other Expenses
55384,Other Expenses
55385,Other Expenses
55386,Immigration Fees
55387,Site Related Fees
55388,Other Expenses
55389,Other Expenses
55390,Immigration Fees
55391,Insurance
55392,Sundries
55393,Legal Fees 
55394,Façade
55395,Refreshments
55396,PEB
55397,Formwork
55398,Refreshments
55399,Office Expenses
55400,Furniture
55401,Manpower
55402,Immigration Fees
55403,Immigration Fees
55404,Immigration Fees
55405,Sundries
55406,Sundries
55407,Manpower
55408,Office Expenses
55409,Sundries
55410,Electrical
55411,Consumables
55412,Geotechnical Report
55413,Tyres
55415,Appliances
55416,Plant
55417,Sundries
55418,Erection
55420,Tyres
55421,Tyres
55422,Tyres
55423,Façade
55424,Office Consumables 
55425,Vehicle & Equipment
55426,Gypsum Works
55427,Manholes/Gratings
55428,Tyres
55429,Geotechnical Report
55430,Insurance
55431,Electrical
55432,Sundries
55433,MEP Material
55434,Tyres
55435,Precast Concrete
55436,Ironmongery
55437,Sundries
55438,Tyres
55439,Vehicle & Equipment
55440,Geotechnical Report
55441,Internal Work
55442,Vehicle & Equipment
55443,Geotechnical Report
55444,Vehicle & Equipment
55445,Tyres
55446,Sundries
55447,Façade
55448,Office Consumables 
55449,Gypsum Works
55450,Office Consumables 
55451,Office Consumables 
55452,Office Consumables 
55453,Plant
55454,Site Consumables 
55455,Gypsum Works
55456,Sundries
55457,Immigration Fees
55458,Incentives
55459,Refreshments
55460,Administrative Fees 
55461,Site Related Fees
55462,MEP Material
55463,Sundries
55464,Sundries
55465,Excavation
55466,Sundries
55467,Electrical
55468,Parts
55469,Rebar
55470,Electrical
55471,Formwork
55472,Sundries
55473,Geotechnical Report
55474,Geotechnical Report
55475,Manpower
55476,Geotechnical Report
55478,Cables & Wires
55479,Precast Concrete
55480,Sundries
55481,Electrical
55482,Fees 
55483,Erection
55484,Charge
55485,Miscellaneous
55486,Parts
55487,Insurance
55488,Insurance
55489,Parts
55490,Parts
55491,Cement 
55492,Tyres
55493,Blinds
55494,Tyres
55495,Tyres
55496,Electrician 
55497,Office Consumables 
55498,Office Consumables 
55499,Office Consumables 
55500,
55501,Consumables
55502,Sundries
55503,Gypsum Works
55504,Pipes
55505,Rebar
55506,Insurance
55507,External Manpower
55508,Office Consumables 
55509,Electrical
55510,Electrical
55511,Office Expenses
55512,Tyres
55513,Electrical
55514,Precast Concrete
55515,Office Consumables 
55516,Electrical
55517,Cables & Wires
55518,Electrician 
55519,Electrical
55520,Gypsum Works
55521,Tyres
55522,Electrical
55523,MEP Material
55524,Elevator / Escalator / Conveyor Belt
55525,Tyres
55526,Plant
55527,Fees 
55528,Geotechnical Report
55529,Tyres
55530,Miscellaneous
55531,Miscellaneous
55532,Site Consumables 
55533,Office Expenses
55535,Electrician 
55536,Manpower
55537,MEP
55539,Miscellaneous
55540,Erection
55541,Erection
55542,Erection
55543,Electrical
55544,Fire Fighting
55545,Gypsum Works
55546,Sundries
55547,Pipes
55549,Reinforcement
55550,Sundries
55551,Ironmongery
55552,Office Expenses
55553,Fees 
55554,Plant
55555,Tyres
55556,Tyres
55557,Rebar
55558,Vehicle & Equipment
55559,Office Consumables 
55560,Gypsum Works
55561,Sundries
55562,Sundries
55563,PEB
55564,PEB
55565,PEB
55566,PEB
55567,Electrical
55568,Electrical
55569,Electrical
55570,Cables & Wires
55571,Incentives
55572,Electrical
55573,Insurance
55574,Office Consumables 
55575,Electrician 
55576,Sundries
55577,Office Consumables 
55578,Electrician 
55579,Office Expenses
55580,Insurance
55581,MEP Material
55582,Tyres
55583,Tyres
55584,Sundries
55585,Sundries
55586,Precast Concrete
55588,Heaters
55589,Heaters
55590,Sundries
55591,MEP Material
55592,Refreshments
55593,Tyres
55594,Gypsum Works
55595,Sundries
55596,Manpower
55597,Manpower
55598,Electrician 
55599,Charge
55600,Miscellaneous
55601,Manpower
55602,Consumables
55603,Consumables
55604,Consumables
55605,Consumables
55606,Consumables
55607,Consumables
55608,Consumables
55609,Consumables
55610,Consumables
55611,Consumables
55612,Consumables
55613,Consumables
55614,Sundries
55615,Electrical
55616,Insurance
55617,MEP Material
55618,Refreshments
55619,Electrical
55620,Sundries
55621,Sundries
55622,Office Consumables 
55623,Electrical
55624,Refreshments
55625,Pipes
55626,Tyres
55627,Electrical
55628,Gypsum Works
55629,Material
55630,Manpower
55631,Manpower
55632,Office Expenses
55633,Tyres
55634,Gypsum Works
55635,Tyres
55636,MEP Material
55637,Tyres
55638,Tyres
55639,Sundries
55640,Gypsum Works
55641,MEP Material
55642,Tyres
55643,Manpower
55644,Manpower
55645,Manpower
55646,Manpower
55647,Insurance
55648,Manpower
55649,Manpower
55650,Sundries
55651,Tyres
55652,Precast Concrete
55653,Cables & Wires
55654,Geotechnical Report
55655,Gypsum Works
55656,Miscellaneous
55657,Office Consumables 
55658,Office Consumables 
55659,Tyres
55660,Softscape (Landscape)
55661,Office Expenses
55662,Sundries
55663,Electrical Works
55664,Electrical Works
55665,Electrical Works
55666,Electrical Works
55667,Electrical Works
55668,Electrical Works
55669,Electrical Works
55670,Tyres
55671,Façade
55672,Electrician 
55673,Meters
55674,Gypsum Works
55675,Meters
55676,Geotechnical Report
55677,Gypsum Works
55678,Ironmongery
55679,Swimming Pool 
55680,Office Consumables 
55681,Sundries
55682,Electrical
55683,Swimming Pool 
55684,Office Consumables 
55685,Tyres
55686,Office Consumables 
55687,Office Consumables 
55688,Office Consumables 
55689,Office Consumables 
55690,Office Consumables 
55691,Sundries
55692,Swimming Pool 
55693,Office Expenses
55694,Sundries
55695,Electrician 
55696,Formwork
55697,Tyres
55698,Legal Fees 
55699,Manholes/Gratings
55700,Tyres
55701,Sundries
55702,Tyres
55703,Gypsum 
55704,Manpower
55705,Plant
55706,Swimming Pool 
55707,Tyres
55708,Rebar
55709,MEP
55710,MEP Material
55711,Manpower
55712,Electrical
55713,Geotechnical Report
55714,Concrete 
55715,Manpower
55716,Office Consumables 
55717,Office Consumables 
55718,Refreshments
55719,Refreshments
55720,Sundries
55721,Office Expenses
55722,Furniture
55723,Refreshments
55724,Sundries
55725,Electrical
55726,Manpower
55727,Gypsum Works
55728,Gypsum Works
55729,Electrical
55730,Sundries
55731,Tyres
55732,Façade
55733,Erection
55734,Tyres
55735,Plant
55736,Electrical
55737,Precast Concrete
55738,Office Expenses
55739,Office Consumables 
55740,Manpower
55741,Softscape (Landscape)
55742,Gypsum Works
55743,Site Consumables 
55744,Sundries
55745,Incentives
55746,Tyres
55747,Plumbing
55748,Miscellaneous
55749,Sundries
55750,Electrical
55751,Gypsum Works
55752,Sundries
55753,Manpower
55754,Gypsum Works
55755,Charge
55756,Gypsum Works
55757,Tyres
55758,Pipes
55759,Tyres
55760,Precast Concrete
55761,Office Expenses
55762,Gypsum Works
55763,Gypsum Works
55764,Swimming Pool 
55765,Electrical
55766,Refreshments
55768,Blinds
55769,Legal Fees 
55770,Miscellaneous
55771,Office Consumables 
55772,Office Consumables 
55773,Miscellaneous
55774,Gypsum Works
55775,Charge
55776,Internal Work
55777,Miscellaneous
55778,Pipes
55779,Refreshments
55780,Tyres
55781,Geotechnical Report
55782,MEP Material
55783,Formwork
55784,Gypsum Works
55785,Electrical
55786,Precast Concrete
55787,Manpower
55788,Miscellaneous
55790,Insurance
55792,Sundries
55793,Transformer
55795,Manpower
55796,Electrical
55797,Electrician 
55798,Sundries
55800,Manpower
55801,Pipes
55802,Geotechnical Report
55803,Tyres
55804,Gypsum Works
55805,Office Consumables 
55806,Site Consumables 
55807,Office Consumables 
55808,Office Consumables 
55809,Office Consumables 
55810,Rebar
55811,Office Consumables 
55812,Tyres
55813,Office Consumables 
55814,Office Consumables 
55815,Office Consumables 
55816,Rebar
55817,Tyres
55818,Miscellaneous
55819,Geotechnical Report
55820,Insurance
55821,Tyres
55822,Electrician 
55823,Gypsum Works
55824,Bank Charges
55825,MEP
55826,Insurance
55827,Insurance
55828,Electrician 
55829,Insurance
55830,Insurance
55831,Electrician 
55832,Insurance
55833,Moziac
55834,Office Consumables 
55835,Gypsum Works
55836,Pipes
55837,Electrical
55838,Vehicle & Equipment
55839,Consulting Fees 
55840,Sundries
55841,Sundries
55842,Cables & Wires
55843,Electrician 
55844,Precast Concrete
55845,Manpower
55846,Manpower
55847,Electrician 
55848,Tyres
55849,Water Supply
55850,Precast Concrete
55851,Pipes
55852,Precast Concrete
55853,LPG
55854,External Manpower
55855,Swimming Pool 
55856,Electrical
55857,Electrical
55858,Erection
55859,Sundries
55860,Tyres
55861,Swimming Pool 
55862,Tyres
55863,Tyres
55864,Insurance
55865,Office Expenses
55866,Miscellaneous
55867,Sundries
55868,Precast Concrete
55869,Miscellaneous
55870,Insurance
55871,Bank Charges
55872,Sundries
55873,Electrical
55874,Sundries
55875,Electrical
55876,MEP Material
55877,Swimming Pool 
55878,Electrical
55879,Electrician 
55880,Electrician 
55881,Manpower
55882,Electrical
55883,Office Consumables 
55884,Office Consumables 
55885,Office Consumables 
55886,Office Consumables 
55887,Office Consumables 
55888,Gypsum Works
55889,Parts
55890,Refreshments
55891,Manpower
55892,Parts
55893,Parts
55894,Epoxy
55895,Tyres
55896,Gypsum Works
55897,Electrician 
55898,Block Work
55899,Charge
55900,Precast Concrete
55901,Joinery
55902,Unskilled Labour
55903,Structural Works
55904,Electrical
55905,Swimming Pool 
55906,Fire Stoppage Work
55907,Reinforcement
55908,Block Work
55909,Block Work
55910,Block Work
55911,Plaster Work
55912,Charge
55913,Structural Works
55914,Unskilled Labour
55915,Unskilled Labour
55916,Unskilled Labour
55917,Structural Works
55918,Unskilled Labour
55919,Unskilled Labour
55920,Unskilled Labour
55921,Charge
55922,Refreshments
55923,Refreshments
55924,Charge
55925,External Manpower
55926,Kerbstone Work
55927,Charge
55928,Erection
55929,Erection
55930,Office Expenses
55931,Gypsum Works
55932,MEP Material
55933,Refreshments
55934,Softscape (Landscape)
55935,Electrical
55936,Draftsmen
55937,Draftsmen
55938,Draftsmen
55939,Draftsmen
55940,Draftsmen
55941,Draftsmen
55942,Draftsmen
55943,Draftsmen
55944,Tyres
55945,Charge
55946,Gypsum Works
55947,Charge
55948,Pipes
55949,Legal Fees 
55950,Geotechnical Report
55951,Tyres
55952,Pipes
55953,Pipes
55954,Gypsum Works
55955,Gypsum Works
55956,Electrical
55957,Office Consumables 
55958,Electrical
55959,Sundries
55960,Tyres
55961,Sundries
55962,Ironmongery
55963,Ironmongery
55964,Gypsum Works
55965,Precast Concrete
55966,Sundries
55967,Rebar
55968,Sundries
55969,Manpower
55970,Tyres
55971,Geotechnical Report
55972,Parts
55973,Geotechnical Report
55974,Sundries
55975,Sundries
55976,Office Consumables 
55977,Tyres
55978,Refreshments
55979,Manpower
55980,Transformer
55981,Office Expenses
55982,Refreshments
55983,Electrical
55984,Miscellaneous
55985,Ironmongery
55986,Geotechnical Report
55987,MEP Material
55988,Precast Concrete
55989,Gypsum Works
55990,Gypsum Works
55991,Blinds
55992,Office Expenses
55993,Swimming Pool 
55994,Pipes
55995,Gypsum Work
55996,Sundries
55997,Electrician 
55998,Plant
55999,Electrical
56000,Pipes
56001,Electrician 
56003,Tyres
56004,Refreshments
56005,Infrastructure 
56006,Gypsum 
56007,Refreshments
56008,Electrical
56009,Geotechnical Report
56010,Office Consumables 
56011,Insurance
56012,Geotechnical Report
56013,Cement 
56014,Refreshments
56015,Geotechnical Report
56016,Pipes
56017,Formwork
56018,Precast Concrete
56019,Gypsum Works
56020,Cables & Wires
56021,LPG
56022,Fire Fighting
56023,Electrical
56025,Manholes/Gratings
56026,Gypsum Works
56027,Refreshments
56028,Infrastructure 
56029,Office Expenses
56031,Parts
56032,Vehicle & Equipment
56033,Insurance
56034,Dewatering
56035,Legal Fees 
56036,Legal Fees 
56037,Fees 
56038,Swimming Pool 
56039,Electrician 
56040,Office Consumables 
56041,Gypsum 
56042,Insurance
56043,Pipes
56044,Gypsum Works
56045,Geotechnical Report
56046,Office Consumables 
56047,Office Consumables 
56048,Vehicle & Equipment
56049,Office Consumables 
56050,Rebar
56051,Sundries
56052,Gypsum Works
56053,Electrical
56054,Sundries
56055,MEP
56056,Geotechnical Report
56057,Manpower
56058,Office Expenses
56059,Electrical
56060,Office Expenses
56061,Insurance
56062,Charge
56064,Insurance
56065,Tyres
56066,Insurance
56067,Plant
56068,Refreshments
56069,Refreshments
56070,Refreshments
56071,Refreshments
56072,Refreshments
56073,Refreshments
56074,Insurance
56075,Electrician 
56076,Plant
56077,Electrical
56078,Sundries
56079,Electrical
56080,MEP Material
56081,Tyres
56082,Office Consumables 
56083,Sundries
56084,
56085,Manpower
56086,Electrician 
56087,Electrician 
56088,Meters
56089,Refreshments
56090,Manpower
56091,Sundries
56092,Coring Works
56093,Erection
56094,Cables & Wires
56095,Charge
56096,Office Consumables 
56097,Tyres
56098,Insurance
56099,Insurance
56101,Geotechnical Report
56102,Insurance
56103,Miscellaneous
56104,Sundries
56105,Office Expenses
56106,Sundries
56107,Sundries
56108,Sundries
56109,Bank Charges
56110,Pipes
56111,Fees 
56112,MEP
56113,Manpower
56114,Blinds
56115,Office Consumables 
56116,Office Consumables 
56117,Gypsum Works
56118,Office Consumables 
56119,Painting Works
56120,Cables & Wires
56121,Insurance
56122,Office Expenses
56123,Gypsum Works
56124,Ironmongery
56125,Manpower
56126,Gypsum Works
56127,Manpower
56128,Gypsum Works
56129,Rebar
56130,Electrical
56131,Gypsum Work
56132,Sundries
56133,Ironmongery
56134,Ironmongery
56135,Backfilling
56136,Electrical
56137,Refreshments
56138,Medical Fees 
56139,Medical Fees 
56140,Electrical
56141,Electrical
56142,Precast Concrete
56143,Insurance
56144,Electrical
56145,Cables & Wires
56146,Geotechnical Report
56147,Pipes
56148,Sundries
56149,Sundries
56150,Electrician 
56151,MEP Material
56152,Miscellaneous
56153,Manpower
56154,Insurance
56155,Insurance
56156,Immigration Fees
56157,Medical Fees 
56158,Administrative Fees 
56159,Geotechnical Report
56160,Sundries
56161,Electrical Works
56162,Precast Concrete
56163,Sundries
56164,Façade
56165,Refreshments
56166,Façade
56167,Furniture
56168,Refreshments
56169,Electrician 
56170,Pipes
56171,Geotechnical Report
56172,Sundries
56173,Office Expenses
56174,Vehicle & Equipment
56175,Office Consumables 
56176,Office Consumables 
56177,Erection
56178,Other Expenses
56179,Other Expenses
56180,Office Expenses
56181,Other Expenses
56182,Other Expenses
56183,Other Expenses
56184,Other Expenses
56185,Immigration Fees
56186,Immigration Fees
56187,Other Expenses
56188,Site Related Fees
56189,Manpower
56190,Immigration Fees
56191,Administrative Fees 
56192,MEP
56193,Office Expenses
56195,Sundries
56196,Gypsum Works
56197,Rebar
56198,Insurance
56199,Gypsum Works
56200,Gypsum Works
56201,Office Consumables 
56202,Other Expenses
56203,Insurance
56204,Sundries
56206,Miscellaneous
56207,Insurance
56208,Ironmongery
56209,Gypsum 
56210,Transformer
56211,Insurance
56212,MEP
56213,Cables & Wires
56214,Tyres
56215,Electrician 
56216,Shuttering Carpentry
56218,Vehicle & Equipment
56219,Cables & Wires
56220,Precast Concrete
56221,Electrical
56222,Office Expenses
56223,Manpower
56224,Precast Concrete
56225,Office Expenses
56226,Softscape (Landscape)
56227,Miscellaneous
56228,Electrical
56229,Refreshments
56230,Pipes
56231,Office Consumables 
56232,Geotechnical Report
56233,Vehicle & Equipment
56234,Transformer
56235,Electrical
56236,Office Consumables 
56237,Office Consumables 
56238,Electrical
56239,Manpower
56240,MEP Material
56241,Office Consumables 
56242,Office Consumables 
56243,Electrical
56244,Gypsum Works
56247,Immigration Fees
56248,Furniture
56249,Precast Concrete
56250,Insurance
56251,Office Expenses
56252,Refreshments
56253,Refreshments
56254,Refreshments
56255,Refreshments
56256,Refreshments
56257,Refreshments
56258,Refreshments
56259,Refreshments
56260,Refreshments
56261,Refreshments
56262,Refreshments
56263,Refreshments
56264,Refreshments
56265,Refreshments
56266,Refreshments
56267,Refreshments
56268,Refreshments
56269,Refreshments
56270,Cables & Wires
56271,Ironmongery
56272,Sundries
56273,Electrical
56274,Electrical
56275,Heaters
56276,Gypsum Works
56277,Office Consumables 
56278,Geotechnical Report
56279,Gypsum Works
56280,Pipes
56281,Incentives
56282,Tyres
56283,Tyres
56284,Softscape (Landscape)
56285,Softscape (Landscape)
56286,Incentives
56287,Elevator / Escalator / Conveyor Belt
56288,Plant
56289,Manpower
56290,Manpower
56291,Manpower
56292,Manpower
56293,Manpower
56294,Manpower
56295,Manpower
56296,Manpower
56297,Gypsum Works
56298,Gypsum 
56299,Electrical
56300,Moziac
56301,Sundries
56302,Precast Concrete
56303,Electrical
56304,Ironmongery
56305,Insurance
56306,Plant
56307,Plant
56308,Sundries
56309,Plant
56310,Sundries
56311,Office Consumables 
56312,Manpower
56313,Insurance
56314,Consumables
56315,Consumables
56316,Consumables
56317,Consumables
56318,Consumables
56319,Consumables
56320,Consumables
56321,Consumables
56322,Consumables
56323,Consumables
56324,Consumables
56325,Consumables
56326,Office Consumables 
56327,Swimming Pool 
56328,Consumables
56329,Manpower
56330,Insurance
56331,Insurance
56332,Precast Concrete
56333,Tyres
56334,Transformer
56335,Sundries
56336,Sundries
56337,Refreshments
56338,Tyres
56339,Sundries
56340,Gypsum Works
56341,Gypsum Works
56342,Precast Concrete
56343,Electrical
56344,Blinds
56345,Electrical
56346,Manpower
56347,Electrical
56348,Electrical
56350,Insurance
56351,Insurance
56352,Cables & Wires
56353,Insurance
56354,Tyres
56355,Office Expenses
56356,Geotechnical Report
56357,Office Expenses
56358,Office Expenses
56359,Sundries
56360,Manholes/Gratings
56361,Ironmongery
56362,Gypsum Works
56363,Precast Concrete
56364,Other Expenses
56365,Insurance
56366,Manpower
56367,Gypsum Works
56368,Pipes
56369,Manpower
56370,Electrical
56371,Gypsum Works
56372,Office Consumables 
56373,Manpower
56374,Sundries
56375,Sundries
56376,Sundries
56377,Joinery
56378,Insurance
56380,Insurance
56382,Electrician 
56383,Electrician 
56384,Refreshments
56385,Manpower
56386,Gypsum Works
56387,Gypsum Works
56389,Insurance
56390,Insurance
56392,Insurance
56393,Insurance
56394,Fire Fighting Materials
56395,Insurance
56396,Insurance
56397,Manpower
56398,Plant
56399,Electrical
56400,Precast Concrete
56401,Precast Concrete
56402,Gypsum 
56404,Electrical
56405,Electrical
56406,Miscellaneous
56407,Miscellaneous
56408,Electrical
56409,Ironmongery
56410,Insurance
56411,Precast Concrete
56412,Electrical
56413,Rebar
56414,Electrician 
56415,Electrician 
56416,Office Expenses
56417,Swimming Pool 
56418,Tyres
56419,Tyres
56420,Tyres
56421,Electrician 
56422,Insurance
56423,Pipes
56424,Rebar
56425,Electrical
56426,Office Consumables 
56427,Geotechnical Report
56428,Façade
56429,Insurance
56430,Insurance
56431,Electrician 
56432,Precast Concrete
56433,Gypsum Works
56434,Screed Work
56435,Furniture
56436,Sundries
56437,MEP Material
56438,Coring Works
56439,Tyres
56440,Sundries
56441,Geotechnical Report
56442,Precast Concrete
56443,Gypsum Works
56444,Gypsum Works
56445,Plant
56446,Gypsum Works
56447,Electrical
56448,Sundries
56449,Other Expenses
56450,Office Consumables 
56451,Vehicle & Equipment
56452,Electrical
56453,Office Consumables 
56454,Geotechnical Report
56455,Office Consumables 
56456,Electrical
56457,Electrical
56458,Office Consumables 
56459,Manpower
56460,Office Consumables 
56461,Geotechnical Report
56462,Office Consumables 
56463,Ironmongery
56464,Geotechnical Report
56465,Parts
56466,Erection
56467,Gypsum 
56468,Office Expenses
56469,Sundries
56470,Sundries
56471,Manpower
56472,Swimming Pool 
56473,Rebar
56474,Tyres
56475,Gypsum Work
56477,Insurance
56478,Miscellaneous
56479,Manholes/Gratings
56480,Site Consumables 
56481,Sundries
56482,Tyres
56483,Refreshments
56484,Fire Alarm
56485,Rebar
56486,Rebar
56487,Sundries
56488,Sundries
56489,Electrician 
56490,Site Related Fees
56491,Bank Charges
56492,Bank Charges
56493,Bank Charges
56494,Bank Charges
56495,Bank Charges
56496,Bank Charges
56497,Electrician 
56498,Insurance
56499,Sundries
56500,Electrician 
56501,Precast
56502,Refreshments
56503,Office Consumables 
56504,Electrical
56505,Manpower
56506,Manpower
56507,MEP Material
56508,Precast Concrete
56509,Electrical Works
56510,Sundries
56511,Insurance
56512,Tyres
56513,Internal Work
56514,Office Expenses
56515,Softscape (Landscape)
56516,Gypsum Works
56517,Concrete 
56518,Electrical
56519,Vehicle & Equipment
56520,Vehicle & Equipment
56521,Sundries
56522,Sundries
56523,Tyres
56524,Swimming Pool 
56525,Gypsum Works
56526,Cables & Wires
56527,Sundries
56528,Electrical
56529,Formwork
56530,Manpower
56531,Tyres
56532,Blinds
56533,Swimming Pool 
56534,Cement 
56535,ELV 
56536,Manpower
56537,Gypsum Works
56538,LPG
56539,Tyres
56540,Sundries
56541,Electrical
56542,Insurance
56543,Electrician 
56544,Plant
56545,Site Related Fees
56546,Other Expenses
56547,Electrical
56548,Office Consumables 
56549,Material
56550,Office Consumables 
56551,Office Consumables 
56552,Office Consumables 
56553,Office Consumables 
56554,Office Consumables 
56555,Office Consumables 
56556,Furniture
56557,Façade
56558,Immigration Fees
56559,Immigration Fees
56560,Immigration Fees
56561,Immigration Fees
56562,Office Consumables 
56563,Office Consumables 
56564,Office Consumables 
56565,Ironmongery
56566,Office Consumables 
56567,Office Consumables 
56568,Office Consumables 
56569,Office Consumables 
56570,Pipes
56571,Pipes
56572,Insurance
56573,External Manpower
56574,Precast Concrete
56575,Sundries
56576,Manpower
56577,Electrical
56578,Gypsum Works
56579,Façade
56580,Fees 
56581,Tyres
56582,Parts
56583,Gypsum Works
56584,PEB
56585,Insurance
56586,Screed Work
56587,Insurance
56588,Tyres
56590,Cables & Wires
56591,Gypsum Works
56592,Electrical
56593,Insurance
56594,Electrical
56595,Drainage 
56596,Formwork
56597,Electrician 
56598,Tyres
56599,Sundries
56600,Electrical
56601,Sundries
56602,Tyres
56603,Insurance
56604,Geotechnical Report
56605,Office Expenses
56607,Insurance
56608,Insurance
56609,Electrician 
56610,Meters
56611,Precast Concrete
56612,Precast Concrete
56613,Gypsum Works
56614,Electrical
56615,Sundries
56616,Manpower
56617,Manpower
56618,Vehicle & Equipment
56619,Vehicle & Equipment
56620,Vehicle & Equipment
56621,Vehicle & Equipment
56622,Insurance
56623,MEP Material
56624,Incentives
56625,Vehicle & Equipment
56626,Ironmongery
56627,Sundries
56628,Gypsum Works
56629,Office Expenses
56630,Electrician 
56631,Insurance
56632,Draftsmen
56633,Draftsmen
56634,Draftsmen
56635,Draftsmen
56636,Draftsmen
56637,Draftsmen
56638,Draftsmen
56639,Draftsmen
56640,Gypsum Works
56641,Gypsum Works
56642,Site Consumables 
56643,Electrical
56644,Precast Concrete
56645,Sundries
56646,Sundries
56647,Sundries
56648,Manpower
56649,Gypsum 
56650,Electrician 
56651,Sundries
56652,Insurance
56653,Precast Concrete
56654,Sundries
56655,Refreshments
56656,Office Expenses
56657,Precast Concrete
56658,Ironmongery
56659,Geotechnical Report
56660,Office Expenses
56662,Precast Concrete
56663,Miscellaneous
56664,Electrical
56665,Refreshments
56666,Block Work
56667,Fire Stoppage Work
56668,Reinforcement
56669,Block Work
56670,Block Work
56671,Block Work
56672,Plaster Work
56673,Block Work
56674,Block Work
56675,Painting Work 
56676,Unskilled Labour
56677,Structural Works
56678,Unskilled Labour
56679,Unskilled Labour
56680,Electrician 
56681,Unskilled Labour
56682,Structural Works
56683,Unskilled Labour
56684,Reinforcement
56685,Reinforcement
56686,Unskilled Labour
56687,Site Related Fees
56688,Insurance
56689,Infrastructure 
56690,Refreshments
56691,Tyres
56692,Furniture
56693,Tyres
56694,Electrician 
56695,Geotechnical Report
56696,Refreshments
56697,Site Related Fees
56698,Other Expenses
56699,Other Expenses
56700,Other Expenses
56701,Other Expenses
56702,Other Expenses
56703,Immigration Fees
56704,Immigration Fees
56705,Fire Fighting Materials
56706,Other Expenses
56707,Immigration Fees
56708,Other Expenses
56709,Other Expenses
56710,Swimming Pool 
56711,Erection
56712,Refreshments
56713,Geotechnical Report
56715,Precast Concrete
56716,Plant
56717,Electrical
56718,Fees 
56719,Sundries
56720,Elevator / Escalator / Conveyor Belt
56721,Fees 
56722,Vehicle & Equipment
56724,Electrician 
56725,Electrical
56726,Geotechnical Report
56727,Manpower
56728,Tyres
56729,Tyres
56730,Precast Concrete
56731,Office Consumables 
56732,Sundries
56733,Sundries
56735,Gypsum Works
56736,Refreshments
56737,Precast Concrete
56738,Sundries
56739,Sundries
56740,Refreshments
56741,Gypsum Works
56742,Miscellaneous
56743,Bank Charges
56744,Bank Charges
56745,Gypsum Works
56746,Precast Concrete
56747,Erection
56748,Infrastructure 
56749,Sundries
56750,Gypsum Works
56751,Office Consumables 
56752,Insurance
56753,Office Consumables 
56754,Geotechnical Report
56755,Vehicle & Equipment
56756,Office Consumables 
56757,Office Consumables 
56758,Gypsum 
56760,Cables & Wires
56761,Insurance
56762,Gypsum Works
56763,Refreshments
56764,Other Expenses
56765,
56766,Medical Fees 
56767,Fire Fighting
56768,Refreshments
56769,Medical Fees 
56770,Insurance
56771,Tyres
56772,Cement 
56773,Tyres
56774,Insurance Fees 
56775,Office Consumables 
56776,Legal Fees 
56777,Legal Fees 
56778,Electrical
56779,Tyres
56780,Other Expenses
56781,Sundries
56782,Sundries
56783,Refreshments
56784,Gypsum Works
56785,Water Supply
56786,Swimming Pool 
56787,Sundries
56788,Rebar
56789,Electrician 
56790,Electrical
56791,Geotechnical Report
56792,Electrician 
56793,Erection
56794,Cement 
56795,Shuttering Carpentry
56796,Charge
56797,Gypsum Works
56798,Gypsum Works
56799,Gypsum Works
56800,Cement 
56801,Electrician 
56802,Gypsum 
56803,Swimming Pool 
56804,Sundries
56805,Manpower
56806,Miscellaneous
56807,Tyres
56808,Refreshments
56809,Swimming Pool 
56810,Gypsum Works
56811,Electrician 
56812,Electrician 
56813,Tyres
56814,Plant
56815,Plant
56816,Plant
56817,Plant
56819,Plant
56820,Office Consumables 
56821,Insurance
56822,Concrete 
56823,Sundries
56824,Insurance
56825,Gypsum Works
56826,Electrical
56827,Geotechnical Report
56828,Tyres
56829,Precast Concrete
56830,Insurance
56831,Gypsum Works
56832,Tyres
56833,Manpower
56834,Tyres
56835,Electrical
56836,Swimming Pool 
56837,Charge
56838,Pipes
56839,Pipes
56840,Office Consumables 
56841,Tyres
56842,Internal Work
56843,Sundries
56844,Office Consumables 
56845,Sundries
56846,Electrical
56847,Electrical
56848,Sundries
56849,Office Expenses
56850,Sundries
56851,MEP Material
56852,Consumables
56853,Electrician 
56854,Signage
56855,Refreshments
56856,Insurance
56857,Consumables
56858,Consumables
56859,Fees 
56860,Consumables
56861,Consumables
56862,Consumables
56863,Consumables
56864,Consumables
56865,Consumables
56866,Consumables
56867,Consumables
56868,Consumables
56869,Consumables
56870,Consumables
56871,Geotechnical Report
56872,Electrical
56873,Insurance
56874,Tyres
56875,Insurance
56876,Insurance
56877,Office Consumables 
56878,Internal Work
56879,Precast Concrete
56880,Tyres
56881,Gypsum Works
56882,Rebar
56883,Office Expenses
56884,Formwork
56885,Office Consumables 
56886,Manpower
56887,Manpower
56888,Manpower
56889,Manpower
56890,Manpower
56891,Manpower
56892,Manpower
56893,Manpower
56894,Manpower
56895,Insurance
56896,Miscellaneous
56897,Precast Concrete
56898,Tyres
56899,Electrical
56900,Sundries
56901,Electrician 
56902,Office Consumables 
56903,Electrical
56904,Ironmongery
56905,Swimming Pool 
56906,Refreshments
56907,Cement 
56908,Electrician 
56909,Sundries
56910,Insurance
56911,Manpower
56912,HVAC 
56913,Swimming Pool 
56914,Electrical
56915,Electrician 
56916,Sundries
56917,Pipes
56918,Sundries
56919,MEP Material
56920,Electrical
56921,Refreshments
56922,Precast Concrete
56923,Sundries
56924,LPG
56925,Office Expenses
56926,Parts
56927,Insurance
56928,Sundries
56929,Heaters
56930,Water Supply
56931,Insurance
56932,Swimming Pool 
56933,Ironmongery
56934,Insurance
56935,Swimming Pool 
56936,Electrician 
56937,Manpower
56938,Electrician 
56939,Fire Alarm
56940,Gypsum Works
56941,Office Expenses
56942,Gypsum Works
56943,Formwork
56944,Precast Concrete
56945,Precast Concrete
56946,Charge
56947,Erection
56948,Gypsum 
56949,Cables & Wires
56950,Tyres
56951,Gypsum Works
56952,Office Expenses
56953,Insurance
56954,Material
56955,Charge
56956,Electrical
56957,Gypsum Works
56958,Insurance
56959,Refreshments
56960,Insurance
56961,Insurance
56962,Legal Fees 
56963,Sundries
56964,Sundries
56966,Plant
56967,Geotechnical Report
56968,Sundries
56970,Tyres
56971,Sundries
56972,Sundries
56973,Electrical
56974,Electrical
56975,Geotechnical Report
56976,Office Consumables 
56977,Electrical
56978,Site Consumables 
56979,Electrical
56980,Site Consumables 
56981,Geotechnical Report
56982,
56983,Tyres
56984,Insurance
56985,Office Expenses
56986,Insurance
56987,Insurance
56988,Manpower
56989,Incentives
56990,
56991,Sundries
56992,Sundries
56993,Tyres
56994,Office Expenses
56995,Geotechnical Report
56996,Cables & Wires
56997,Insurance
56998,Tyres
56999,Gypsum Works
57000,Office Expenses
57001,Office Consumables 
57002,Geotechnical Report
57003,Water Supply
57004,Swimming Pool 
57005,Façade
57006,Bank Charges
57007,Bank Charges
57008,Bank Charges
57009,Electrician 
57010,Electrical
57011,Electrical
57012,Gypsum Works
57013,Electrical
57014,Block
57015,Tyres
57016,Tyres
57017,Tyres
57018,Precast Concrete
57019,Manpower
57020,MEP
57021,Precast Concrete
57022,Electrical
57023,Office Expenses
57024,Sundries
57025,Insurance
57026,Electrical
57027,Transformer
57028,Insurance
57029,Insurance
57030,Insurance
57031,Vehicle & Equipment
57032,Gypsum Works
57033,Office Expenses
57034,Water Supply
57035,Manpower
57036,Gypsum Works
57037,Electrical
57038,Manpower
57039,Softscape (Landscape)
57040,HVAC 
57041,Sundries
57042,Swimming Pool 
57043,Gypsum 
57044,Tyres
57045,Geotechnical Report
57046,Geotechnical Report
57047,Elevator / Escalator / Conveyor Belt
57048,Insurance
57049,Pipes
57050,Pipes
57051,Façade
57052,Insurance
57053,Gypsum Works
57054,Insurance
57055,Ironmongery
57056,Immigration Fees
57057,Office Expenses
57058,Draftsmen
57059,Draftsmen
57060,Draftsmen
57061,Draftsmen
57062,Medical Fees 
57063,Draftsmen
57064,Rebar
57065,Draftsmen
57066,Draftsmen
57067,Draftsmen
57069,Insurance
57070,Refreshments
57072,Gypsum Works
57073,Gypsum Works
57074,Pipes
57075,Refreshments
57076,Manpower
57077,Block
57078,Refreshments
57079,Gypsum Works
57080,Sundries
57081,Sundries
57082,Insurance
57083,Swimming Pool 
57084,Gypsum Works
57085,Gypsum Works
57086,Tyres
57087,Gypsum Works
57088,Insurance
57089,Façade
57090,Insurance
57091,Medical Fees 
57092,Legal Fees 
57093,MEP Material
57094,Geotechnical Report
57095,Electrical
57096,Tyres
57097,Sundries
57098,Gypsum Works
57099,Office Consumables 
57100,Manpower
57101,Electrical
57102,Tanks
57103,Insurance
57104,Insurance
57105,Immigration Fees
57106,Tyres
57108,Insurance
57109,Insurance
57110,Insurance
57111,Office Expenses
57112,Electrical
57113,Administrative Fees 
57114,Electrical
57115,Refreshments
57116,Refreshments
57117,Insurance
57118,Electrical
57119,Precast Concrete
57120,Sundries
57121,Electrical
57122,Shuttering Carpentry
57123,Office Expenses
57124,Rebar
57125,Manpower
57126,Insurance
57127,Electrical
57128,Vehicle & Equipment
57129,Gypsum Works
57130,Office Consumables 
57131,Insurance
57132,Medical Fees 
57133,Gypsum Works
57136,Electrical
57137,Gypsum Works
57138,Insurance
57139,Site Consumables 
57140,Manpower
57141,Insurance
57142,Insurance
57143,Electrical
57144,Sundries
57145,Manpower
57146,Office Consumables 
57147,Gypsum Works
57148,Ironmongery
57149,Vehicle & Equipment
57150,Vehicle & Equipment
57151,Office Consumables 
57152,Electrical
57153,Office Consumables 
57154,Electrical
57155,Electrical
57156,Insurance
57157,Insurance
57158,Tyres
57159,Sundries
57160,Insurance
57161,Sundries
57162,Sundries
57163,Sundries
57164,Consulting Fees 
57166,Swimming Pool 
57167,Insurance
57169,Tyres
57170,Insurance
57171,Refreshments
57172,Electrician 
57173,Sundries
57174,Transformer
57175,HVAC 
57176,Miscellaneous
57177,Tyres
57178,Sundries
57179,Electrician 
57180,Concrete 
57181,Office Expenses
57182,Electrician 
57183,Electrician 
57184,Sundries
57185,Miscellaneous
57186,Manpower
57187,Insurance
57188,Insurance
57189,Manholes/Gratings
57190,Swimming Pool 
57191,Electrician 
57192,Manpower
57193,Site Consumables 
57194,Electrical
57195,Office Consumables 
57196,Swimming Pool 
57197,Legal Fees 
57198,Tanks
57199,Electrical
57200,Sundries
57201,Tyres
57202,Geotechnical Report
57203,Geotechnical Report
57204,MEP Material
57205,Geotechnical Report
57207,Ironmongery
57208,Electrical
57209,Electrical
57210,Tyres
57211,Blinds
57212,MEP Material
57213,Geotechnical Report
57214,Miscellaneous
57215,Plant
57216,Manpower
57217,Gypsum Works
57218,Tyres
57219,Consumables
57220,Consumables
57221,Consumables
57222,Consumables
57223,Consumables
57225,Vehicle & Equipment
57226,Consumables
57227,Consumables
57228,Consumables
57229,Consumables
57230,Pipes
57231,Consumables
57232,Precast Concrete
57233,Consumables
57234,Consumables
57235,Swimming Pool 
57236,Site Consumables 
57237,Consumables
57238,Electrical
57240,Ironmongery
57241,Insurance
57242,Refreshments
57243,Material
57244,Electrical
57245,Electrician 
57246,Electrical
57247,Parts
57248,Swimming Pool 
57249,Gypsum Works
57250,MEP Material
57251,Other Expenses
57252,Immigration Fees
57253,Other Expenses
57254,Immigration Fees
57255,Immigration Fees
57256,Immigration Fees
57257,Other Expenses
57258,Site Related Fees
57260,Softscape (Landscape)
57261,Insurance
57262,Other Expenses
57263,Other Expenses
57264,Immigration Fees
57265,Other Expenses
57266,Refreshments
57267,Other Expenses
57268,Immigration Fees
57269,Immigration Fees
57270,Site Related Fees
57271,Immigration Fees
57272,Insurance
57273,Charge
57274,Tyres
57275,Electrical
57276,Gypsum Works
57277,Gypsum Works
57278,Office Consumables 
57279,Office Expenses
57280,Refreshments
57281,Refreshments
57282,Refreshments
57283,Refreshments
57284,Insurance
57285,Office Expenses
57286,Office Expenses
57287,Insurance
57288,Insurance
57289,Electrician 
57290,Moziac
57291,Electrician 
57292,Electrician 
57293,Electrician 
57294,Cables & Wires
57295,Manpower
57296,Electrician 
57297,Manpower
57298,Electrician 
57299,Electrical
57300,Gypsum Works
57301,Manpower
57302,Refreshments
57303,Refreshments
57304,Refreshments
57305,Refreshments
57306,Refreshments
57307,Precast Concrete
57308,Insurance
57309,Electrical Works
57310,Rebar
57311,Precast Concrete
57312,Fees 
57313,Excavation
57314,Office Expenses
57315,Fees 
57316,Electrical
57317,MEP Material
57318,Precast Concrete
57319,Sundries
57320,Precast Concrete
57321,Rebar
57323,Consumables
57324,Consumables
57325,MEP Material
57326,PEB
57327,Geotechnical Report
57328,Sundries
57329,Electrical
57330,Office Consumables 
57331,Gypsum Works
57332,Material
57333,Sundries
57334,Plant
57335,Electrical
57336,Bank Charges
57337,Refreshments
57338,Manpower
57339,Tyres
57340,Tyres
57341,MEP Material
57342,Gypsum Works
57343,Office Expenses
57344,Tyres
57345,Transformer
57346,Insurance
57347,Gypsum Works
57348,Coring Works
57349,Parts
57351,Parts
57352,Parts
57353,Electrician 
57354,Refreshments
57355,Gypsum Works
57356,Cables & Wires
57357,Insurance
57358,Gypsum Works
57359,Gypsum Works
57360,Sundries
57361,Gypsum Works
57362,Façade
57363,Material
57364,Cables & Wires
57365,Tyres
57366,Office Expenses
57367,Tyres
57368,Tyres
57369,Sundries
57370,Sundries
57371,Tyres
57372,Insurance
57373,Electrical
57374,Electrical
57375,Material
57376,Elevator / Escalator / Conveyor Belt
57377,Electrical
57378,Office Consumables 
57379,Insurance
57380,Gypsum Works
57381,MEP Material
57382,MEP Material
57383,Electrical
57384,Fees 
57385,Precast Concrete
57386,Sundries
57387,Office Expenses
57388,Gypsum Works
57389,Incentives
57390,Sundries
57391,Office Consumables 
57392,Precast Concrete
57393,Gypsum Works
57394,Gypsum Works
57395,Cladding Work 
57396,Structural Works
57397,Structural Works
57398,Cladding Work 
57399,Cladding Work 
57400,Cladding Work 
57401,Structural Works
57402,Structural Works
57403,Cladding Work 
57404,Painting Work 
57405,Painting Work 
57406,Plaster Work
57407,Block Work
57408,Block Work
57409,Metal Works
57410,Reinforcement
57411,Block Work
57412,Reinforcement
57413,Gypsum Works
57414,Flooring
57415,Tyres
57416,Office Expenses
57417,Heaters
57419,Office Expenses
57420,Water Supply
57421,Electrical
57422,Blinds
57423,Tyres
57424,Sundries
57425,Bank Charges
57426,Bank Charges
57427,Administrative Fees 
57428,Other Expenses
57429,Medical Fees 
57430,Manpower
57431,Manpower
57432,Refreshments
57433,Manpower
57434,Manpower
57435,Manpower
57436,Medical Fees 
57437,Manpower
57438,Manpower
57439,Manpower
57440,Manpower
57441,Manpower
57442,External Manpower
57443,Manpower
57444,Manpower
57445,Manpower
57446,Façade
57447,Electrical
57448,Manpower
57449,Sundries
57450,Pipes
57451,Insurance
57452,Office Expenses
57453,Vehicle Related Fees
57454,Office Expenses
57455,Electrical
57456,Geotechnical Report
57457,Geotechnical Report
57458,Geotechnical Report
57459,Geotechnical Report
57460,Miscellaneous
57461,Pipes
57462,Geotechnical Report
57463,Gypsum Works
57464,Geotechnical Report
57465,Geotechnical Report
57466,Precast Concrete
57467,Sundries
57468,Refreshments
57469,Geotechnical Report
57471,Geotechnical Report
57472,Plant
57473,Gypsum Works
57474,Plant
57476,Insurance
57477,Gypsum 
57478,Vehicle & Equipment
57479,Vehicle & Equipment
57480,Refreshments
57481,Insurance
57483,Electrician 
57484,HVAC 
57485,Meters
57486,Office Consumables 
57487,Sundries
57488,Office Consumables 
57489,Rebar
57490,Electrical
57491,Insurance
57492,Block
57493,Rebar
57494,Insurance
57495,Sundries
57496,Plant
57498,Cement 
57499,MEP
57500,Electrical
57501,Insurance
57502,Insurance
57503,Office Consumables 
57504,Office Consumables 
57505,Electrical
57506,Metal Works
57507,Office Consumables 
57508,Cement 
57509,Insurance
57510,Precast Concrete
57511,Flooring
57512,Gypsum Works
57513,Plant
57514,Plant
57515,Miscellaneous
57516,Insurance
57517,Insurance
57518,Façade
57519,PEB
57520,Cladding Work 
57521,Structural Works
57522,Structural Works
57523,Structural Works
57524,Structural Works
57525,Electrical
57526,MEP
57527,MEP
57528,Manpower
57529,Manpower
57530,Sundries
57532,Tyres
57533,Tyres
57534,Tyres
57535,Tyres
57536,Swimming Pool 
57537,Refreshments
57538,Metal Works
57539,Insurance
57541,Office Consumables 
57542,Insurance
57543,Plant
57544,Office Consumables 
57545,Insurance
57546,Insurance
57547,Office Expenses
57548,Tyres
57549,Sundries
57550,Ironmongery
57552,Tyres
57553,Sundries
57554,Swimming Pool 
57555,Vehicle & Equipment
57556,Gypsum Works
57557,Office Consumables 
57559,Insurance
57560,Manpower
57561,Office Expenses
57562,Office Consumables 
57563,Office Expenses
57564,Sundries
57565,Fire Alarm
57566,Office Consumables 
57568,Office Expenses
57569,Metal Works
57570,Insurance
57571,Insurance
57572,Insurance
57573,Insurance
57574,Erection
57575,Insurance
57576,Insurance
57577,Gypsum Works
57578,Precast Concrete
57579,Gypsum Works
57580,Ironmongery
57581,
57582,Swimming Pool 
57583,Legal Fees 
57584,Cement 
57585,Electrician 
57586,Sundries
57587,Gypsum Works
57588,Sundries
57589,Sundries
57590,Insurance
57592,Site Related Fees
57593,Vehicle & Equipment
57594,Office Consumables 
57595,Gypsum Works
57597,Water Supply
57598,Flooring
57599,Swimming Pool 
57600,Tyres
57601,Manpower
57602,Electrical
57603,Structural Works
57604,Plaster Work
57605,Painting Work 
57606,MEP
57607,Cladding Work 
57608,Sundries
57609,Structural Works
57610,Electrician 
57611,Structural Works
57612,Reinforcement
57613,Block Work
57615,Parts
57616,Structural Works
57617,Cladding Work 
57618,Structural Works
57619,Office Consumables 
57620,Cladding Work 
57621,Reinforcement
57622,Structural Works
57623,Interlock Work
57624,Softscape (Landscape)
57625,Infrastructure 
57626,Office Consumables 
57627,Sundries
57628,Cement 
57629,Sundries
57630,Tyres
57631,Tyres
57632,Internal Work
57633,Tyres
57634,Tyres
57635,Geotechnical Report
57636,MEP
57637,Gypsum Work
57638,Geotechnical Report
57639,Swimming Pool 
57640,Geotechnical Report
57641,MEP
57643,Geotechnical Report
57644,Geotechnical Report
57645,Tyres
57646,Site Consumables 
57647,Vehicle & Equipment
57648,Office Consumables 
57649,Office Expenses
57650,Office Expenses
57651,Gypsum Works
57652,Swimming Pool 
57653,Medical Fees 
57654,Refreshments
57655,Refreshments
57656,Legal Fees 
57657,Medical Fees 
57658,Plant
57659,Office Expenses
57660,Miscellaneous
57661,Sundries
57662,
57664,Signage
57665,Precast
57666,Coring Works
57667,Office Consumables 
57668,Tyres
57669,Electrician 
57671,Tools & Parts 
57672,Insurance
57673,MEP
57674,Vehicle & Equipment
57675,Legal Fees 
57676,Electrical
57677,Consulting Fees 
57678,Elevator / Escalator / Conveyor Belt
57679,Precast Concrete
57680,Sundries
57681,Block
57682,Office Consumables 
57683,Precast Concrete
57684,Transformer
57685,Sundries
57686,Gypsum Works
57687,Precast Concrete
57688,Sundries
57689,Erection
57691,Electrical
57692,Blinds
57693,Erection
57694,Blinds
57695,Insurance
57697,Office Consumables 
57698,Office Consumables 
57699,Office Consumables 
57700,Pipes
57701,Office Consumables 
57703,Blinds
57704,Miscellaneous
57705,Sundries
57706,Cables & Wires
57707,Consulting Fees 
57708,Office Expenses
57709,Electrical
57710,Office Expenses
57711,Electrical Works
57712,Tyres
57713,Tyres
57714,Ironmongery
57715,Ironmongery
57716,Tyres
57717,Sundries
57718,Refreshments
57719,Water Supply
57720,Office Consumables 
57721,Gypsum Works
57722,Manpower
57723,Sundries
57724,Geotechnical Report
57725,Geotechnical Report
57726,Electrical
57727,Gypsum Works
57728,Office Expenses
57729,Manpower
57730,Office Consumables 
57731,Electrical
57732,Manpower
57733,Office Expenses
57734,Office Consumables 
57735,Electrical
57736,Office Consumables 
57737,Incentives
57738,Electrical
57739,Refreshments
57740,Electrician 
57741,Fire Fighting Materials
57742,Insurance
57743,Sundries
57744,Insurance
57745,Sundries
57746,Meters
57747,Electrical
57748,Rebar
57749,Insurance
57750,Office Consumables 
57751,Furniture
57752,Group Name
57753,Site Related Fees
57754,MEP Material
57755,Insurance
57756,Insurance
57757,Insurance
57758,External Manpower
57759,Insurance
57760,Insurance
57761,Immigration Fees
57762,Electrician 
57763,Office Consumables 
57764,Office Consumables 
57765,MEP
57766,Fire Fighting
57767,Fire Fighting
57768,Refreshments
57769,Site Related Fees
57770,Bank Charges
57771,Immigration Fees
57772,Meters
57773,Electrician 
57774,Sundries
57775,Sundries
57776,Electrician 
57777,Electrical
57778,Manpower
57779,Tyres
57780,Tanks
57781,Tyres
57782,Tyres
57783,Refreshments
57784,External Manpower
57785,Office Consumables 
57786,Vehicle & Equipment
57787,Office Consumables 
57789,Erection
57790,Sundries
57791,Vehicle & Equipment
57792,MEP
57793,Gypsum Works
57794,Manpower
57795,Sundries
57796,Transformer
57797,Transformer
57798,Electrical
57799,Electrical
57800,Electrical
57801,Fire Alarm
57802,Dewatering
57803,Office Expenses
57804,Refreshments
57805,Sundries
57806,Formwork
57807,Electrician 
57808,Sundries
57809,Manholes/Gratings
57810,Swimming Pool 
57811,Painting Works
57812,Pipes
57813,Gypsum Works
57814,Formwork
57815,Electrical
57816,Office Consumables 
57817,Miscellaneous
57818,Incentives
57820,Miscellaneous
57821,Miscellaneous
57822,Other Expenses
57823,Immigration Fees
57824,Other Expenses
57825,Other Expenses
57826,Other Expenses
57827,Other Expenses
57828,Administrative Fees 
57829,Site Related Fees
57830,Other Expenses
57831,Administrative Fees 
57832,Other Expenses
57833,Insurance
57834,Charge
57835,Insurance
57836,Insurance
57837,Insurance
57838,External Manpower
57839,Insurance
57841,Insurance
57842,Insurance
57843,Insurance
57844,Fees 
57845,Geotechnical Report
57847,Geotechnical Report
57848,Gypsum Works
57849,Gypsum Works
57850,Charge
57851,Office Consumables 
57852,Office Consumables 
57853,Geotechnical Report
57854,Sundries
57855,Insurance
57856,Ironmongery
57857,Geotechnical Report
57858,Geotechnical Report
57859,Insurance
57861,Incentives
57864,Office Consumables 
57865,Manpower
57866,Manpower
57867,Block
57869,Draftsmen
57871,Draftsmen
57872,Draftsmen
57873,Draftsmen
57874,Draftsmen
57875,Draftsmen
57876,Office Expenses
57877,Draftsmen
57878,Draftsmen
57879,Other Expenses
57880,Immigration Fees
57881,Refreshments
57882,Office Expenses
57883,Office Expenses
57884,Office Consumables 
57886,Incentives
57887,Insurance
57888,External Manpower
57889,Insurance
57890,Office Consumables 
57891,Tyres
57892,Tyres
57893,Sundries
57894,Block
57895,Miscellaneous
57896,Sundries
57898,Flooring
57899,Bank Charges
57900,Office Expenses
57902,Manpower
57903,Manpower
57904,Sundries
57905,Electrical
57906,Electrical
57907,Geotechnical Report
57908,Swimming Pool 
57909,Office Expenses
57910,Tyres
57911,Manpower
57912,Manpower
57913,Manpower
57914,Manpower
57915,External Manpower
57916,Gypsum Works
57917,Manpower
57918,Manpower
57919,Manpower
57920,Manpower
57921,Office Expenses
57922,Office Expenses
57923,Parts
57924,Vehicle & Equipment
57925,Consumables
57926,Consumables
57927,Consumables
57928,Consumables
57929,Consumables
57930,Consumables
57931,Consumables
57932,Consumables
57933,Consumables
57934,Consumables
57935,Consumables
57936,Consumables
57937,Consumables
57938,Manholes/Gratings
57939,Gypsum Works
57940,MEP Material
57941,Sundries
57942,Electrical
57943,External Manpower
57945,Fees 
57947,Furniture
57948,Tyres
57949,Tyres
57950,Site Consumables 
57951,Vehicle & Equipment
57952,Tyres
57953,Manpower
57954,Site Consumables 
57955,Sundries
57956,Sundries
57957,Tyres
57958,Sundries
57959,Electrician 
57961,Tyres
57962,Gypsum Works
57963,Electrician 
57964,Charge
57965,Heaters
57966,Gypsum Works
57967,Gypsum Works
57968,Gypsum Works
57969,Electrical
57970,Insurance
57971,Signage
57972,Tyres
57973,Manpower
57974,Electrical Works
57976,Gypsum Works
57977,Ironmongery
57978,Electrician 
57979,Sundries
57980,MEP
57981,Manpower
57982,Sundries
57983,Swimming Pool 
57984,Fire Alarm
57986,Sundries
57987,Plant
57988,Transformer
57989,Cables & Wires
57990,Plaster Work
57991,Ironmongery
57992,Precast Concrete
57993,Gypsum Works
57994,Electrical
57995,Shuttering Carpentry
57996,Plant
57998,Gypsum Works
57999,Electrical
58000,Electrical
58001,Transformer
58002,Tyres
58003,Signage
58004,Swimming Pool 
58005,Electrician 
58006,Office Expenses
58007,Heaters
58008,Office Consumables 
58009,Office Consumables 
58010,Office Consumables 
58011,Sundries
58012,Gypsum Works
58013,Parts
58014,Office Expenses
58015,Miscellaneous
58016,Softscape (Landscape)
58017,Concrete 
58018,Electrical
58019,Precast Concrete
58020,Geotechnical Report
58021,Group Name
58022,Manpower
58023,Geotechnical Report
58024,Sundries
58025,Geotechnical Report
58026,Geotechnical Report
58027,Geotechnical Report
58028,Geotechnical Report
58029,Sundries
58030,Precast Concrete
58031,Sundries
58032,Refreshments
58033,Gypsum Works
58034,Gypsum Works
58036,Electrician 
58037,Ironmongery
58038,Ironmongery
58039,Insurance
58040,Office Consumables 
58041,Vehicle & Equipment
58042,Geotechnical Report
58043,Geotechnical Report
58044,Geotechnical Report
58045,Rebar
58046,Miscellaneous
58047,Electrician 
58048,Plant
58050,Erection
58051,Miscellaneous
58052,Bank Charges
58053,Bank Charges
58054,Insurance
58055,Vehicle & Equipment
58056,Gypsum Works
58057,Medical Fees 
58058,Manpower
58059,Office Consumables 
58060,Sundries
58061,Cables & Wires
58062,MEP Material
58063,Tyres
58064,Electrician 
58066,Insurance
58067,Manpower
58068,Charge
58069,Insurance
58070,Electrical
58071,Fees 
58072,Electrical Works
58074,Plaster Work
58075,Insurance
58076,Electrician 
58077,Office Consumables 
58078,Insurance
58079,Insurance
58080,Office Expenses
58081,MEP
58082,Insurance
58083,Moziac
58085,Refreshments
58086,Manpower
58087,Sundries
58088,Gypsum Works
58089,Office Consumables 
58090,Site Consumables 
58091,Sundries
58092,Manpower
58093,Site Consumables 
58094,Vehicle & Equipment
58095,Office Consumables 
58096,Office Consumables 
58097,Tyres
58098,Façade
58099,Tyres
58100,Office Expenses
58101,Charge
58102,Gypsum Works
58103,Cables & Wires
58104,Electrical
58105,MEP
58107,Electrical
58108,Electrical
58109,Manpower
58110,Insurance
58111,Manpower
58112,Electrical
58113,Electrical
58114,MEP
58115,MEP Material
58116,Sundries
58117,Sundries
58118,Water Supply
58119,Fire Alarm
58120,Tyres
58121,Tyres
58123,Tyres
58124,Parts
58125,Tyres
58126,Sundries
58127,MEP Material
58128,Shuttering Carpentry
58129,Office Expenses
58130,Plant
58131,Manpower
58132,Office Consumables 
58133,Office Consumables 
58134,Parts
58135,Sundries
58136,Sundries
58137,Insurance
58138,Insurance
58139,Sundries
58140,Electrical
58141,Insurance
58142,Insurance
58143,Electrical
58144,Sundries
58145,Manpower
58146,
58147,Insurance
58148,Cables & Wires
58149,Insurance
58150,Insurance
58151,Swimming Pool 
58152,Insurance
58153,HVAC 
58154,Erection
58155,Insurance
58156,MEP Material
58157,Manpower
58158,Refreshments
58159,Manpower
58160,Pipes
58161,Office Expenses
58162,Electrician 
58163,Painting Works
58164,Fire Alarm
58165,Insurance
58166,Erection
58167,Erection
58168,Miscellaneous
58169,Sundries
58170,Miscellaneous
58171,Plant
58172,Cement 
58173,MEP Material
58174,Sundries
58175,Office Consumables 
58176,Gypsum Works
58177,Office Consumables 
58178,Medical Fees 
58179,Material
58180,Sundries
58181,Sundries
58182,Electrician 
58183,Site Consumables 
58184,Pipes
58185,Office Consumables 
58186,Fire Alarm
58187,Site Consumables 
58188,Charge
58189,Façade
58190,Legal Fees 
58191,Office Consumables 
58192,Office Consumables 
58193,Sundries
58194,Charge
58195,Gypsum Works
58196,Formwork
58197,Swimming Pool 
58198,Tyres
58199,Tyres
58200,Electrical
58201,Insurance
58203,Insurance
58204,Insurance
58205,Office Expenses
58206,Office Expenses
58207,Refreshments
58208,Refreshments
58209,Medical Fees 
58210,Legal Fees 
58211,Legal Fees 
58212,Refreshments
58213,Cables & Wires
58214,Parts
58215,Refreshments
58216,Electrical
58217,MEP Material
58218,Moziac
58219,Electrical
58220,Gypsum Works
58221,Pipes
58222,Gypsum Works
58223,Concrete 
58224,Geotechnical Report
58225,Electrical
58227,Geotechnical Report
58228,Geotechnical Report
58229,Gypsum Works
58230,Geotechnical Report
58231,Electrical
58232,Sundries
58234,Office Consumables 
58235,Manpower
58236,Swimming Pool 
58237,Office Consumables 
58238,Precast Concrete
58239,Electrician 
58240,Ironmongery
58241,Ironmongery
58242,Insurance
58243,Sundries
58244,Formwork
58245,Internal Work
58246,Pipes
58247,Pipes
58248,Vehicle & Equipment
58249,Vehicle & Equipment
58250,Sundries
58251,Gypsum Works
58252,Gypsum Works
58253,Fire Fighting
58254,Office Expenses
58255,Painting Works
58256,Painting Works
58257,Gypsum Works
58258,Manpower
58260,Electrical
58261,Ironmongery
58262,Parts
58263,Electrical
58264,Rubber
58265,Office Consumables 
58266,Pipes
58267,Office Consumables 
58268,MEP
58269,Site Consumables 
58270,Electrical
58271,Manpower
58272,Gypsum Works
58273,Electrical
58274,Electrician 
58275,Sundries
58276,Flooring
58277,Electrical
58278,Site Related Fees
58279,Gypsum Works
58280,Electrical
58281,Sundries
58282,Softscape (Landscape)
58283,Ironmongery
58284,MEP Material
58285,Electrical
58286,Charge
58287,Joinery
58288,Manpower
58289,Legal Fees 
58290,Gypsum Works
58291,Sundries
58292,Gypsum Works
58293,Sundries
58294,Swimming Pool 
58295,Swimming Pool 
58296,Electrician 
58297,Electrical
58298,Swimming Pool 
58299,Office Consumables 
58300,Office Consumables 
58301,Gypsum Works
58302,Vehicle & Equipment
58303,Electrical
58304,Office Consumables 
58305,Tyres
58306,Electrician 
58307,Electrical
58308,Legal Fees 
58309,Electrician 
58310,Fire Fighting
58311,Geotechnical Report
58312,Geotechnical Report
58314,Geotechnical Report
58315,Geotechnical Report
58316,Office Expenses
58317,Electrical
58318,Charge
58319,Charge
58320,Charge
58321,Sundries
58322,Charge
58323,Charge
58324,Charge
58325,Insurance
58326,PEB
58327,Insurance
58329,
58330,Transformer
58331,Insurance
58332,Manpower
58333,Gypsum Works
58334,Tools & Parts 
58335,Manholes/Gratings
58336,Gypsum Works
58337,Gypsum Works
58338,Electrical
58339,Concrete 
58340,Draftsmen
58341,Sundries
58342,Swimming Pool 
58343,Draftsmen
58344,Draftsmen
58345,Gypsum Works
58346,Draftsmen
58347,Draftsmen
58348,Draftsmen
58349,Draftsmen
58350,Internal Work
58351,Draftsmen
58352,Signage
58353,Office Expenses
58354,Fire Fighting
58355,Ironmongery
58356,Miscellaneous
58357,Electrical
58359,Moziac
58360,Rubber
58361,Ironmongery
58362,Manpower
58363,Site Consumables 
58364,Charge
58366,Charge
58368,Charge
58369,Charge
58370,Charge
58371,Charge
58372,Charge
58373,Charge
58374,Charge
58375,Tyres
58376,Unskilled Labour
58377,Block Work
58378,Plaster Work
58379,Dewatering
58380,Painting Work 
58381,Cladding Work 
58382,Structural Works
58383,Painting Work 
58384,Unskilled Labour
58385,Structural Works
58386,Reinforcement
58387,Block Work
58388,Sundries
58389,Structural Works
58390,Structural Works
58391,Cladding Work 
58392,Reinforcement
58393,Gypsum Works
58394,Reinforcement
58395,Block Work
58396,Structural Works
58397,Manpower
58398,Cladding Work 
58399,Structural Works
58400,Painting Work 
58401,Sundries
58402,Parts
58403,Sundries
58404,Block Work
58405,Structural Works
58406,Sundries
58407,Refreshments
58408,Insurance
58409,Refreshments
58410,Swimming Pool 
58411,Refreshments
58412,Blinds
58413,Swimming Pool 
58415,Plant
58416,Ironmongery
58417,Office Expenses
58418,Sundries
58419,Refreshments
58420,Gypsum Works
58422,Tyres
58423,Tyres
58424,Gypsum Works
58425,Office Consumables 
58426,Office Consumables 
58427,Gypsum Works
58428,MEP Material
58429,Tyres
58430,Sundries
58431,Other Expenses
58432,Immigration Fees
58433,Refreshments
58434,Immigration Fees
58435,Refreshments
58436,Medical Fees 
58437,Immigration Fees
58438,Immigration Fees
58439,Medical Fees 
58440,Swimming Pool 
58441,Manpower
58443,Office Consumables 
58444,Office Consumables 
58445,Swimming Pool 
58446,Fees 
58447,Gypsum Works
58448,Tyres
58449,MEP
58450,Gypsum Works
58451,Signage
58452,Manpower
58453,Insurance
58454,Gypsum Works
58455,Parts
58457,Parts
58458,Sundries
58459,Sundries
58460,Tanks
58461,MEP
58462,Office Consumables 
58463,Vehicle & Equipment
58464,Tools & Parts 
58465,Office Expenses
58466,Refreshments
58467,Sundries
58468,Sundries
58469,Tanks
58470,Insurance
58471,Electrical
58472,Miscellaneous
58473,Insurance
58474,Miscellaneous
58475,Insurance
58476,Consumables
58477,Manpower
58478,Manpower
58479,Manpower
58480,Miscellaneous
58481,Gypsum Works
58482,Insurance
58483,Office Consumables 
58484,Ironmongery
58485,Sundries
58486,Tyres
58487,MEP
58488,Office Consumables 
58489,Ironmongery
58490,Charge
58491,Electrician 
58492,Refreshments
58493,Manpower
58494,Swimming Pool 
58495,Ironmongery
58496,Charge
58497,Tyres
58498,Office Consumables 
58499,Tyres
58500,Office Consumables 
58501,Manpower
58502,Manpower
58503,Manpower
58504,Manpower
58505,Manpower
58506,Manpower
58507,Manpower
58508,Manpower
58509,Manpower
58510,Manpower
58511,MEP Material
58512,Gypsum Works
58513,Sundries
58514,Gypsum Works
58515,Electrical
58516,Office Consumables 
58518,Parts
58519,Electrical
58520,MEP
58521,Parts
58522,Electrician 
58523,Ironmongery
58524,Gypsum Works
58525,Insurance
58526,Internal Work
58527,Erection
58528,Insurance
58529,Insurance
58530,Other Expenses
58531,Other Expenses
58532,Immigration Fees
58533,Other Expenses
58534,Other Expenses
58535,Other Expenses
58536,Other Expenses
58537,Site Related Fees
58538,Administrative Fees 
58539,Other Expenses
58540,Gypsum 
58541,Other Expenses
58542,Immigration Fees
58543,Vehicle & Equipment
58544,Sundries
58545,Electrical
58546,Insurance
58547,MEP
58548,Insurance
58549,MEP
58550,Insurance
58552,Insurance
58553,Gypsum Works
58554,Sundries
58555,Insurance
58556,Insurance
58557,Tyres
58558,Refreshments
58559,Ironmongery
58560,Pipes
58561,Sundries
58562,Sundries
58563,Electrician 
58564,MEP
58565,MEP
58566,Sundries
58567,Refreshments
58568,Sundries
58569,Legal Fees 
58570,
58571,Tyres
58572,Legal Fees 
58573,Fees 
58574,Ironmongery
58575,Miscellaneous
58576,Electrician 
58577,Insurance
58578,Insurance
58579,Insurance
58580,Insurance
58581,Insurance
58582,Insurance
58583,Insurance
58584,Insurance
58585,Tyres
58586,Tyres
58588,Tyres
58589,Consumables
58590,Insurance
58591,Insurance
58592,Insurance
58593,Geotechnical Report
58594,Electrician 
58596,Geotechnical Report
58597,Geotechnical Report
58598,Geotechnical Report
58599,Geotechnical Report
58600,Manpower
58601,Manpower
58602,Electrician 
58603,Electrician 
58604,Pipes
58605,Pipes
58606,Office Expenses
58607,Tyres
58608,Precast Concrete
58609,Pipes
58610,MEP
58611,Electrical
58612,Office Expenses
58613,Electrical
58614,Sundries
58615,Electrical
58616,Electrical
58617,Sundries
58618,Sundries
58619,Tyres
58620,Office Consumables 
58621,Electrical
58622,Parts
58623,Pipes
58624,Shuttering Carpentry
58625,Elevator / Escalator / Conveyor Belt
58627,Insurance
58628,Tyres
58629,Precast Concrete
58630,Office Expenses
58631,Precast Concrete
58632,Ironmongery
58633,Gypsum Works
58634,Sundries
58635,Insurance
58636,Sundries
58637,Shuttering Carpentry
58638,Internal Work
58639,Parts
58640,Office Consumables 
58641,Tyres
58642,Consumables
58643,Consumables
58644,Consumables
58645,Consumables
58646,Consumables
58647,Sundries
58648,Consumables
58649,Consumables
58650,Consumables
58651,Consumables
58652,Consumables
58653,Consumables
58655,Consumables
58656,Sundries
58657,Consumables
58658,Consumables
58659,Consumables
58660,Consumables
58661,Consumables
58662,Electrician 
58663,Electrical
58664,Electrical
58665,Miscellaneous
58666,Office Consumables 
58667,Ironmongery
58668,MEP Material
58669,Swimming Pool 
58670,Vehicle & Equipment
58671,Site Consumables 
58672,Charge
58673,MEP
58674,Geotechnical Report
58675,Swimming Pool 
58676,Parts
58677,Pipes
58678,Ironmongery
58679,Sundries
58680,Tyres
58681,Geotechnical Report
58682,Geotechnical Report
58683,Geotechnical Report
58684,Gypsum Works
58685,Office Expenses
58686,Gypsum Works
58687,Vehicle & Equipment
58688,Office Consumables 
58689,Office Expenses
58690,Sundries
58691,Manpower
58692,Tyres
58693,Office Expenses
58694,Bank Charges
58695,Geotechnical Report
58696,Electrician 
58699,Electrical
58700,Insurance
58701,Electrical
58702,Elevator / Escalator / Conveyor Belt
58703,Infrastructure 
58704,Tyres
58705,Infrastructure 
58706,Cement 
58707,Shuttering Carpentry
58708,Infrastructure 
58709,Cement 
58710,Cement 
58711,Insurance
58712,Gypsum 
58713,Vehicle & Equipment
58714,Tyres
58715,Parts
58716,Tyres
58717,Tyres
58718,Tyres
58719,Office Consumables 
58720,Gypsum Works
58721,Pipes
58722,Gypsum Works
58723,Electrical
58724,Electrician 
58725,Tyres
58726,MEP
58727,MEP
58728,Cement 
58729,Incentives
58730,Sundries
58731,Sundries
58732,Electrical
58733,Cement 
58734,Fees 
58735,Sundries
58736,Sundries
58737,Gypsum Works
58738,Vehicle & Equipment
58739,Administrative Fees 
58740,Refreshments
58742,Electrician 
58743,Insurance
58744,Insurance
58745,Insurance
58746,Insurance
58747,Insurance
58749,Miscellaneous
58750,Ironmongery
58751,Office Consumables 
58752,Electrical
58753,Sundries
58754,Gypsum Works
58755,Insurance
58756,Swimming Pool 
58757,Insurance
58758,Tyres
58759,Tyres
58760,Manpower
58761,Electrical
58762,Concrete 
58763,MEP
58765,Office Consumables 
58766,Tyres
58767,Tyres
58768,Tyres
58769,Tyres
58771,Tyres
58772,Gypsum 
58773,Manpower
58774,Blinds
58775,Sundries
58776,Sundries
58777,Sundries
58778,Formwork
58779,Gypsum Works
58781,Plant
58782,Cables & Wires
58783,Cables & Wires
58785,Plant
58786,Insurance
58787,HVAC 
58788,Gypsum 
58789,Electrical
58790,PEB
58791,Tyres
58792,Insurance
58794,Insurance
58795,Miscellaneous
58796,Rebar
58797,Cladding Work 
58798,Electrician 
58799,Swimming Pool 
58800,Gypsum Works
58801,Manpower
58802,Epoxy
58803,Façade
58804,Cables & Wires
58805,Tyres
58807,Electrical
58808,Tyres
58809,Refreshments
58810,Tyres
58811,Blinds
58812,Miscellaneous
58813,Refreshments
58814,Blinds
58815,Tyres
58816,Incentives
58817,Transformer
58818,Cables & Wires
58819,Fuel Tank Works
58820,Electrical
58821,Sundries
58822,Material
58823,Miscellaneous
58824,Electrical Works
58825,Gypsum Works
58826,Sundries
58827,Material
58828,
58829,Geotechnical Report
58830,Geotechnical Report
58831,Refreshments
58832,Geotechnical Report
58833,HSE
58834,HSE
58835,HSE
58836,HSE
58837,Geotechnical Report
58838,Office Consumables 
58839,Tyres
58840,PEB
58841,Tyres
58842,Tyres
58843,Tyres
58844,Fire Fighting
58845,Vehicle & Equipment
58846,Office Consumables 
58847,Office Expenses
58848,Gypsum Works
58849,Precast Concrete
58850,Gypsum Works
58851,Geotechnical Report
58852,Geotechnical Report
58853,Refreshments
58854,Office Expenses
58855,Fire Fighting Materials
58856,Legal Fees 
58857,Manpower
58858,Manpower
58859,Miscellaneous
58860,Gypsum Works
58861,Miscellaneous
58862,Manholes/Gratings
58863,Office Consumables 
58864,Gypsum Work
58865,PEB
58866,Cladding Work 
58867,Parts
58868,Office Expenses
58869,Gypsum Works
58870,Office Expenses
58871,Refreshments
58872,Manpower
58873,Pipes
58874,PEB
58875,HVAC 
58876,Office Consumables 
58877,Miscellaneous
58878,Gypsum Works
58879,Heaters
58880,Unskilled Labour
58881,Electrical
58882,Cluster Block Work
58883,Sundries
58884,Plaster Work
58885,Painting Work 
58886,MEP Material
58887,Block Work
58888,Waterproofing work
58889,Unskilled Labour
58890,Manpower
58891,Structural Works
58892,Reinforcement
58893,Structural Works
58894,Transformer
58895,Reinforcement
58896,Interlock Work
58897,Block Work
58898,Block Work
58899,Painting Work 
58900,Plaster Work
58901,Block Work
58902,Cladding Work 
58903,Structural Works
58904,Structural Works
58905,Painting Work 
58906,Vehicle & Equipment
58907,Vehicle & Equipment
58908,Swimming Pool 
58909,Electrical
58910,Miscellaneous
58911,Gypsum Works
58912,Transformer
58913,Electrical
58914,Manpower
58915,Office Consumables 
58916,Electrical
58917,Swimming Pool 
58918,Internal Work
58919,Electrical
58920,Gypsum Works
58921,Façade
58922,Façade
58923,Electrical
58924,Office Consumables 
58925,Office Expenses
58926,Electrician 
58927,Manpower
58928,Consulting Fees 
58929,Tyres
58930,Sundries
58931,MEP
58932,Vehicle & Equipment
58933,Manpower
58934,Tyres
58935,Electrical
58936,Refreshments
58937,Concrete 
58938,MEP Material
58939,Erection
58940,Insurance
58941,Tyres
58942,Gypsum Works
58944,Cement 
58946,Manpower
58947,Shuttering Carpentry
58948,Fees 
58949,Electrical
58950,Pipes
58951,Office Expenses
58952,Manpower
58953,Manpower
58954,Fire Fighting Materials
58955,Fire Fighting Materials
58956,Tyres
58957,Gypsum Works
58958,Sundries
58959,Tyres
58960,Tyres
58961,Electrical
58962,Draftsmen
58963,Sundries
58964,Draftsmen
58965,Draftsmen
58966,Draftsmen
58967,Draftsmen
58968,Draftsmen
58969,Draftsmen
58970,Draftsmen
58971,Fees 
58972,Legal Fees 
58973,Gypsum Works
58974,Office Expenses
58975,Swimming Pool 
58976,Erection
58977,Erection
58978,Sundries
58979,Swimming Pool 
58980,Sundries
58981,Medical Fees 
58982,Tyres
58983,Tyres
58984,Immigration Fees
58985,Electrical
58986,Kerbstone Work
58987,Tyres
58988,Office Consumables 
58989,Tyres
58990,Sundries
58991,Façade
58992,Office Consumables 
58993,Tyres
58994,Plant
58995,Office Consumables 
58996,Electrical
58997,Electrical
58998,Insurance
58999,Tyres
59000,Gypsum Works
59001,Manpower
59002,Gypsum Works
59003,Electrician 
59004,Precast Concrete
59005,Pipes
59006,Gypsum Works
59007,Electrical
59008,Rebar
59009,
59010,Transformer
59011,Manpower
59012,Sundries
59013,Electrical
59015,Incentives
59016,Electrical
59017,Precast Concrete
59018,Refreshments
59019,Precast Concrete
59020,Office Expenses
59021,Refreshments
59022,Office Consumables 
59023,Sundries
59024,Office Expenses
59025,Electrician 
59026,Gypsum Works
59027,Façade
59028,Gypsum Works
59029,Cables & Wires
59030,Fire Alarm
59031,Sundries
59032,Sundries
59034,Parts
59035,Office Expenses
59036,Erection
59037,Erection
59038,Manpower
59039,Manpower
59041,Pipes
59042,Insurance
59043,Insurance
59044,Rebar
59045,Gypsum Works
59046,Office Consumables 
59048,Charge
59049,Charge
59050,Office Expenses
59051,Gypsum Works
59052,Cement 
59053,Gypsum 
59054,Tyres
59055,Office Consumables 
59056,Concrete 
59057,Miscellaneous
59058,Tyres
59059,Electrical
59060,Site Related Fees
59061,Other Expenses
59062,Electrician 
59063,Rubber
59064,Office Consumables 
59065,Gypsum Works
59066,Tyres
59067,Refreshments
59068,Façade
59069,Geotechnical Report
59070,Geotechnical Report
59071,Geotechnical Report
59072,Swimming Pool 
59073,Cement 
59074,Manpower
59075,Manpower
59076,Manpower
59077,Manpower
59078,Manpower
59079,Manpower
59080,Manpower
59081,Manpower
59082,Manpower
59083,Manpower
59084,Electrical
59085,Cement 
59086,Electrician 
59087,Ironmongery
59088,Ironmongery
59089,Refreshments
59091,Electrical
59093,Insurance
59094,Plant
59095,Plant
59096,Fees 
59097,
59098,Tyres
59099,Gypsum 
59100,Cement 
59101,Infrastructure 
59102,Cement 
59103,Cement 
59104,Geotechnical Report
59105,Geotechnical Report
59106,Site Related Fees
59107,Immigration Fees
59108,Other Expenses
59109,Other Expenses
59110,Other Expenses
59111,Other Expenses
59112,Other Expenses
59113,Other Expenses
59114,Refreshments
59115,Geotechnical Report
59116,Refreshments
59117,Site Related Fees
59118,Geotechnical Report
59119,Refreshments
59120,Other Expenses
59121,Electrician 
59122,Administrative Fees 
59123,Other Expenses
59124,Other Expenses
59125,Other Expenses
59127,Electrical
59128,Gypsum Works
59129,MEP
59130,Insurance
59131,Office Expenses
59132,Electrician 
59133,Meters
59134,Miscellaneous
59135,Refreshments
59136,Other Expenses
59137,Other Expenses
59138,Refreshments
59139,Manpower
59140,Transformer
59142,Tyres
59143,Fire Alarm
59144,Gypsum Works
59145,Electrician 
59146,Pipes
59147,Tyres
59148,Office Consumables 
59149,Elevator / Escalator / Conveyor Belt
59150,Office Expenses
59151,MEP Material
59152,Electrical
59153,Gypsum Works
59154,Gypsum Works
59155,Precast Concrete
59156,MEP Material
59157,Tyres
59158,Blinds
59159,Gypsum Works
59160,Refreshments
59161,Precast Concrete
59162,Office Expenses
59163,Fees 
59164,Tyres
59165,Moziac
59166,Refreshments
59167,Heaters
59168,Tyres
59169,Incentives
59170,Incentives
59171,Miscellaneous
59172,Office Consumables 
59173,Insurance
59174,Insurance
59175,Insurance
59176,Moziac
59177,Vehicle & Equipment
59178,Miscellaneous
59179,Fees 
59180,Consumables
59181,Consumables
59182,Consumables
59183,Consumables
59184,Consumables
59185,Consumables
59186,Manpower
59187,Consumables
59188,Consumables
59189,Consumables
59190,Consumables
59191,Consumables
59192,Gypsum Works
59193,Consumables
59194,Gypsum Works
59195,Pipes
59196,Consumables
59197,Consumables
59198,Consumables
59199,Manpower
59200,Cables & Wires
59201,Consumables
59202,Rubber
59203,Swimming Pool 
59204,Electrical
59205,Ironmongery
59207,Tyres
59208,Office Consumables 
59209,Precast Concrete
59210,Manpower
59211,MEP Material
59212,Pipes
59213,Parts
59214,Gypsum Works
59215,Electrical
59216,Pipes
59217,Pipes
59218,Electrical
59219,Manpower
59220,Gypsum Works
59221,Cables & Wires
59222,Rubber
59223,Miscellaneous
59224,Insurance
59225,Pipes
59227,Blinds
59228,Sundries
59229,Gypsum Works
59230,Sundries
59231,Sundries
59232,Tyres
59233,
59234,Erection
59235,Electrical
59236,Bank Charges
59237,Bank Charges
59238,Softscape (Landscape)
59240,Sundries
59241,Sundries
59242,Heaters
59243,Gypsum Works
59244,Sundries
59245,Insurance
59246,Softscape (Landscape)
59247,Excavation
59248,Insurance
59249,Sundries
59250,HVAC 
59251,MEP
59252,Reinforcement
59253,Reinforcement
59254,Tyres
59255,Tyres
59257,Coring Works
59258,Ironmongery
59259,Ironmongery
59260,MEP Material
59261,Office Consumables 
59262,Fees 
59263,Swimming Pool 
59264,Gypsum Works
59265,Administrative Fees 
59266,Tyres
59267,Manpower
59268,Gypsum 
59271,Tyres
59272,Tyres
59273,Tyres
59274,Ironmongery
59275,External Manpower
59276,Fire Alarm
59277,Gypsum Works
59278,Insurance
59280,Plant
59281,Parts
59282,Plant
59283,Insurance
59284,Formwork
59285,Office Expenses
59286,Office Expenses
59287,Material
59288,Electrical
59289,Electrical
59290,Site Related Fees
59291,Moziac
59292,Material
59293,Office Consumables 
59294,Painting Works
59295,Insurance
59296,Concrete 
59297,Plant
59298,MEP
59299,Ironmongery
59300,Gypsum Works
59301,Office Consumables 
59302,Office Consumables 
59303,Sundries
59304,Sundries
59305,Softscape (Landscape)
59306,MEP Material
59308,Sundries
59309,Administrative Fees 
59311,Office Consumables 
59312,Office Expenses
59315,Refreshments
59316,Manpower
59317,Office Consumables 
59318,Office Expenses
59319,Pipes
59320,Precast Concrete
59321,Office Expenses
59322,MEP Material
59323,Office Expenses
59324,Sundries
59325,Rubber
59326,Rebar
59327,Sundries
59328,Electrical
59329,Sundries
59330,Refreshments
59331,Swimming Pool 
59332,Manpower
59333,Refreshments
59334,Vehicle & Equipment
59335,Vehicle & Equipment
59336,Gypsum Works
59337,Tyres
59338,Refreshments
59339,Refreshments
59340,Office Expenses
59341,Tyres
59342,Electrician 
59343,Insurance
59344,Tyres
59345,Tanks
59346,MEP Material
59347,Tanks
59348,Swimming Pool 
59349,Vehicle & Equipment
59350,Electrician 
59351,Gypsum Works
59352,Insurance
59353,Office Expenses
59354,Gypsum Works
59355,Sundries
59356,Tyres
59357,Sundries
59358,
59359,Sundries
59360,Vehicle & Equipment
59361,Sundries
59362,Fire Fighting Materials
59363,Insurance
59364,Block
59365,Insurance
59366,Gypsum Works
59367,Gypsum Works
59368,Shuttering Carpentry
59369,MEP
59370,Swimming Pool 
59371,Site Consumables 
59372,Precast Concrete
59373,Fire Fighting Materials
59374,Heaters
59375,Pipes
59376,Gypsum Works
59377,Tyres
59378,Softscape (Landscape)
59379,Sundries
59380,Tanks
59381,Manpower
59383,Refreshments
59384,Tyres
59385,Precast Concrete
59386,Gypsum Works
59387,LPG
59388,Gypsum Works
59389,Gypsum Works
59390,Geotechnical Report
59393,Swimming Pool 
59394,Gypsum 
59395,Electrical Works
59396,Gypsum Works
59397,Geotechnical Report
59398,Gypsum Works
59400,Geotechnical Report
59401,Geotechnical Report
59402,Geotechnical Report
59403,MEP Material
59404,Gypsum 
59406,Parts
59407,Office Expenses
59408,Office Expenses
59409,Parts
59410,Shuttering Carpentry
59411,Miscellaneous
59412,MEP
59413,Tyres
59414,Site Related Fees
59415,Electrical
59416,Sundries
59417,Façade
59418,Insurance
59419,Incentives
59420,Insurance
59421,Office Consumables 
59422,Office Consumables 
59423,Miscellaneous
59425,Insurance
59426,Insurance
59427,Insurance
59428,Insurance
59429,Insurance
59430,Insurance
59431,Erection
59432,Insurance
59433,Plant
59434,Incentives
59435,MEP Material
59436,Plant
59437,Sundries
59438,Block
59439,Gypsum Works
59440,Office Consumables 
59441,Office Expenses
59442,Other Expenses
59443,Immigration Fees
59444,Gypsum Works
59445,Pipes
59446,Miscellaneous
59447,MEP Material
59448,Refreshments
59449,Moziac
59450,Electrical
59451,Manpower
59452,Office Consumables 
59453,Gypsum Works
59454,MEP
59455,Meters
59456,Excavation
59457,HSE
59458,Sundries
59459,Electrical
59460,Manpower
59461,Parts
59462,Immigration Fees
59463,Block
59465,Office Expenses
59466,Rubber
59467,MEP Material
59468,Tyres
59469,Tyres
59470,Sundries
59471,Refreshments
59472,Sundries
59473,Refreshments
59474,Refreshments
59475,Tyres
59476,Miscellaneous
59477,Formwork
59478,Electrical
59479,Gypsum Works
59480,Ironmongery
59481,Site Consumables 
59482,Plant
59483,Tyres
59484,Sundries
59485,Sundries
59486,Tyres
59487,Gypsum Works
59488,Miscellaneous
59489,MEP Material
59490,Pipes
59492,Tyres
59493,Tyres
59494,Office Consumables 
59495,Sundries
59496,Sundries
59497,Sundries
59498,Insurance
59499,Office Consumables 
59500,Insurance
59501,Sundries
59502,Electrical
59503,Electrical
59504,Electrician 
59505,Tyres
59506,Medical Fees 
59507,Office Expenses
59508,Blinds
59509,Fees 
59510,Fees 
59511,Moziac
59513,Office Consumables 
59514,Tyres
59515,Electrical
59516,Concrete 
59517,Electrician 
59518,Ironmongery
59519,Office Consumables 
59520,Miscellaneous
59521,Gypsum Works
59522,Tanks
59523,Vehicle & Equipment
59524,Tanks
59525,Site Consumables 
59526,Site Consumables 
59527,Transformer
59528,Gypsum Works
59529,Precast
59530,Precast
59531,Precast
59532,Precast
59533,Electrical
59534,Charge
59535,MEP
59536,Refreshments
59537,Electrician 
59538,Gypsum Works
59539,Manpower
59540,Manpower
59541,Manpower
59542,Tyres
59543,Plant
59544,Miscellaneous
59545,Gypsum Works
59546,Ironmongery
59547,MEP Material
59548,Plant
59549,Gypsum Works
59550,Electrical
59551,Fees 
59552,MEP
59553,Electrician 
59554,MEP
59555,External Manpower
59556,Gypsum Works
59557,Tyres
59558,Gypsum Works
59559,Insurance
59560,Cables & Wires
59561,Softscape (Landscape)
59562,Office Expenses
59563,Electrical
59564,Office Expenses
59566,Excavation
59567,Gypsum Works
59568,Precast Concrete
59569,Gypsum Works
59570,LPG
59571,Gypsum Works
59572,Gypsum Works
59573,Unskilled Labour
59574,Gypsum Works
59575,Site Consumables 
59576,Painting Work 
59577,Plaster Work
59578,Unskilled Labour
59579,Structural Works
59580,Reinforcement
59581,Structural Works
59582,Painting Work 
59583,Block Work
59584,Interlock Work
59585,Unskilled Labour
59586,Interlock Work
59587,Plaster Work
59588,Structural Works
59589,Cladding Work 
59590,Structural Works
59591,Reinforcement
59592,Office Consumables 
59593,Manpower
59594,Painting Work 
59595,Office Expenses
59596,Block Work
59597,Block Work
59598,Draftsmen
59599,Draftsmen
59600,Draftsmen
59601,Draftsmen
59602,Draftsmen
59603,Draftsmen
59604,Draftsmen
59605,Draftsmen
59606,Draftsmen
59607,Draftsmen
59608,Tyres
59609,Office Consumables 
59610,Refreshments
59611,Insurance
59612,Geotechnical Report
59613,Gypsum Works
59614,Geotechnical Report
59615,Geotechnical Report
59616,Office Consumables 
59617,Sundries
59618,Geotechnical Report
59619,Sundries
59620,Sundries
59621,Material
59622,Precast Concrete
59623,Electrical
59624,Insurance
59625,Precast Concrete
59626,Administrative Fees 
59627,Other Expenses
59628,Fire Fighting
59629,Fire Fighting
59630,Immigration Fees
59631,Other Expenses
59632,Sundries
59633,Insurance
59634,Gypsum Works
59635,Sundries
59636,Pipes
59637,Other Expenses
59638,Manpower
59665,Vehicle & Equipment
59666,Sundries
59667,Sundries
59668,Office Expenses
59669,Office Consumables 
59670,MEP Material
59671,Gypsum Works
59672,Site Consumables 
59673,Fire Fighting
59674,Cables & Wires
59675,Sundries
59676,Tanks
59677,Plant
59678,Electrical
59679,Insurance
59680,Office Expenses
59681,Gypsum Works
59682,Insurance
59683,Insurance
59684,Insurance
59685,Ironmongery
59686,Tyres
59687,Tyres
59688,
59689,Insurance
59690,Refreshments
59691,Coring Works
59692,Infrastructure 
59693,Gypsum 
59694,Cement 
59695,Water Supply
59696,Block Work
59697,Block Work
59698,Cement 
59699,Tyres
59700,Vehicle & Equipment
59701,Dewatering
59702,Sundries
59703,Electrician 
59704,Gypsum Works
59705,Gypsum Works
59706,Electrical
59707,Manpower
59708,Dewatering
59710,Parts
59711,Gypsum Works
59712,Pipes
59713,Ironmongery
59714,Gypsum Works
59715,Water Supply
59716,Sundries
59717,Epoxy
59718,Immigration Fees
59719,Electrical
59720,Parts
59721,
59722,Plant
59723,Office Consumables 
59724,Plant
59725,Refreshments
59726,Plant
59727,Parts
59728,Transformer
59729,Transformer
59730,Sundries
59731,Sundries
59732,Infrastructure 
59733,Vehicle & Equipment
59734,Softscape (Landscape)
59735,Vehicle & Equipment
59736,Plant
59738,Erection
59740,Office Consumables 
59741,Cement 
59742,Insurance
59743,Office Consumables 
59744,Gypsum Works
59745,Ironmongery
59746,Parts
59747,Reinforcement
59749,Refreshments
59750,Manpower
59751,Sundries
59752,Sundries
59754,Gypsum Work
59755,Infrastructure 
59756,Electrical
59757,Tyres
59758,Concrete 
59759,Precast Concrete
59760,Electrician 
59761,Dewatering
59762,Tyres
59763,Tyres
59764,Gypsum Works
59765,Waterproofing
59766,Gypsum Works
59767,Gypsum Works
59768,Sundries
59769,Incentives
59770,Miscellaneous
59771,Sundries
59772,Sundries
59773,Insurance
59774,Tyres
59775,Vehicle & Equipment
59776,Insurance
59777,Gypsum Works
59778,Fire Fighting Materials
59779,Tyres
59780,Rubber
59781,Gypsum Works
59782,Refreshments
59783,Office Expenses
59784,Tanks
59785,Swimming Pool 
59786,Electrical
59787,Gypsum Works
59788,Office Expenses
59789,Geotechnical Report
59790,Cladding Work 
59791,Gypsum 
59792,Ironmongery
59793,Precast
59794,Immigration Fees
59795,Immigration Fees
59796,Other Expenses
59797,Manpower
59798,Other Expenses
59799,MEP Material
59800,Other Expenses
59801,Geotechnical Report
59802,Other Expenses
59803,Immigration Fees
59804,Administrative Fees 
59805,Immigration Fees
59806,Site Related Fees
59807,Other Expenses
59808,Immigration Fees
59809,Other Expenses
59810,Other Expenses
59811,Other Expenses
59812,Other Expenses
59813,Gypsum Works
59814,Manpower
59815,Sundries
59816,Geotechnical Report
59817,Gypsum Works
59818,Medical Fees 
59819,Gypsum 
59820,Insurance
59821,Manpower
59822,Manpower
59823,Manpower
59824,Manpower
59825,Manpower
59826,Manpower
59827,Manpower
59828,Manpower
59830,Manpower
59831,Rebar
59832,Manpower
59833,Erection
59834,Vehicle & Equipment
59835,MEP Material
59836,Refreshments
59837,Manholes/Gratings
59838,Sundries
59839,Concrete 
59840,Sundries
59841,Miscellaneous
59842,Gypsum Works
59843,Sundries
59844,Office Expenses
59845,Sundries
59846,Gypsum Works
59847,Miscellaneous
59848,Fire Fighting Materials
59849,Infrastructure 
59850,Office Expenses
59851,Electrical
59852,Cables & Wires
59853,Transformer
59854,Electrical
59857,Electrician 
59858,Tyres
59859,Consumables
59860,Consumables
59861,Insurance
59862,Vehicle & Equipment
59863,Office Consumables 
59864,Plant
59865,Vehicle & Equipment
59866,Erection
59868,Vehicle & Equipment
59869,Insurance
59870,Vehicle & Equipment
59871,Electrical
59872,Gypsum Works
59873,Office Expenses
59874,Gypsum Works
59875,Electrical
59876,Sundries
59877,Gypsum Works
59878,Gypsum Works
59880,Vehicle & Equipment
59881,Electrical
59882,Transformer
59883,Sundries
59884,Insurance
59886,Insurance
59887,Electrical
59888,Insurance
59889,Insurance
59890,Insurance
59891,Sundries
59892,Insurance
59893,Insurance
59894,Insurance
59895,External Manpower
59896,Insurance
59897,Electrician 
59898,Vehicle & Equipment
59899,Manpower
59900,Vehicle & Equipment
59901,Office Consumables 
59902,Electrical Works
59903,Office Expenses
59904,Vehicle & Equipment
59905,Fees 
59906,Vehicle & Equipment
59907,Electrical
59908,Office Expenses
59909,Vehicle & Equipment
59910,Vehicle & Equipment
59911,Insurance
59913,Insurance
59914,Site Consumables 
59915,Electrical
59916,Insurance
59917,Charge
59918,Fire Fighting
59919,Insurance
59920,Blinds
59921,Vehicle & Equipment
59922,Vehicle & Equipment
59923,Vehicle & Equipment
59924,Insurance
59925,Vehicle & Equipment
59926,Vehicle & Equipment
59927,Swimming Pool 
59928,Geotechnical Report
59929,Geotechnical Report
59930,Gypsum Works
59931,Gypsum Works
59932,
59933,Miscellaneous
59934,Refreshments
59935,Tyres
59936,Flooring
59937,Refreshments
59938,Manpower
59939,Precast
59940,Manpower
59941,Roadworks
59943,Insurance
59944,Gypsum Works
59945,Water Supply
59946,Miscellaneous
59947,Blinds
59948,Electrical
59949,Manpower
59950,Painting Works
59951,Geotechnical Report
59952,Office Consumables 
59953,Geotechnical Report
59954,Office Expenses
59955,Insurance
59956,Sundries
59957,Manpower
59958,Geotechnical Report
59959,Elevator / Escalator / Conveyor Belt
59960,Sundries
59962,Geotechnical Report
59963,Cables & Wires
59964,Sundries
59965,Consumables
59966,Gypsum Works
59967,Electrician 
59968,Block
59969,Incentives
59970,Incentives
59971,Electrician 
59972,Insurance
59973,Incentives
59974,Insurance
59975,Insurance
59976,Cables & Wires
59977,Electrical
59978,Insurance
59979,Electrician 
59980,Consumables
59981,Office Consumables 
59982,Ironmongery
59983,Miscellaneous
59984,Pipes
59985,MEP
59986,Office Consumables 
59987,Gypsum Works
59988,Gypsum Works
59989,Refreshments
59990,Sundries
59991,Manpower
59992,Vehicle & Equipment
59993,MEP
59994,Insurance
59995,Gypsum Works
59996,Office Expenses
59997,Sundries
59998,Sundries
59999,Gypsum Works
60000,Ironmongery
60001,Sundries
60002,Electrical
60003,Fire Fighting
60004,Infrastructure 
60005,Office Expenses
60006,Office Consumables 
60007,Site Consumables 
60008,Gypsum Works
60009,Elevator / Escalator / Conveyor Belt
60011,Tyres
60012,Sundries
60013,Electrician 
60014,Manpower
60015,Water Supply
60016,Block
60017,Pipes
60018,Gypsum Works
60019,Water Supply
60020,Refreshments
60021,Plant
60022,Pipes
60023,Office Expenses
60024,Vehicle & Equipment
60025,Cables & Wires
60026,Electrical
60027,Site Consumables 
60028,Insurance
60029,Office Expenses
60030,Electrical
60031,Tyres
60032,Charge
60033,Electrical
60034,Tyres
60035,Gypsum Works
60036,Gypsum Works
60037,Façade
60038,Gypsum Works
60039,Site Consumables 
60040,Drainage 
60041,Plant
60042,Reinforcement
60043,Office Consumables 
60044,Sundries
60045,Consumables
60046,Consumables
60047,Façade
60048,Consumables
60049,Consumables
60050,Consumables
60051,Consumables
60052,Consumables
60053,Consumables
60054,Consumables
60055,Consumables
60056,Consumables
60057,Consumables
60058,Gypsum Works
60059,Cables & Wires
60060,Transformer
60061,Consumables
60062,Transformer
60063,Electrical
60064,Manpower
60065,Precast Concrete
60066,Electrical
60067,Office Expenses
60068,Cables & Wires
60069,Electrician 
60070,Tanks
60071,Heaters
60072,Manpower
60074,Vehicle & Equipment
60075,Softscape (Landscape)
60076,Tyres
60077,Parts
60078,Parts
60079,Insurance
60080,Formwork
60081,Vehicle & Equipment
60082,Reinforcement
60083,Office Expenses
60084,Insurance
60085,Electrical
60086,Insurance
60087,Vehicle & Equipment
60088,Vehicle & Equipment
60089,Sundries
60090,Electrical
60091,Miscellaneous
60092,Legal Fees 
60093,Sundries
60094,Insurance
60095,Softscape (Landscape)
60096,Swimming Pool 
60097,Gypsum 
60098,Sundries
60099,Gypsum Works
60100,Fees 
60101,Sundries
60102,Office Expenses
60103,Gypsum Works
60104,Ironmongery
60105,Gypsum Works
60106,Gypsum Works
60107,Refreshments
60108,MEP
60109,Gypsum Works
60110,Site Consumables 
60111,Manholes/Gratings
60112,Consulting Fees 
60113,Office Consumables 
60114,Manpower
60115,Gypsum Works
60116,Geotechnical Report
60117,Geotechnical Report
60118,MEP Material
60119,Geotechnical Report
60120,Refreshments
60121,Rubber
60122,Electrical
60123,Geotechnical Report
60125,Geotechnical Report
60126,Tyres
60127,Tyres
60128,Gypsum Works
60129,Infrastructure 
60130,Insurance
60131,Insurance
60134,Gypsum Works
60135,Parts
60136,Site Consumables 
60137,Tyres
60138,Rebar
60139,Refreshments
60140,Miscellaneous
60141,Office Consumables 
60142,Precast Concrete
60143,MEP
60144,Sundries
60145,Manpower
60146,Medical Fees 
60147,Sundries
60148,Manpower
60149,MEP Material
60150,Office Expenses
60151,Fees 
60152,Office Expenses
60153,Manpower
60154,Electrician 
60155,Sundries
60156,Site Consumables 
60157,Refreshments
60158,Insurance
60159,Office Consumables 
60160,Electrical
60161,Electrical Works
60162,Painting Work 
60163,Plaster Work
60164,Unskilled Labour
60165,Structural Works
60166,Reinforcement
60167,Structural Works
60168,Structural Works
60169,Painting Work 
60170,Block Work
60171,Block Work
60172,Reinforcement
60173,Cladding Work 
60174,Plaster Work
60175,Painting Work 
60176,Reinforcement
60177,Cladding Work 
60178,Structural Works
60179,Block Work
60180,Painting Work 
60181,Painting Work 
60182,Painting Work 
60183,Sundries
60184,MEP
60185,Vehicle & Equipment
60186,Blinds
60187,Gypsum Works
60188,Pipes
60189,Plant
60190,Miscellaneous
60191,Ironmongery
60192,Precast Concrete
60193,Miscellaneous
60194,Site Consumables 
60195,Electrical
60196,Miscellaneous
60197,Office Consumables 
60198,Sundries
60199,Refreshments
60200,Plant
60201,Shuttering Carpentry
60202,Geotechnical Report
60203,Geotechnical Report
60204,Vehicle & Equipment
60205,Charge
60206,Manpower
60207,Gypsum Works
60208,Geotechnical Report
60209,Infrastructure 
60210,Sundries
60211,Geotechnical Report
60212,Precast Concrete
60213,Incentives
60214,Insurance
60215,Insurance
60216,Refreshments
60217,Office Consumables 
60218,Tyres
60219,Office Consumables 
60220,Pipes
60222,Electrical
60223,Office Consumables 
60224,Façade
60225,Charge
60226,Rebar
60227,Block
60228,Electrical
60230,Transformer
60231,Vehicle & Equipment
60233,Sundries
60234,Softscape (Landscape)
60235,Site Consumables 
60236,Sundries
60237,Electrical
60238,Consumables
60239,Softscape (Landscape)
60241,Gypsum Works
60242,Ironmongery
60243,Electrical
60244,Sundries
60245,Gypsum Works
60246,Refreshments
60247,Gypsum Works
60248,Electrician 
60249,Vehicle & Equipment
60250,Sundries
60251,Office Expenses
60252,Refreshments
60253,Vehicle & Equipment
60254,Insurance
60255,Precast Concrete
60256,Refreshments
60257,Gypsum Works
60258,Electrical
60260,Insurance
60261,Electrician 
60262,Insurance
60263,Sundries
60264,Swimming Pool 
60265,Tyres
60266,Electrical
60267,Charge
60268,Electrical
60269,Gypsum Works
60270,Electrician 
60271,Pipes
60272,Charge
60273,Charge
60274,Charge
60275,Charge
60276,Electrical
60277,Draftsmen
60278,Draftsmen
60279,Draftsmen
60280,Draftsmen
60281,Draftsmen
60282,Draftsmen
60283,Draftsmen
60284,Draftsmen
60285,Draftsmen
60286,Draftsmen
60287,Blinds
60288,Electrical
60289,Electrical
60290,MEP Material
60291,Parts
60292,Office Expenses
60293,Parts
60294,HSE
60295,HVAC 
60296,Office Consumables 
60297,Office Consumables 
60298,Manpower
60299,Manpower
60300,Sundries
60301,Sundries
60302,Swimming Pool 
60303,Refreshments
60304,Infrastructure 
60305,Insurance
60306,Electrician 
60307,Gypsum Works
60308,Office Consumables 
60309,Site Consumables 
60310,Pipes
60311,Gypsum Works
60312,Gypsum Works
60313,Gypsum Works
60314,Sundries
60315,Sundries
60316,Office Expenses
60317,Manpower
60318,Office Expenses
60319,Insurance
60320,Electrician 
60321,Refreshments
60322,Office Consumables 
60323,Gypsum Works
60324,Gypsum Works
60325,Manpower
60326,Manpower
60327,Manpower
60328,Manpower
60329,Manpower
60330,Manpower
60331,Electrical
60332,Office Consumables 
60333,Vehicle & Equipment
60334,Insurance
60335,Vehicle & Equipment
60336,Office Expenses
60337,Office Expenses
60338,Sundries
60339,Material
60340,Miscellaneous
60341,Miscellaneous
60342,Vehicle & Equipment
60343,Miscellaneous
60344,Electrical
60345,Insurance
60346,MEP Material
60347,Vehicle & Equipment
60348,Bank Charges
60350,Bank Charges
60351,Bank Charges
60352,Bank Charges
60354,Office Consumables 
60355,Manpower
60356,Sundries
60357,Refreshments
60358,Geotechnical Report
60360,Geotechnical Report
60362,Precast Concrete
60364,Heaters
60365,Geotechnical Report
60366,Geotechnical Report
60367,Geotechnical Report
60368,Geotechnical Report
60369,Office Expenses
60370,Electrician 
60371,Signage
60372,Refreshments
60373,Refreshments
60374,Fire Fighting
60375,Plant
60376,Other Expenses
60377,Plant
60378,Site Related Fees
60379,Other Expenses
60380,Office Expenses
60381,Other Expenses
60382,Manpower
60383,Immigration Fees
60384,Other Expenses
60385,Other Expenses
60386,Other Expenses
60387,Other Expenses
60388,Other Expenses
60389,Other Expenses
60390,Other Expenses
60391,Other Expenses
60392,Immigration Fees
60393,Other Expenses
60394,LPG
60395,Charge
60396,Fire Fighting Materials
60397,MEP Material
60398,Charge
60399,Charge
60400,Charge
60401,Charge
60403,Infrastructure 
60404,Shuttering Carpentry
60405,Insurance
60406,Miscellaneous
60407,Gypsum Works
60408,Office Consumables 
60409,Office Expenses
60410,Insurance
60411,MEP Material
60412,Manpower
60413,Precast Concrete
60414,Office Expenses
60415,Charge
60416,Charge
60417,Vehicle & Equipment
60418,Electrical
60419,Electrical
60420,Electrical
60421,Bank Charges
60422,Bank Charges
60423,Legal Fees 
60424,Precast Concrete
60426,Heaters
60427,Manpower
60428,Gypsum Works
60429,Sundries
60430,Painting Works
60432,Insurance
60433,Cement 
60434,Consumables
60435,Consumables
60436,Consumables
60437,Consumables
60438,Consumables
60439,Consumables
60440,Consumables
60441,Consumables
60442,Consumables
60443,Consumables
60444,Consumables
60445,Consumables
60446,Consumables
60447,Consumables
60448,Gypsum Works
60449,Pipes
60450,MEP Material
60451,Consumables
60452,Electrical
60453,Sundries
60454,Drainage 
60455,Tyres
60456,Refreshments
60457,Infrastructure 
60458,Rebar
60459,Dewatering
60460,MEP Material
60461,Sundries
60462,Plant
60463,Plant
60464,Plant
60465,Gypsum Works
60466,Gypsum Works
60467,Office Expenses
60468,Gypsum Works
60469,Gypsum Works
60470,Electrician 
60471,Sundries
60472,Cement 
60473,Legal Fees 
60474,Insurance
60475,Precast Concrete
60476,Gypsum Works
60478,Cement 
60479,Office Expenses
60480,Insurance
60481,Infrastructure 
60482,Sundries
60483,Tyres
60484,Office Expenses
60485,Office Expenses
60486,Sundries
60487,Manholes/Gratings
60488,Gypsum Works
60489,HVAC 
60490,Sundries
60491,Electrical
60492,Fees 
60493,Insurance
60494,Charge
60495,Tyres
60496,Water Supply
60497,Refreshments
60498,Tyres
60499,Fire Alarm
60500,Parts
60501,Electrical
60503,Electrician 
60504,Unskilled Labour
60505,Gypsum Works
60507,Geotechnical Report
60508,Geotechnical Report
60509,Office Consumables 
60510,Gypsum Works
60511,Office Consumables 
60512,Fire Fighting
60513,Geotechnical Report
60515,Insurance
60516,Vehicle & Equipment
60517,Manpower
60518,PEB
60519,Electrical
60520,Gypsum Works
60521,Insurance
60522,Office Consumables 
60523,Water Supply
60524,Parts
60525,Gypsum 
60526,Electrician 
60527,Fire Fighting
60528,Sundries
60529,Insurance
60530,Vehicle & Equipment
60531,HVAC 
60532,Sundries
60533,Insurance
60534,Plant
60535,Plant
60536,Electrical
60537,Electrical
60538,Fire Fighting Materials
60539,Insurance
60540,Insurance
60541,Site Consumables 
60542,Insurance
60543,Manpower
60544,Sundries
60545,Tyres
60546,Electrical Works
60547,Office Consumables 
60548,Manpower
60549,Office Consumables 
60550,Erection
60551,Insurance
60552,Insurance
60553,Insurance
60554,Charge
60555,Elevator / Escalator / Conveyor Belt
60556,Insurance
60557,HVAC 
60558,Gypsum Works
60559,Insurance
60560,Manpower
60561,Sundries
60562,Insurance
60564,Tyres
60565,Medical Fees 
60566,Parts
60567,Vehicle & Equipment
60568,Dewatering
60569,Manpower
60570,Office Consumables 
60571,Electrical
60572,Consumables
60573,Electrical
60574,Insurance
60575,Sundries
60576,Softscape (Landscape)
60578,Consumables
60579,Manpower
60580,Vehicle & Equipment
60581,Office Consumables 
60582,Miscellaneous
60583,Insurance
60584,Moziac
60585,Softscape (Landscape)
60586,Parts
60587,Office Consumables 
60588,PEB
60589,Site Consumables 
60590,MEP
60591,Insurance
60592,Office Consumables 
60593,Water Supply
60594,Office Expenses
60595,Consumables
60596,MEP Material
60597,Ironmongery
60598,Medical Fees 
60600,Geotechnical Report
60601,Geotechnical Report
60602,Consumables
60603,Geotechnical Report
60604,Vehicle & Equipment
60605,Tyres
60606,Manpower
60607,Tyres
60608,Meters
60609,Refreshments
60610,Moziac
60611,Plant
60612,Medical Fees 
60613,Parts
60614,Plant
60615,Water Supply
60616,Excavation
60617,External Manpower
60618,Electrical
60619,Gypsum Works
60620,Vehicle & Equipment
60621,Vehicle & Equipment
60622,Sundries
60623,Office Expenses
60624,Electrician 
60625,Parts
60626,Parts
60627,Office Consumables 
60628,Site Consumables 
60629,Sundries
60630,MEP
60631,Sundries
60632,Manpower
60634,Gypsum Works
60635,Insurance
60636,Office Consumables 
60638,Insurance
60639,Insurance
60640,Insurance
60641,Manpower
60642,Gypsum Works
60643,Sundries
60644,Gypsum Works
60645,Insurance
60646,PEB
60647,Electrical
60648,Waterproofing work
60649,Office Consumables 
60650,Tyres
60651,Gypsum Works
60652,Manpower
60654,Office Expenses
60656,Gypsum Works
60657,Gypsum Works
60658,Refreshments
60659,Tyres
60660,Unskilled Labour
60661,Structural Works
60662,Cladding Work 
60663,Reinforcement
60664,Painting Work 
60665,Painting Work 
60666,Block Work
60667,Block Work
60668,Reinforcement
60669,External Manpower
60670,Plaster Work
60671,Reinforcement
60672,Block Work
60673,Cluster Block Work
60674,Interlock Work
60675,Cluster Block Work
60676,Painting Work 
60677,Insurance
60678,Interlock Work
60679,Office Expenses
60680,Reinforcement
60681,Block Work
60682,Unskilled Labour
60683,Cladding Work 
60684,Parts
60685,Tyres
60686,Office Consumables 
60687,Plant
60688,Plant
60689,Office Consumables 
60690,Precast Concrete
60691,Medical Fees 
60692,Vehicle Related Fees
60693,Excavation
60694,Refreshments
60695,Ironmongery
60696,Swimming Pool 
60697,Manpower
60698,Precast Concrete
60699,Tyres
60700,Formwork
60701,Manpower
60703,Electrician 
60704,Draftsmen
60705,Draftsmen
60706,Draftsmen
60707,Insurance
60708,Draftsmen
60709,Draftsmen
60710,Draftsmen
60711,Draftsmen
60712,Draftsmen
60713,Draftsmen
60714,Draftsmen
60715,Precast Concrete
60716,Electrical
60717,Insurance
60718,Plant
60719,Manpower
60720,Insurance
60721,Consulting Fees 
60722,Vehicle & Equipment
60723,Refreshments
60724,Office Consumables 
60726,External Manpower
60727,Formwork
60728,Precast Concrete
60729,Gypsum Works
60730,Tyres
60731,Electrical
60732,Gypsum Works
60733,Electrical
60734,Electrical
60735,Miscellaneous
60736,Office Consumables 
60737,Electrical
60738,
60739,Infrastructure 
60740,Office Consumables 
60741,Sundries
60742,Refreshments
60743,Insurance
60744,Gypsum Works
60745,Concrete 
60746,Charge
60747,Transformer
60748,Charge
60749,Charge
60750,Charge
60751,Charge
60752,Charge
60753,Electrician 
60754,Gypsum Works
60755,Gypsum Works
60756,Tyres
60757,Office Expenses
60758,Pipes
60759,Plant
60760,Tyres
60761,Miscellaneous
60762,Other Expenses
60763,Sundries
60764,Ironmongery
60765,Precast Concrete
60766,Rebar
60767,Gypsum Works
60768,Electrical
60769,Transformer
60770,Gypsum Works
60771,Tyres
60772,Insurance
60774,Vehicle & Equipment
60775,Sundries
60776,Insurance
60777,Electrician 
60778,Ironmongery
60779,Precast
60780,Cement 
60781,Insurance
60783,Consumables
60784,Gypsum Works
60785,Office Consumables 
60786,Gypsum Works
60787,Insurance
60788,Office Consumables 
60789,Sundries
60791,Insurance
60792,Office Consumables 
60793,Miscellaneous
60794,Insurance
60795,Miscellaneous
60796,Incentives
60797,Parts
60798,Gypsum Works
60799,Manpower
60800,Electrical
60801,Gypsum Works
60802,Gypsum Works
60803,Block
60804,Gypsum Works
60805,Block
60806,Insurance
60807,Insurance
60808,Other Expenses
60809,Immigration Fees
60810,Other Expenses
60811,Immigration Fees
60812,Other Expenses
60813,Water Supply
60815,Other Expenses
60816,Immigration Fees
60817,Immigration Fees
60818,Immigration Fees
60819,Other Expenses
60820,Other Expenses
60821,Other Expenses
60822,Rebar
60823,Refreshments
60824,Fire Fighting
60825,Immigration Fees
60826,Other Expenses
60827,Fire Fighting
60828,Immigration Fees
60829,Other Expenses
60830,Immigration Fees
60831,Immigration Fees
60832,Immigration Fees
60833,Other Expenses
60834,Other Expenses
60835,Manpower
60836,Manpower
60837,Manpower
60838,Manpower
60839,Manpower
60841,Manpower
60842,Consumables
60843,Manpower
60844,Manpower
60845,Ironmongery
60848,MEP
60850,Consumables
60851,Pipes
60852,Refreshments
60853,Gypsum Works
60854,Insurance
60855,Parts
60856,MEP
60857,Tyres
60858,Meters
60859,Flooring
60860,Internal Work
60861,MEP
60863,Tyres
60864,
60865,MEP Material
60866,Electrical
60867,Fire Fighting
60868,Office Expenses
60869,Tanks
60870,Sundries
60872,Block
60873,Swimming Pool 
60874,Manpower
60875,Office Consumables 
60877,Manpower
60878,Ironmongery
60879,Gypsum Works
60881,Sundries
60882,Charge
60883,Charge
60884,Charge
60885,Charge
60886,Manpower
60887,Charge
60888,Charge
60889,Charge
60890,Charge
60891,Manpower
60892,Bank Charges
60893,Office Expenses
60895,Electrician 
60896,Office Consumables 
60897,Swimming Pool 
60898,Electrical
60899,Office Consumables 
60900,Insurance
60901,Insurance
60902,MEP
60903,External Manpower
60904,Material
60907,Parts
60908,Electrical
60909,Manpower
60911,Parts
60912,Office Consumables 
60913,Cables & Wires
60914,Sundries
60915,Sundries
60916,Insurance
60917,MEP Material
60918,MEP Material
60919,Office Consumables 
60920,Pipes
60921,Vehicle & Equipment
60922,Vehicle & Equipment
60923,Electrician 
60924,Insurance
60925,Gypsum Works
60926,Ironmongery
60927,Formwork
60928,Gypsum Works
60929,Office Consumables 
60930,Miscellaneous
60931,Office Expenses
60932,Office Expenses
60933,
60934,Manpower
60935,Consumables
60936,Consumables
60937,Consumables
60938,Consumables
60939,Consumables
60940,Consumables
60941,Sundries
60942,Consumables
60943,Electrical
60944,Consumables
60945,Consumables
60946,Bank Charges
60947,Consumables
60948,Consumables
60949,Consumables
60950,Consumables
60951,Consumables
60952,Consumables
60953,Consumables
60954,Refreshments
60955,Sundries
60956,Sundries
60957,Office Consumables 
60958,Office Consumables 
60959,Office Consumables 
60960,Refreshments
60961,Gypsum Works
60962,Gypsum Works
60963,Ironmongery
60964,Insurance
60965,Insurance
60966,Office Consumables 
60967,Pipes
60968,Manpower
60969,Refreshments
60970,Sundries
60971,Insurance
60972,Manpower
60973,Charge
60974,Insurance
60975,Vehicle & Equipment
60976,External Manpower
60977,Sundries
60978,Sundries
60979,Gypsum Works
60981,Gypsum 
60982,Gypsum Works
60983,MEP Material
60984,Insurance Fees 
60985,Blinds
60987,Tyres
60988,Tyres
60989,Immigration Fees
60990,Furniture
60991,Office Expenses
60992,Sundries
60993,Parts
60994,Parts
60995,Sundries
60996,Manpower
60997,Cables & Wires
60998,Miscellaneous
60999,Sundries
61000,LPG
61001,Fuel Tank Works
61002,Gypsum Works
61003,Gypsum Works
61004,Gypsum Works
61006,Geotechnical Report
61007,Blinds
61008,External Manpower
61009,Sundries
61010,Refreshments
61011,Vehicle & Equipment
61012,Formwork
61013,Manpower
61014,Manpower
61015,Manpower
61016,Geotechnical Report
61017,Office Consumables 
61018,Plant
61019,Sundries
61020,Miscellaneous
61021,MEP
61023,Geotechnical Report
61024,Precast
61025,Manpower
61026,Pipes
61027,Insurance
61028,Site Consumables 
61029,Vehicle & Equipment
61030,Electrical
61031,Gypsum Works
61032,Pipes
61033,Cables & Wires
61034,Consumables
61035,Insurance
61036,Insurance
61037,Parts
61038,Erection
61039,Bank Charges
61040,Office Consumables 
61041,Insurance
61042,Insurance
61043,Coring Works
61044,Insurance
61045,Office Consumables 
61046,Bank Charges
61047,Tyres
61048,Charge
61049,Insurance
61050,Site Related Fees
61051,Blinds
61053,Insurance
61054,Refreshments
61055,Insurance
61056,Sundries
61057,Erection
61058,Transformer
61059,Site Related Fees
61060,Site Related Fees
61061,Insurance
61062,Fire Alarm
61063,Refreshments
61064,Office Expenses
61066,Insurance
61067,Site Related Fees
61068,Tanks
61069,Sundries
61070,Sundries
61071,Site Related Fees
61072,Heaters
61073,Insurance
61075,Parts
61076,Insurance
61078,Parts
61079,Gypsum Works
61080,Insurance
61081,Legal Fees 
61082,Parts
61084,Plant
61085,Tyres
61086,Gypsum Works
61087,Fees 
61088,Legal Fees 
61089,LPG
61090,Charge
61091,Charge
61092,Sundries
61093,Insurance
61094,Vehicle & Equipment
61095,Miscellaneous
61096,Precast Concrete
61097,Sundries
61098,Rebar
61099,Pipes
61100,Office Expenses
61101,Office Consumables 
61102,Parts
61103,Insurance
61104,Infrastructure 
61105,Office Consumables 
61106,
61107,Rebar
61108,Electrical Works
61109,Electrician 
61110,Electrical
61111,Gypsum Works
61112,Gypsum Works
61113,Gypsum Works
61114,Tyres
61115,Gypsum Works
61116,Gypsum Works
61117,Legal Fees 
61119,HSE
61120,Insurance
61121,Miscellaneous
61122,Sundries
61123,Plant
61124,Vehicle & Equipment
61125,Signage
61126,Geotechnical Report
61127,Geotechnical Report
61128,Geotechnical Report
61129,Vehicle & Equipment
61130,Insurance
61131,Charge
61132,Gypsum Works
61133,LPG
61134,Insurance
61135,Tyres
61136,Legal Fees 
61137,Insurance
61138,Insurance
61139,Insurance
61140,Bank Charges
61141,Miscellaneous
61142,Cables & Wires
61143,Manpower
61144,Fire Alarm
61145,Insurance
61146,Vehicle & Equipment
61147,Insurance
61148,Office Consumables 
61149,Insurance
61150,Immigration Fees
61151,Precast
61152,Charge
61153,MEP Material
61154,Block
61155,Charge
61156,Roadworks
61157,Charge
61158,Consumables
61159,Charge
61160,Unskilled Labour
61161,Structural Works
61162,Cladding Work 
61163,Reinforcement
61164,Painting Work 
61165,Painting Work 
61166,Block Work
61167,Block Work
61168,Insurance
61169,Reinforcement
61170,Plaster Work
61171,External Manpower
61172,Cladding Work 
61173,Block Work
61174,Unskilled Labour
61175,Unskilled Labour
61176,Reinforcement
61177,Erection
61178,MEP
61179,Insurance
61180,Cables & Wires
61181,Insurance
61182,Office Expenses
61183,Swimming Pool 
61184,Roadworks
61185,Vehicle & Equipment
61186,Parts
61187,Office Consumables 
61188,Sundries
61189,Office Consumables 
61190,Vehicle & Equipment
61191,Office Consumables 
61192,Insurance
61193,Draftsmen
61194,Draftsmen
61195,Draftsmen
61196,Draftsmen
61197,Insurance
61198,MEP Material
61199,Legal Fees 
61200,Draftsmen
61201,Vehicle & Equipment
61202,Cables & Wires
61203,Legal Fees 
61204,Draftsmen
61205,Draftsmen
61206,Draftsmen
61207,Draftsmen
61208,Draftsmen
61209,Draftsmen
61210,Precast Concrete
61211,Miscellaneous
61212,Insurance
61213,Bank Charges
61214,Electrical Works
61215,Insurance
61216,Insurance
61217,Miscellaneous
61218,Office Expenses
61219,Cables & Wires
61220,Sundries
61221,Miscellaneous
61222,Internal Work
61223,Erection
61224,Insurance
61225,Gypsum Works
61227,Office Consumables 
61228,ELV 
61229,Miscellaneous
61230,Insurance
61231,Office Consumables 
61232,Vehicle & Equipment
61233,Office Consumables 
61234,Sundries
61236,Gypsum Works
61237,Insurance
61238,Plant
61239,Sundries
61240,Fire Fighting Materials
61241,Vehicle & Equipment
61242,Charge
61243,Elevator / Escalator / Conveyor Belt
61244,Electrician 
61245,Insurance
61246,Insurance
61247,Insurance
61248,Refreshments
61249,
61250,Material
61251,Pipes
61252,Site Related Fees
61253,Charge
61254,Refreshments
61255,Refreshments
61256,Refreshments
61258,Meters
61259,Tyres
61260,Rubber
61261,Sundries
61262,Charge
61263,Plant
61264,Tanks
61265,Tanks
61266,Electrical
61267,Cables & Wires
61268,Insurance
61269,Office Expenses
61270,Parts
61271,Sundries
61272,Gypsum Works
61273,Tyres
61277,Insurance
61278,Insurance
61279,Parts
61280,Insurance
61281,Insurance
61282,Insurance
61283,Erection
61284,Sundries
61285,Vehicle & Equipment
61286,Miscellaneous
61287,Site Related Fees
61288,Insurance
61289,Electrical
61290,Office Consumables 
61291,Gypsum Works
61292,Precast Concrete
61293,Sundries
61294,Legal Fees 
61295,Legal Fees 
61296,Geotechnical Report
61297,Geotechnical Report
61298,Geotechnical Report
61299,Geotechnical Report
61300,Geotechnical Report
61301,Geotechnical Report
61302,Geotechnical Report
61303,Geotechnical Report
61304,Geotechnical Report
61305,Consumables
61306,Geotechnical Report
61307,Geotechnical Report
61308,Cables & Wires
61309,Tyres
61310,Miscellaneous
61311,Tyres
61312,Insurance
61313,Sundries
61314,Gypsum Works
61315,Manpower
61316,Office Expenses
61317,Gypsum Works
61318,Gypsum Works
61319,Tyres
61320,Office Expenses
61321,Ironmongery
61322,Gypsum Works
61323,Vehicle & Equipment
61325,Erection
61326,Gypsum Works
61327,Sundries
61328,Electrical
61329,Immigration Fees
61330,Tyres
61331,Elevator / Escalator / Conveyor Belt
61332,Ironmongery
61333,Shuttering Carpentry
61334,Miscellaneous
61335,Swimming Pool 
61336,Office Expenses
61337,Insurance
61338,Refreshments
61339,Insurance
61340,Vehicle & Equipment
61341,Insurance
61342,Insurance
61343,Miscellaneous
61344,Vehicle & Equipment
61345,Plant
61346,MEP Material
61347,Refreshments
61348,Refreshments
61349,Tyres
61350,Tyres
61351,Painting Works
61352,Pipes
61353,Pipes
61354,Dewatering
61355,Immigration Fees
61356,Legal Fees 
61357,Concrete 
61358,Insurance
61359,Vehicle & Equipment
61360,Immigration Fees
61361,Electrician 
61362,Miscellaneous
61363,Insurance
61364,Insurance
61365,Insurance
61366,Gypsum Works
61367,Fees 
61368,Electrician 
61369,Office Expenses
61370,Moziac
61371,Other Expenses
61372,Other Expenses
61373,Other Expenses
61374,Other Expenses
61375,Immigration Fees
61376,Other Expenses
61377,Site Related Fees
61378,Immigration Fees
61379,Immigration Fees
61380,Other Expenses
61381,Immigration Fees
61382,Administrative Fees 
61383,Legal Fees 
61384,Immigration Fees
61385,Administrative Fees 
61386,Administrative Fees 
61387,Administrative Fees 
61390,Legal Fees 
61391,Other Expenses
61392,Administrative Fees 
61393,Administrative Fees 
61394,Other Expenses
61395,Immigration Fees
61396,Transformer
61397,Gypsum Works
61398,Administrative Fees 
61399,Immigration Fees
61400,Other Expenses
61401,Administrative Fees 
61402,Internal Work
61403,
61404,Manpower
61405,Office Consumables 
61406,MEP Material
61407,Sundries
61408,Epoxy
61409,Erection
61410,MEP Material
61411,Manpower
61412,Formwork
61413,Office Consumables 
61414,Gypsum Works
61416,Geotechnical Report
61417,Gypsum Works
61418,Sundries
61419,Geotechnical Report
61420,Sundries
61421,Sundries
61422,Geotechnical Report
61423,Geotechnical Report
61424,Charge
61425,Electrician 
61426,Refreshments
61428,Parts
61429,Coring Works
61430,Office Consumables 
61431,Sundries
61432,Precast Concrete
61433,Insurance
61434,Gypsum Works
61435,Plant
61436,Tyres
61437,HSE
61438,Geotechnical Report
61439,Manpower
61440,Manpower
61441,Manpower
61442,Manpower
61443,Manpower
61444,Manpower
61445,Manpower
61446,Insurance
61447,Manpower
61448,Insurance
61449,Insurance
61450,Insurance
61451,Insurance
61452,Office Expenses
61453,Sundries
61454,Gypsum Works
61455,Charge
61456,Charge
61457,Charge
61458,Charge
61459,Precast Concrete
61460,Charge
61462,Charge
61463,Manpower
61464,Transformer
61465,Insurance
61466,Refreshments
61467,MEP
61468,Office Consumables 
61469,Incentives
61470,Office Expenses
61471,Rebar
61472,Ironmongery
61473,Charge
61474,Tyres
61475,Vehicle & Equipment
61476,Vehicle & Equipment
61477,Plant
61478,Sundries
61479,Office Expenses
61480,Plant
61481,Office Consumables 
61482,Miscellaneous
61483,Material
61484,Vehicle & Equipment
61485,Insurance
61486,Office Consumables 
61487,Sundries
61488,Office Expenses
61489,Charge
61490,Painting Works
61491,Gypsum Works
61493,Office Expenses
61494,Gypsum Works
61495,Geotechnical Report
61496,Geotechnical Report
61497,Office Consumables 
61498,Incentives
61499,Medical Fees 
61500,Sundries
61501,Vehicle & Equipment
61502,Insurance
61503,Insurance
61504,Geotechnical Report
61505,Geotechnical Report
61506,Insurance
61507,Fees 
61509,Insurance
61510,Consumables
61511,Consumables
61512,Consumables
61513,Consumables
61514,Consumables
61515,Consumables
61516,Consumables
61517,Consumables
61518,Consumables
61520,Consumables
61521,Consumables
61522,
61523,Consumables
61524,Consumables
61525,Consumables
61526,Consumables
61527,Consumables
61529,Site Consumables 
61530,MEP Material
61531,Charge
61532,Rubber
61533,Material
61534,Erection
61535,Tyres
61536,Insurance
61537,Insurance
61538,Vehicle & Equipment
61540,Insurance
61541,Tyres
61542,Tyres
61543,Refreshments
61544,Refreshments
61545,Refreshments
61546,Refreshments
61547,Medical Fees 
61548,Medical Fees 
61549,Manpower
61550,Tyres
61551,Tyres
61552,Tyres
61553,Gypsum Works
61554,MEP Material
61555,Precast Concrete
61556,Gypsum Works
61557,Gypsum Works
61558,Electrician 
61559,Swimming Pool 
61560,Parts
61562,Manpower
61563,Electrical
61564,Transformer
61565,Manpower
61566,Manpower
61567,Fees 
61568,Sundries
61569,Vehicle & Equipment
61570,Office Consumables 
61571,
61573,Insurance
61574,Precast Concrete
61575,Precast Concrete
61576,Rubber
61578,Block Work
61580,Charge
61581,Material
61582,Charge
61583,Sundries
61584,Charge
61585,Charge
61586,Charge
61587,Charge
61588,Insurance
61589,MEP Material
61590,Cement 
61591,Swimming Pool 
61592,Façade
61593,Parts
61594,Miscellaneous
61595,Electrician 
61596,Swimming Pool 
61597,Legal Fees 
61598,Tyres
61599,Miscellaneous
61600,Fire Fighting
61601,Insurance
61602,Insurance
61603,Refreshments
61604,Office Consumables 
61605,Electrical
61606,Office Expenses
61607,Office Expenses
61608,Electrician 
61609,Pipes
61610,Ironmongery
61611,Miscellaneous
61612,Manpower
61613,Office Consumables 
61614,Office Expenses
61615,Office Consumables 
61616,Sundries
61617,Insurance
61618,Insurance
61619,Charge
61620,Electrical
61621,Parts
61622,Insurance
61623,Tyres
61625,Plant
61626,Manpower
61627,Sundries
61628,Insurance
61629,Geotechnical Report
61630,Geotechnical Report
61631,Gypsum Works
61632,Geotechnical Report
61633,Manpower
61634,Sundries
61635,Plant
61636,Gypsum Works
61637,Insurance
61638,Vehicle & Equipment
61639,Immigration Fees
61640,Insurance
61641,Insurance
61642,Tyres
61643,Legal Fees 
61644,Refreshments
61645,Tanks
61646,Insurance
61647,Insurance
61648,MEP Material
61649,Office Expenses
61650,Drainage 
61651,Manpower
61652,Shuttering Carpentry
61653,Painting Works
61654,Insurance
61655,Parts
61656,Parts
61657,Plant
61658,Erection
61659,Tyres
61660,Office Expenses
61661,Bank Charges
61662,Bank Charges
61663,Bank Charges
61664,Bank Charges
61665,Bank Charges
61666,Parts
61667,Office Expenses
61668,Gypsum Works
61669,Refreshments
61670,Gypsum Works
61671,LPG
61672,Gypsum Works
61673,Electrical
61675,Insurance
61676,Erection
61677,Charge
61678,Charge
61679,HVAC 
61680,Insurance
61681,Pipes
61682,Refreshments
61683,Refreshments
61684,Sundries
61685,Sundries
61687,Erection
61688,Pipes
61689,Tyres
61690,Gypsum Works
61691,Office Consumables 
61692,Gypsum Works
61693,Insurance
61694,Insurance
61695,Façade
61696,Office Consumables 
61697,Electrical
61698,Tyres
61699,Office Expenses
61700,Miscellaneous
61701,Vehicle & Equipment
61702,Pipes
61703,Plant
61704,Manpower
61705,MEP Material
61706,Gypsum Works
61707,Manpower
61708,Manpower
61709,Gypsum Works
61710,Manpower
61711,Geotechnical Report
61712,Geotechnical Report
61713,Geotechnical Report
61714,Insurance
61715,Office Expenses
61716,Office Expenses
61717,Insurance
61718,Electrical
61719,Vehicle & Equipment
61720,Plant
61722,Plant
61723,Fuel Tank Works
61724,Gypsum Works
61725,Sundries
61726,Gypsum Works
61727,Joinery
61729,Insurance
61730,Tyres
61731,Plant
61732,Plant
61733,Softscape (Landscape)
61734,Plant
61735,Insurance
61736,External Manpower
61737,Screed Work
61738,Manpower
61739,Tyres
61740,Plant
61741,Parts
61743,Tyres
61744,Softscape (Landscape)
61745,Vehicle & Equipment
61746,Material
61747,Office Consumables 
61748,Office Consumables 
61749,Cables & Wires
61750,Cables & Wires
61751,Office Consumables 
61752,Site Consumables 
61753,Plant
61754,Manpower
61755,Insurance
61756,Insurance
61757,Insurance
61758,Gypsum Works
61759,Sundries
61760,MEP Material
61762,Charge
61763,Charge
61764,Charge
61765,Manpower
61766,Plant
61767,Vehicle & Equipment
61768,Charge
61769,Charge
61770,Charge
61771,Charge
61772,Charge
61773,Charge
61774,LPG
61775,Cables & Wires
61776,Fees 
61777,Insurance
61778,Fees 
61779,Insurance
61780,Gypsum Works
61781,Ironmongery
61782,Site Consumables 
61783,Sundries
61784,Moziac
61785,Sundries
61786,Office Expenses
61787,Tyres
61788,Infrastructure 
61789,Office Consumables 
61790,Geotechnical Report
61791,Manpower
61792,Precast Concrete
61793,Geotechnical Report
61794,Office Consumables 
61795,Geotechnical Report
61796,Manpower
61797,Consulting Fees 
61798,Insurance
61799,Insurance
61800,Insurance
61801,Office Expenses
61802,Refreshments
61803,Tyres
61804,Manpower
61805,Tyres
61806,Insurance
61807,Insurance
61808,Gypsum Works
61809,Immigration Fees
61810,Unskilled Labour
61811,Structural Works
61812,Cladding Work 
61813,Reinforcement
61814,Painting Work 
61815,Painting Work 
61816,Block Work
61817,Block Work
61818,Reinforcement
61819,Plaster Work
61820,External Manpower
61821,Cladding Work 
61822,Structural Works
61823,Block Work
61824,Reinforcement
61825,Reinforcement
61826,Interlock Work
61827,Unskilled Labour
61828,Unskilled Labour
61829,Reinforcement
61830,Cluster Block Work
61831,Manpower
61832,Sundries
61833,Draftsmen
61834,Draftsmen
61835,Office Consumables 
61836,Gypsum Works
61837,Ironmongery
61838,Sundries
61839,Draftsmen
61840,Draftsmen
61841,Draftsmen
61842,Draftsmen
61843,Draftsmen
61844,Draftsmen
61845,Office Expenses
61846,Draftsmen
61847,Draftsmen
61848,Precast Concrete
61849,Coring Works
61850,Office Expenses
61851,Gypsum Works
61852,Gypsum Works
61853,Insurance
61854,Insurance
61855,Electrical
61856,Gypsum Works
61857,Gypsum Works
61858,Geotechnical Report
61859,Softscape (Landscape)
61860,Geotechnical Report
61861,Geotechnical Report
61862,Geotechnical Report
61863,Geotechnical Report
61864,Tyres
61865,Miscellaneous
61866,Precast Concrete
61867,Legal Fees 
61868,MEP Material
61869,Insurance
61870,Moziac
61871,Medical Fees 
61873,Gypsum Works
61874,Miscellaneous
61875,Vehicle & Equipment
61876,Gypsum Works
61877,Insurance
61878,Electrician 
61879,Tyres
61880,Pipes
61881,Gypsum Works
61882,Gypsum Works
61883,PEB
61884,Plant
61885,Gypsum Works
61886,Gypsum Works
61887,External Manpower
61888,Gypsum Works
61889,Office Consumables 
61890,Gypsum Works
61891,Façade
61892,Vehicle & Equipment
61893,MEP Material
61894,Tyres
61895,Internal Work
61896,Plant
61897,Gypsum Works
61898,Manpower
61899,Manpower
61900,Manpower
61901,Tyres
61902,Charge
61903,Tyres
61904,Legal Fees 
61905,Bank Charges
61906,Ironmongery
61907,Insurance
61908,Gypsum Works
61909,Miscellaneous
61910,Insurance
61911,Blinds
61912,Gypsum Works
61913,Electrical
61914,Cement 
61915,Cement 
61918,Gypsum Works
61919,Parts
61920,Elevator / Escalator / Conveyor Belt
61921,Plant
61922,Gypsum Works
61923,Office Consumables 
61924,Geotechnical Report
61925,Office Expenses
61926,Geotechnical Report
61927,Insurance
61928,Insurance
61929,Insurance
61930,Insurance
61931,Office Consumables 
61932,Office Consumables 
61933,Plant
61934,Plant
61935,Plant
61936,Heaters
61937,Office Expenses
61938,Office Consumables 
61939,Office Expenses
61940,Insurance
61941,Insurance
61942,Refreshments
61943,Gypsum Works
61944,Site Consumables 
61945,Excavation
61946,Plant
61947,Insurance
61948,Cement 
61949,Cement 
61950,Cement 
61951,Parts
61952,Legal Fees 
61953,MEP
61954,Tyres
61955,Plant
61956,Immigration Fees
61957,Plant
61958,Insurance
61959,Swimming Pool 
61960,Concrete 
61961,Office Expenses
61962,Office Expenses
61963,Concrete 
61964,Insurance
61965,Insurance
61966,Insurance
61967,Insurance
61968,Insurance
61969,Insurance
61970,Plant
61971,Plant
61972,Geotechnical Report
61973,Manpower
61974,Geotechnical Report
61975,Manpower
61976,Geotechnical Report
61977,Manpower
61978,Manpower
61979,Manpower
61980,Manpower
61981,Immigration Fees
61982,Medical Fees 
61983,Plant
61984,Erection
61985,MEP Material
61986,Insurance
61987,Precast Concrete
61988,Material
61989,Consumables
61990,Parts
61991,Pipes
61992,Consumables
61993,Consumables
61994,Consumables
61995,Consumables
61996,Block
61997,Consumables
61998,Consumables
61999,Consumables
62000,Consumables
62001,Consumables
62002,Consumables
62003,Consumables
62004,Consumables
62005,Consumables
62006,Consumables
62007,Consumables
62008,Consumables
62009,Consumables
62010,Sundries
62011,Plant
62012,Gypsum Works
62013,Sundries
62014,Elevator / Escalator / Conveyor Belt
62015,Gypsum Works
62016,Gypsum Works
62017,Insurance
62018,Precast Concrete
62019,Sundries
62020,Electrical
62021,Vehicle & Equipment
62022,Gypsum Works
62023,Insurance
62024,Office Expenses
62025,Erection
62026,Pipes
62027,Geotechnical Report
62028,Sundries
62029,Roadworks
62030,Plant
62031,Roadworks
62032,Roadworks
62033,Gypsum Works
62034,Gypsum Works
62035,Sundries
62036,Charge
62037,Sundries
62038,Infrastructure 
62039,Swimming Pool 
62040,Gypsum Works
62041,Electrician 
62042,Shuttering Carpentry
62043,Gypsum Works
62044,MEP Material
62045,Precast Concrete
62046,Insurance
62047,Insurance
62048,Manpower
62049,Plant
62050,Insurance
62051,Office Consumables 
62052,Manpower
62053,Office Consumables 
62054,Geotechnical Report
62055,Cables & Wires
62056,Water Supply
62057,Gypsum Works
62058,Insurance
62059,Office Consumables 
62060,Gypsum Works
62061,Insurance
62062,Electrical
62063,Medical Fees 
62064,Immigration Fees
62065,Immigration Fees
62066,Gypsum Works
62067,Other Expenses
62068,Administrative Fees 
62069,Other Expenses
62070,Site Related Fees
62071,Site Related Fees
62072,Administrative Fees 
62073,Refreshments
62074,Immigration Fees
62075,Other Expenses
62076,Immigration Fees
62077,Immigration Fees
62078,Other Expenses
62079,Site Related Fees
62080,Other Expenses
62081,Other Expenses
62082,Immigration Fees
62083,Other Expenses
62084,Other Expenses
62085,Insurance
62086,Insurance
62087,Office Expenses
62088,Plant
62089,Gypsum Works
62091,Office Consumables 
62092,Plant
62093,Erection
62094,Charge
62095,Sundries
62096,Charge
62097,Charge
62098,Charge
62099,Charge
62100,Charge
62101,Charge
62102,Charge
62103,Insurance
62104,Plant
62105,Insurance
62108,Plant
62109,Softscape (Landscape)
62110,Miscellaneous
62111,Office Consumables 
62112,Miscellaneous
62113,Office Expenses
62114,Tyres
62115,Plant
62116,Plant
62117,Ironmongery
62118,Tyres
62119,Insurance
62120,Block
62121,
62122,Plant
62123,Swimming Pool 
62124,Plant
62125,Plant
62126,Plant
62127,Electrical
62128,Incentives
62129,Plant
62130,Gypsum Works
62131,Gypsum Works
62132,Manpower
62133,Plant
62134,Plant
62135,Plant
62137,Plant
62138,Gypsum Works
62139,Miscellaneous
62140,Electrical
62141,Gypsum Works
62142,Miscellaneous
62143,Gypsum Works
62144,Office Consumables 
62145,Plant
62146,Office Expenses
62147,Manpower
62148,Sundries
62149,Sundries
62150,Electrical
62151,Insurance
62152,Insurance
62153,Insurance
62154,Insurance
62155,Refreshments
62156,Insurance
62157,Plant
62158,Insurance
62159,Insurance
62160,Geotechnical Report
62161,Geotechnical Report
62162,Geotechnical Report
62163,Cables & Wires
62164,Cement 
62165,Office Expenses
62166,Swimming Pool 
62167,Plant
62168,Plant
62169,Insurance
62171,Insurance
62172,Insurance
62173,Insurance
62174,Cement 
62175,Tyres
62176,Fire Alarm
62177,Plant
62178,Plant
62179,Gypsum Works
62180,Sundries
62181,Manpower
62182,Cement 
62183,Manpower
62184,Manpower
62185,Refreshments
62186,Plant
62187,Tyres
62188,Incentives
62189,Gypsum Works
62190,Tyres
62191,Gypsum 
62192,Infrastructure 
62193,Plant
62194,Electrical
62195,Electrical
62196,Gypsum Works
62197,Insurance
62198,Plant
62199,Precast Concrete
62200,Gypsum Works
62201,Electrical
62202,Gypsum Works
62203,MEP Material
62204,Sundries
62205,Tyres
62206,Incentives
62207,Insurance
62208,Refreshments
62209,Office Consumables 
62210,Gypsum Works
62211,Plant
62212,Insurance
62213,Insurance
62214,Plant
62216,Charge
62217,Charge
62218,Refreshments
62219,Plant
62220,Coring Works
62221,Coring Works
62222,MEP Material
62223,Office Expenses
62224,Sundries
62225,Sundries
62226,Formwork
62227,Gypsum Works
62228,Office Consumables 
62229,Sundries
62230,Gypsum Works
62231,Electrician 
62232,Geotechnical Report
62233,Vehicle & Equipment
62234,Electrical
62235,Site Consumables 
62236,Insurance
62237,Plant
62238,Painting Works
62239,MEP Material
62240,Concrete 
62241,MEP
62242,Tyres
62243,Sundries
62244,Tanks
62245,Sundries
62246,Elevator / Escalator / Conveyor Belt
62247,Backfilling
62248,Gypsum Works
62249,Elevator / Escalator / Conveyor Belt
62250,Insurance
62251,Insurance
62252,Site Consumables 
62253,Plant
62254,Plant
62255,Electrical
62256,Precast Concrete
62257,MEP Material
62258,Block
62259,Sundries
62260,Office Consumables 
62261,Ironmongery
62262,Formwork
62263,Electrician 
62264,Legal Fees 
62265,Electrical
62266,Material
62267,Gypsum Works
62268,Office Consumables 
62269,Sundries
62270,Electrical Works
62271,Gypsum Works
62272,Manpower
62273,Parts
62274,Formwork
62275,Office Consumables 
62276,Gypsum 
62277,Tyres
62279,Cables & Wires
62280,Tyres
62281,Refreshments
62282,Refreshments
62283,Insurance
62284,Plant
62285,Parts
62286,Infrastructure 
62287,Office Expenses
62288,Sundries
62289,MEP Material
62290,Unskilled Labour
62291,Structural Works
62292,Cladding Work 
62293,Reinforcement
62294,Painting Work 
62295,Painting Work 
62296,Block Work
62297,Block Work
62298,Reinforcement
62299,Plaster Work
62300,External Manpower
62301,Drainage 
62302,Cladding Work 
62303,Block Work
62304,Interlock Work
62305,Cluster Block Work
62307,Unskilled Labour
62308,Unskilled Labour
62309,Reinforcement
62310,Plaster Work
62311,Drainage 
62312,Painting Work 
62313,Electrical
62314,Electrical
62315,Insurance
62316,Charge
62317,Formwork
62318,Insurance
62319,Insurance
62320,Office Consumables 
62321,Gypsum Works
62322,Sundries
62323,Gypsum Works
62324,Gypsum Works
62325,Insurance
62326,Manpower
62327,Pipes
62328,MEP Material
62329,Electrical Works
62330,Office Expenses
62331,Gypsum Works
62332,Parts
62333,Incentives
62334,Metal Works
62335,Office Expenses
62336,Sundries
62337,Gypsum Works
62338,Miscellaneous
62339,Office Consumables 
62340,Miscellaneous
62341,Swimming Pool 
62342,Gypsum Works
62343,Office Expenses
62344,Precast Concrete
62345,Medical Fees 
62346,Fire Fighting
62347,Immigration Fees
62348,Site Consumables 
62349,Immigration Fees
62350,Insurance
62351,Plant
62352,Immigration Fees
62353,Insurance
62354,Insurance
62355,Precast Concrete
62356,Insurance
62357,Plant
62358,Plant
62359,Plant
62360,Insurance
62361,Erection
62362,Plant
62363,
62364,Vehicle & Equipment
62365,Immigration Fees
62366,Sundries
62367,Office Expenses
62369,Office Consumables 
62370,Electrical
62371,MEP
62372,Manpower
62373,Electrical Works
62374,Precast Concrete
62375,Electrician 
62376,Site Related Fees
62377,Geotechnical Report
62378,Geotechnical Report
62379,Geotechnical Report
62380,Gypsum Works
62381,Geotechnical Report
62382,Blinds
62383,Ironmongery
62384,Insurance
62385,Gypsum Works
62386,Geotechnical Report
62387,Insurance
62388,Insurance
62389,Erection
62390,Plant
62391,Insurance
62392,Signage
62393,Insurance
62394,Insurance
62395,Insurance
62396,Administrative Fees 
62397,Draftsmen
62398,Draftsmen
62399,Draftsmen
62400,Draftsmen
62401,Draftsmen
62402,Draftsmen
62403,Draftsmen
62404,Draftsmen
62405,Draftsmen
62406,Draftsmen
62407,Water Supply
62408,MEP Material
62409,Fire Fighting
62410,Water Supply
62411,Manpower
62412,Sundries
62413,Transformer
62414,Water Supply
62415,Gypsum Works
62416,Tyres
62417,Sundries
62418,Office Expenses
62419,Sundries
62420,Plant
62421,Plant
62422,MEP
62423,Manpower
62424,Tyres
62425,Insurance
62426,Insurance
62427,Office Consumables 
62428,Plant
62430,Cement 
62431,Office Expenses
62432,Cement 
62433,Plant
62434,Water Supply
62435,Manpower
62436,Office Expenses
62437,Sundries
62438,Tanks
62439,Parts
62440,MEP Material
62441,Tyres
62442,Cement 
62443,Geotechnical Report
62444,Geotechnical Report
62445,Geotechnical Report
62446,Geotechnical Report
62447,Geotechnical Report
62448,Insurance
62449,Insurance
62450,Insurance
62451,Insurance
62452,Material
62453,Gypsum Works
62454,Refreshments
62455,Immigration Fees
62456,Refreshments
62457,Refreshments
62458,Refreshments
62459,Refreshments
62460,Refreshments
62461,Refreshments
62462,Refreshments
62463,Refreshments
62464,Refreshments
62465,Refreshments
62466,Refreshments
62467,Refreshments
62468,Refreshments
62469,Refreshments
62470,Refreshments
62471,Refreshments
62472,Refreshments
62473,Refreshments
62474,Refreshments
62475,Gypsum Works
62476,Tyres
62477,Manpower
62478,Manpower
62479,Manpower
62480,Refreshments
62481,Refreshments
62482,Refreshments
62483,Refreshments
62484,Refreshments
62485,Refreshments
62486,Pipes
62487,Gypsum Works
62488,Precast Concrete
62489,Coring Works
62491,Plant
62492,Incentives
62493,Infrastructure 
62494,Gypsum Works
62495,Vehicle & Equipment
62496,Insurance
62497,Manpower
62498,Refreshments
62499,Charge
62500,Pipes
62501,Electrical
62502,Façade
62503,Sundries
62504,Refreshments
62505,Parts
62506,Cables & Wires
62507,Office Consumables 
62508,Plant
62509,Refreshments
62510,Medical Fees 
62511,Tanks
62512,Façade
62513,Sundries
62514,Office Consumables 
62515,Swimming Pool 
62516,Tyres
62517,Plant
62518,Precast Concrete
62519,Cement 
62520,Internal Work
62521,Formwork
62522,Tyres
62523,Gypsum Works
62524,Sundries
62525,Erection
62526,Transformer
62527,Tyres
62528,Electrical
62529,Tyres
62530,Insurance
62531,Plant
62532,Formwork
62533,Office Expenses
62534,Precast Concrete
62535,Plant
62536,Manpower
62537,Gypsum Works
62539,Precast Concrete
62540,Refreshments
62541,Plant
62542,Plant
62543,Sundries
62544,Insurance
62545,Tyres
62546,Insurance
62547,Parts
62548,Insurance
62549,Parts
62550,Manpower
62551,Infrastructure 
62552,Other Expenses
62553,Administrative Fees 
62554,Other Expenses
62555,Other Expenses
62556,Immigration Fees
62557,Immigration Fees
62558,Other Expenses
62559,Site Related Fees
62560,Other Expenses
62561,Immigration Fees
62562,Other Expenses
62563,Other Expenses
62564,Administrative Fees 
62565,Administrative Fees 
62566,Moziac
62567,Drainage 
62568,Tyres
62569,Tyres
62570,Cables & Wires
62571,Electrician 
62572,Gypsum Works
62573,Transformer
62574,Joinery
62575,Formwork
62576,Heaters
62577,Geotechnical Report
62578,Refreshments
62579,Immigration Fees
62580,Moziac
62581,Sundries
62582,Transformer
62583,Gypsum Works
62584,Gypsum Works
62585,Geotechnical Report
62586,Parts
62587,Legal Fees 
62588,Medical Fees 
62589,Medical Fees 
62590,Erection
62591,Insurance
62592,Insurance
62593,Sundries
62594,Tyres
62595,Erection
62596,Legal Fees 
62597,Legal Fees 
62598,Vehicle Related Fees
62599,Consumables
62600,Vehicle Related Fees
62601,Vehicle Related Fees
62602,Insurance
62603,Plant
62604,Office Consumables 
62605,Manpower
62606,Consumables
62607,Consumables
62608,Consumables
62609,Consumables
62610,Consumables
62611,Consumables
62612,Consumables
62613,Consumables
62614,Consumables
62615,Consumables
62616,Consumables
62617,Consumables
62618,Consumables
62619,Consumables
62620,Consumables
62621,Consumables
62622,Consumables
62623,Consumables
62624,Consumables
62625,Consumables
62626,Refreshments
62627,Administrative Fees 
62628,Refreshments
62629,Immigration Fees
62630,Administrative Fees 
62631,Other Expenses
62633,Gypsum Works
62634,Manpower
62635,Tyres
62636,Insurance
62637,Gypsum Works
62638,Insurance
62639,Manpower
62640,Vehicle & Equipment
62641,Precast Concrete
62642,Office Consumables 
62643,Refreshments
62644,Office Consumables 
62645,Swimming Pool 
62646,Electrician 
62647,Refreshments
62648,Refreshments
62649,Charge
62650,Office Expenses
62651,Insurance
62652,Tyres
62653,Tyres
62654,Metal Works
62655,Gypsum Works
62656,Office Expenses
62657,Tyres
62658,Plant
62659,Sundries
62660,Tyres
62661,Pipes
62662,Sundries
62663,Pipes
62664,Rubber
62665,Manpower
62666,MEP
62667,MEP
62668,Pipes
62669,Precast Concrete
62670,Sundries
62671,Gypsum Works
62672,Gypsum Works
62673,Sundries
62674,Precast Concrete
62675,Insurance
62676,Transformer
62677,Insurance
62678,Tyres
62679,Office Consumables 
62680,Office Expenses
62681,Insurance
62682,Insurance
62683,Sundries
62684,Plant
62685,Plant
62687,Insurance
62688,Manpower
62689,Insurance
62691,Precast Concrete
62692,Insurance
62693,Insurance
62694,Erection
62695,Plant
62696,Insurance
62697,Plant
62698,Immigration Fees
62699,Erection
62700,Plant
62701,Tyres
62702,Electrical
62703,Insurance
62704,Manpower
62705,Transformer
62706,Infrastructure 
62707,Office Expenses
62708,Geotechnical Report
62709,Geotechnical Report
62710,Geotechnical Report
62711,Electrician 
62712,Geotechnical Report
62713,Manpower
62714,Office Expenses
62715,Swimming Pool 
62716,Sundries
62717,Miscellaneous
62718,Miscellaneous
62719,Insurance
62720,Insurance
62721,Insurance
62722,Insurance
62723,Office Expenses
62724,Insurance
62725,Formwork
62726,Gypsum Works
62727,Insurance
62728,Insurance
62729,Insurance
62730,Gypsum Works
62731,Sundries
62732,Electrical
62733,Tyres
62734,Gypsum Works
62735,Manpower
62736,Manpower
62737,Manpower
62738,Manpower
62739,Manpower
62740,Manpower
62741,Office Consumables 
62742,Geotechnical Report
62743,Geotechnical Report
62744,Geotechnical Report
62745,Charge
62746,Charge
62747,Charge
62748,Charge
62749,Charge
62750,Charge
62751,Charge
62752,Precast Concrete
62753,Material
62754,Manpower
62755,Manpower
62756,Refreshments
62757,Refreshments
62758,Material
62759,Office Expenses
62760,Charge
62761,Ironmongery
62762,Plant
62763,Insurance
62764,Insurance
62765,Vehicle & Equipment
62766,Insurance
62767,Insurance
62768,Insurance
62769,MEP
62770,Electrician 
62771,Swimming Pool 
62772,Refreshments
62773,Refreshments
62774,Refreshments
62775,MEP Material
62776,Office Expenses
62777,Electrical
62778,Vehicle & Equipment
62779,Tyres
62780,MEP Material
62781,Gypsum Works
62782,Plumbing
62783,Electrical
62784,Gypsum Works
62785,Tyres
62786,Pipes
62787,Insurance
62788,Insurance
62789,Tyres
62790,Infrastructure 
62791,Insurance
62792,Precast Concrete
62793,Insurance
62794,Insurance
62795,Insurance
62796,Insurance
62797,Tyres
62798,PEB
62799,Electrical
62802,Electrical
62803,Manpower
62804,Office Expenses
62805,Manpower
62806,Blinds
62807,Refreshments
62808,Refreshments
62809,Tyres
62810,Concrete 
62811,Tyres
62812,Blinds
62813,Softscape (Landscape)
62814,Carpet
62815,Office Consumables 
62816,Manpower
62817,Miscellaneous
62818,Gypsum Works
62819,Office Expenses
62820,Gypsum 
62821,Gypsum Works
62822,Pipes
62823,Sundries
62824,Insurance
62825,Consumables
62826,Insurance
62827,Transformer
62828,Insurance
62829,Insurance
62830,Waterproofing
62831,External Manpower
62832,Plant
62833,Insurance
62834,Manpower
62835,Manpower
62836,Insurance
62837,Manholes/Gratings
62839,Plant
62840,Vehicle & Equipment
62841,Tyres
62842,Geotechnical Report
62843,Refreshments
62844,Geotechnical Report
62845,Precast Concrete
62846,Manpower
62847,Geotechnical Report
62848,Geotechnical Report
62849,Gypsum Works
62850,Sundries
62851,Miscellaneous
62852,Parts
62853,Gypsum Works
62854,Erection
62855,Sundries
62856,Gypsum Works
62857,Electrical
62858,Immigration Fees
62859,Office Consumables 
62860,Sundries
62861,Tyres
62863,Sundries
62864,Precast Concrete
62865,Insurance
62866,Insurance
62867,Ironmongery
62868,Parts
62869,MEP
62870,Parts
62871,Insurance
62872,Gypsum Works
62873,Electrical
62874,Gypsum Works
62875,MEP Material
62876,Office Consumables 
62877,Vehicle & Equipment
62878,Insurance
62879,Electrical
62880,Office Expenses
62881,Insurance
62882,Insurance
62883,Refreshments
62884,Administrative Fees 
62885,Office Consumables 
62886,Office Expenses
62887,Gypsum Works
62888,Precast Concrete
62889,Office Consumables 
62890,Office Consumables 
62891,Office Consumables 
62893,Administrative Fees 
62894,Unskilled Labour
62895,Structural Works
62896,Cladding Work 
62897,Reinforcement
62898,Painting Work 
62899,Painting Work 
62900,Block Work
62901,Block Work
62902,Reinforcement
62903,Plaster Work
62904,External Manpower
62905,Painting Work 
62906,Interlock Work
62907,Cluster Block Work
62908,Unskilled Labour
62909,Unskilled Labour
62910,Reinforcement
62911,Block Work
62912,Electrical
62913,Sundries
62914,Electrical
62915,Softscape (Landscape)
62916,Manpower
62917,Meters
62918,Incentives
62919,Manpower
62920,Gypsum Works
62921,Sundries
62922,Precast Concrete
62923,Electrical
62924,Sundries
62925,Office Consumables 
62926,Electrical
62927,Precast Concrete
62928,Electrical
62929,Gypsum Works
62930,Insurance
62931,Internal Work
62932,Gypsum Works
62933,Tyres
62934,Vehicle & Equipment
62935,Sundries
62936,Sundries
62937,Office Consumables 
62938,Manpower
62939,Plant
62940,Manpower
62941,Ironmongery
62942,Sundries
62943,Plant
62945,Plant
62946,Office Consumables 
62947,Manpower
62948,Formwork
62949,Sundries
62950,Gypsum Works
62951,Draftsmen
62952,Gypsum Works
62953,Draftsmen
62954,Draftsmen
62955,Draftsmen
62956,Draftsmen
62957,Draftsmen
62958,Consumables
62959,Draftsmen
62960,Draftsmen
62961,Draftsmen
62962,Draftsmen
62963,Plant
62964,Softscape (Landscape)
62965,Plant
62966,Tyres
62967,Office Consumables 
62968,Gypsum Works
62969,MEP Material
62970,Insurance
62971,Charge
62972,Plant
62973,Formwork
62974,Gypsum Works
62975,Epoxy
62976,Legal Fees 
62977,Gypsum 
62978,Insurance
62979,Sundries
62980,Office Consumables 
62981,Gypsum Works
62982,Ironmongery
62983,Formwork
62984,Softscape (Landscape)
62985,Ironmongery
62986,MEP Material
62987,Insurance
62988,Charge
62989,Refreshments
62990,Ironmongery
62991,Parts
62992,Gypsum Works
62993,PEB
62994,Tyres
62995,Manpower
62996,Flooring
62997,Sundries
62998,Sundries
62999,Ironmongery
63000,Metal Works
63001,Cement 
63002,Ironmongery
63003,Softscape (Landscape)
63004,Geotechnical Report
63005,Geotechnical Report
63006,Geotechnical Report
63007,Geotechnical Report
63008,Electrical
63009,Electrical
63010,Office Consumables 
63011,Gypsum Works
63012,Manpower
63013,Office Expenses
63014,Formwork
63015,Electrician 
63016,Legal Fees 
63017,Insurance
63018,Erection
63019,Insurance
63020,Office Expenses
63021,Gypsum Works
63022,Refreshments
63023,Sundries
63024,Gypsum Works
63025,Erection
63026,Pipes
63027,Cables & Wires
63028,PEB
63029,Cement 
63030,Backfilling
63031,Material
63032,Gypsum Works
63033,Office Expenses
63034,Meters
63035,Insurance
63036,Plant
63037,Electrician 
63038,Electrician 
63039,Plant
63040,Erection
63041,Sundries
63042,Gypsum Work
63043,Internal Work
63044,Cables & Wires
63045,Meters
63046,Sundries
63047,Gypsum Works
63048,Office Consumables 
63049,Electrical
63050,CEMENT BOARD 9MM
63051,Sundries
63052,Plant
63053,Fire Alarm
63054,Electrical
63055,Insurance
63056,MEP
63057,Bank Charges
63058,Medical Fees 
63059,Medical Fees 
63060,Refreshments
63061,Cement 
63062,Office Expenses
63064,Sundries
63065,Parts
63066,Parts
63067,Insurance
63068,Gypsum Works
63069,Sundries
63070,Plant
63071,Formwork
63072,Shuttering Carpentry
63073,Legal Fees 
63074,Manpower
63075,Manpower
63076,Manpower
63077,Manpower
63079,Manpower
63080,Fuel Tank Works
63081,Immigration Fees
63082,Electrician 
63083,Electrical
63084,Office Expenses
63085,Dewatering
63086,Sundries
63087,Manpower
63088,Fire Fighting
63089,Insurance
63090,Sundries
63091,Insurance
63092,Office Expenses
63093,PEB
63094,Insurance
63095,Insurance
63096,Refreshments
63097,Vehicle & Equipment
63098,Plant
63099,Insurance
63100,Insurance
63101,Insurance
63102,Pipes
63103,Insurance
63104,Insurance
63105,Insurance
63106,Tyres
63107,Tyres
63108,Heaters
63109,Tyres
63110,Electrician 
63111,Pipes
63112,Electrical
63113,Block
63114,Sundries
63115,Electrician 
63116,Tyres
63117,Office Expenses
63118,Sundries
63119,Sundries
63120,Office Consumables 
63121,Plant
63123,Tyres
63124,HVAC 
63125,Cables & Wires
63126,Insurance
63127,Manpower
63128,Pipes
63129,Formwork
63130,Gypsum Works
63131,Infrastructure 
63132,Electrician 
63133,Gypsum Works
63134,Cables & Wires
63135,Gypsum Works
63136,Gypsum 
63137,Refreshments
63138,Gypsum Works
63139,Gypsum Works
63140,Miscellaneous
63141,Material
63142,Office Consumables 
63143,Insurance
63144,Gypsum Works
63145,Meters
63146,Other Expenses
63147,Electrical
63148,Furniture
63149,Erection
63150,Tyres
63151,Swimming Pool 
63152,Electrical
63153,External Manpower
63154,Charge
63155,Sundries
63156,Gypsum 
63157,Elevator / Escalator / Conveyor Belt
63158,Elevator / Escalator / Conveyor Belt
63159,Elevator / Escalator / Conveyor Belt
63160,Softscape (Landscape)
63161,Gypsum Works
63162,Elevator / Escalator / Conveyor Belt
63163,Electrical
63164,Erection
63165,Refreshments
63166,Sundries
63168,Backfilling
63169,Insurance
63170,Backfilling
63171,Refreshments
63172,Refreshments
63173,Refreshments
63174,Sundries
63175,Formwork
63176,Geotechnical Report
63178,Geotechnical Report
63179,Gypsum Works
63180,Geotechnical Report
63181,Geotechnical Report
63182,Other Expenses
63183,Immigration Fees
63184,Immigration Fees
63185,Site Related Fees
63186,Site Related Fees
63187,Other Expenses
63188,Other Expenses
63189,Administrative Fees 
63190,Other Expenses
63191,Other Expenses
63192,Electrical
63193,Cables & Wires
63194,Insurance
63195,Gypsum Works
63196,Plant
63197,Medical Fees 
63198,Façade
63199,Electrical
63200,Tyres
63201,Office Expenses
63202,Tyres
63203,Tyres
63204,Insurance
63205,Façade
63206,Tyres
63207,Charge
63208,Legal Fees 
63209,Plant
63210,Gypsum 
63211,Sundries
63212,Manpower
63213,Insurance
63214,Immigration Fees
63215,Immigration Fees
63216,Transformer
63217,Electrical
63218,Refreshments
63219,Medical Fees 
63220,Medical Fees 
63221,Refreshments
63222,Other Expenses
63223,Site Related Fees
63224,Immigration Fees
63225,Office Consumables 
63226,Immigration Fees
63227,Fire Alarm
63228,Office Expenses
63229,Insurance
63230,Tanks
63232,Insurance
63233,Insurance
63234,Charge
63235,Tyres
63236,Tyres
63237,Plant
63238,Material
63239,Plant
63240,Cement 
63241,Sundries
63242,Electrical
63243,Gypsum Works
63244,Parts
63245,Parts
63246,Insurance
63247,Insurance
63248,Infrastructure 
63249,Precast Concrete
63250,Legal Fees 
63251,Consumables
63252,Consumables
63253,Consumables
63254,Consumables
63255,Consumables
63256,Consumables
63257,Consumables
63258,Office Expenses
63259,Insurance
63260,Gypsum Works
63261,Consumables
63262,Miscellaneous
63263,Consumables
63264,Consumables
63265,Consumables
63266,Consumables
63267,Consumables
63268,Consumables
63269,Consumables
63270,Consumables
63271,Consumables
63272,Consumables
63273,Consumables
63274,Immigration Fees
63275,Incentives
63276,Tyres
63277,Parts
63278,Refreshments
63279,Swimming Pool 
63280,Insurance
63281,Office Consumables 
63282,Ironmongery
63283,Office Expenses
63284,Electrical
63285,Gypsum Works
63286,Immigration Fees
63287,Incentives
63288,Immigration Fees
63289,Sundries
63290,Electrical
63291,Charge
63292,Charge
63293,Charge
63294,Charge
63295,Charge
63296,Charge
63297,Drainage 
63298,Tyres
63299,Manpower
63300,Manpower
63301,Manpower
63302,Ironmongery
63303,Insurance
63304,Office Consumables 
63305,Gypsum Works
63306,Coring Works
63307,Coring Works
63308,Tyres
63309,Insurance
63310,Tyres
63311,Plant
63312,Manpower
63313,Refreshments
63314,Manholes/Gratings
63315,Manpower
63316,Electrician 
63317,Tyres
63318,Incentives
63319,Incentives
63320,Insurance
63321,Insurance
63322,Manpower
63323,Plant
63324,Insurance
63325,Insurance
63326,Plant
63327,Gypsum 
63328,Signage
63329,Insurance
63330,Insurance
63331,Vehicle & Equipment
63332,Cables & Wires
63333,Tyres
63334,Manpower
63335,Electrical
63336,LPG
63337,Cables & Wires
63338,Manpower
63339,Sundries
63340,Office Expenses
63341,Signage
63342,Plant
63343,Sundries
63344,Sundries
63345,Geotechnical Report
63346,Tyres
63347,Geotechnical Report
63348,Insurance
63349,Insurance
63350,Manpower
63351,Insurance
63352,Tyres
63353,Electrical
63354,Ironmongery
63355,Ironmongery
63356,Fire Alarm
63357,Incentives
63358,Office Consumables 
63359,Tyres
63360,Gypsum Works
63361,Flooring
63362,Gypsum Works
63363,Refreshments
63364,Precast Concrete
63365,Sundries
63366,Ironmongery
63367,Blinds
63368,Gypsum Works
63369,Electrical
63370,Tyres
63371,Tyres
63372,Refreshments
63373,Refreshments
63374,Refreshments
63375,Refreshments
63376,Precast
63377,Vehicle Related Fees
63378,Insurance
63379,Heaters
63380,Tyres
63381,Insurance
63382,Insurance
63383,Insurance
63384,Vehicle & Equipment
63385,Manpower
63386,Cables & Wires
63387,Insurance
63388,Office Expenses
63389,Shuttering Carpentry
63390,Gypsum Works
63391,Fire Fighting Materials
63392,Tyres
63393,Vehicle & Equipment
63394,Insurance
63395,Insurance
63396,Insurance
63397,Insurance
63398,Refreshments
63399,Insurance
63400,Blinds
63401,Office Consumables 
63402,Moziac
63403,Vehicle & Equipment
63404,Electrical
63405,Concrete 
63406,Miscellaneous
63407,Manpower
63408,Manpower
63409,Gypsum Works
63410,Manpower
63411,Plant
63412,Pipes
63413,Sundries
63414,Rubber
63415,Manpower
63416,Insurance
63417,Tyres
63418,Roadworks
63419,Gypsum Works
63420,Fire Alarm
63421,Precast Concrete
63422,Pipes
63423,Office Expenses
63424,Ironmongery
63425,Insurance
63426,Precast Concrete
63427,Manpower
63428,Manpower
63429,Softscape (Landscape)
63430,Blinds
63431,Internal Work
63432,Electrical
63433,Insurance
63434,Insurance
63435,Sundries
63436,Office Consumables 
63437,Tyres
63438,Insurance
63439,Charge
63440,Elevator / Escalator / Conveyor Belt
63441,Insurance
63442,Insurance
63443,Unskilled Labour
63444,Structural Works
63445,Reinforcement
63446,Painting Work 
63447,Painting Work 
63448,Block Work
63449,Block Work
63450,Reinforcement
63451,Plaster Work
63452,External Manpower
63453,Painting Work 
63454,Painting Work 
63455,Draftsmen
63456,Draftsmen
63457,Draftsmen
63458,Draftsmen
63459,Draftsmen
63460,Draftsmen
63461,Draftsmen
63462,Draftsmen
63463,Gypsum Works
63464,Insurance
63465,Sundries
63466,Formwork
63467,Sundries
63468,Electrical
63469,Gypsum Works
63470,Vehicle & Equipment
63471,Miscellaneous
63472,Plant
63473,Sundries
63474,Formwork
63475,Parts
63476,MEP Material
63477,Insurance
63478,Erection
63479,Sundries
63481,Fire Fighting Materials
63482,Gypsum 
63483,Tyres
63484,Ironmongery
63485,Manpower
63486,Manpower
63487,Manpower
63488,Manpower
63489,Infrastructure 
63490,Office Consumables 
63491,Office Expenses
63492,Precast Concrete
63493,Gypsum Works
63494,Sundries
63495,Office Expenses
63496,Sundries
63497,Backfilling
63498,Sundries
63499,MEP Material
63500,Site Consumables 
63501,Office Expenses
63502,Office Consumables 
63503,Insurance
63505,Cables & Wires
63506,Refreshments
63507,Refreshments
63508,Infrastructure 
63509,Vehicle & Equipment
63510,Erection
63511,Insurance
63512,Insurance
63513,Plant
63514,Geotechnical Report
63515,Geotechnical Report
63516,Geotechnical Report
63517,Office Expenses
63518,Sundries
63519,Fire Fighting
63520,Gypsum Works
63521,Sundries
63522,TYRE PUNCTURE
63523,Manpower
63524,Manpower
63525,Swimming Pool 
63526,Immigration Fees
63527,Cables & Wires
63528,Insurance
63529,Insurance
63530,Insurance
63531,Insurance
63532,Miscellaneous
63533,Sundries
63534,Formwork
63535,MEP Material
63536,Cement 
63537,Manpower
63538,Gypsum Works
63539,Heaters
63540,LPG
63541,Electrician 
63542,Gypsum Works
63543,Sundries
63544,Insurance
63545,Formwork
63546,Sundries
63547,Gypsum Works
63548,Cement 
63549,Bank Charges
63550,Miscellaneous
63551,Miscellaneous
63552,Miscellaneous
63553,Miscellaneous
63554,Miscellaneous
63555,Sundries
63556,Gypsum Works
63557,Plant
63558,Cables & Wires
63559,Bank Charges
63560,Bank Charges
63561,Bank Charges
63562,Bank Charges
63563,Bank Charges
63564,Insurance
63565,Legal Fees 
63566,Tyres
63567,Medical Fees 
63568,Medical Fees 
63569,Refreshments
63570,Ironmongery
63571,Pipes
63572,Immigration Fees
63573,Miscellaneous
63574,Erection
63575,Waterproofing work
63576,Bank Charges
63577,Electrical
63578,Transformer
63579,Bank Charges
63580,Bank Charges
63581,Bank Charges
63582,Bank Charges
63583,Bank Charges
63584,Consulting Fees 
63585,Plant
63586,Bank Charges
63587,Miscellaneous
63588,Bank Charges
63589,Bank Charges
63590,Fire Fighting
63591,Bank Charges
63592,Insurance
63593,Insurance
63594,Ironmongery
63595,Cement 
63596,Gypsum Works
63597,Pipes
63598,Administrative Fees 
63599,Carpet
63600,Gypsum Works
63601,Gypsum Works
63602,Tyres
63603,Miscellaneous
63604,Insurance
63606,Immigration Fees
63607,Formwork
63608,Precast Concrete
63609,Insurance
63610,Miscellaneous
63611,Insurance
63612,Insurance
63613,Office Expenses
63614,Sundries
63615,Other Expenses
63616,Other Expenses
63617,Insurance
63618,Immigration Fees
63619,Immigration Fees
63620,Immigration Fees
63621,Tyres
63622,Legal Fees 
63623,Gypsum Works
63624,Medical Fees 
63625,Other Expenses
63626,Immigration Fees
63627,Immigration Fees
63628,Immigration Fees
63629,Gypsum Works
63630,Immigration Fees
63631,Other Expenses
63632,Site Related Fees
63633,Other Expenses
63634,Other Expenses
63635,Other Expenses
63636,Other Expenses
63637,Refreshments
63638,Gypsum Works
63639,Tanks
63640,Sundries
63641,Pipes
63642,Consumables
63643,Consumables
63644,Consumables
63645,Consumables
63646,Consumables
63647,Consumables
63648,Consumables
63649,Consumables
63650,Consumables
63651,Consumables
63652,Consumables
63653,Consumables
63654,Consumables
63655,Consumables
63656,Consumables
63657,Consumables
63658,Consumables
63659,Consumables
63660,Ironmongery
63661,Blinds
63662,Consumables
63663,Insurance
63664,Geotechnical Report
63665,Geotechnical Report
63666,Geotechnical Report
63667,Geotechnical Report
63668,Ironmongery
63669,Material
63670,Office Expenses
63671,Tyres
63672,Miscellaneous
63673,Office Expenses
63674,MEP
63675,Office Consumables 
63676,Insurance
63677,Vehicle & Equipment
63678,Parts
63679,Tyres
63680,Insurance
63681,Gypsum Works
63682,Insurance
63683,Insurance
63684,Geotechnical Report
63685,Pipes
63686,Gypsum Works
63687,Manpower
63688,Insurance
63689,Precast Concrete
63690,Joinery
63691,Material
63692,Transformer
63693,Ironmongery
63694,Sundries
63695,Carpet
63696,Sundries
63697,Precast Concrete
63698,Gypsum Works
63699,Legal Fees 
63700,Tyres
63701,Office Consumables 
63702,Office Consumables 
63703,Gypsum Works
63704,Ironmongery
63705,Insurance
63706,Electrical
63707,Ironmongery
63708,Office Consumables 
63709,Insurance
63710,Miscellaneous
63711,Moziac
63712,Electrical
63713,Electrical
63714,Manpower
63715,Manpower
63716,Office Consumables 
63717,Vehicle & Equipment
63718,Plant
63719,Sundries
63720,Plant
63721,Plant
63722,Plant
63723,Manpower
63724,Manpower
63725,Sundries
63726,Fire Fighting Materials
63727,Electrical
63728,Precast Concrete
63729,Sundries
63730,Sundries
63731,Office Expenses
63732,Plant
63733,Insurance
63734,Sundries
63735,Miscellaneous
63736,Manpower
63737,Pipes
63738,Vehicle & Equipment
63739,Internal Work
63740,Vehicle & Equipment
63741,Charge
63742,Charge
63743,Charge
63744,Charge
63745,Gypsum 
63746,Immigration Fees
63747,Immigration Fees
63748,Shuttering Carpentry
63749,Office Consumables 
63750,Sundries
63751,Ironmongery
63752,Tyres
63753,MEP Material
63754,Swimming Pool 
63755,Façade
63756,Insurance
63757,Plaster Work
63758,Ironmongery
63759,Electrician 
63760,Tyres
63762,Insurance
63763,Insurance
63764,Office Expenses
63765,Geotechnical Report
63766,Geotechnical Report
63767,Geotechnical Report
63768,Electrician 
63769,Plant
63770,Insurance
63771,Insurance
63772,Fees 
63774,Ironmongery
63775,Gypsum Works
63776,Refreshments
63777,Tyres
63778,Tyres
63780,Gypsum Works
63781,Plant
63782,Plant
63783,Gypsum 
63784,Reinforcement
63785,Painting Work 
63786,Painting Work 
63787,Block Work
63788,Block Work
63789,Reinforcement
63790,Plaster Work
63791,External Manpower
63792,Painting Work 
63793,Interlock Work
63794,Unskilled Labour
63795,Unskilled Labour
63796,Painting Work 
63797,Fire Alarm
63799,Insurance
63800,Roadworks
63801,Miscellaneous
63802,Ironmongery
63803,Rubber
63804,Refreshments
63805,Gypsum Works
63806,Plaster Work
63807,Insurance
63808,Sundries
63809,Moziac
63810,Insurance
63811,Electrical
63812,Legal Fees 
63813,Electrical
63814,Cables & Wires
63815,Manpower
63816,Charge
63817,Electrical
63818,Office Consumables 
63819,Tyres
63820,Insurance
63821,Plant
63822,Gypsum Works
63823,Gypsum Works
63824,Fees 
63825,Precast Concrete
63826,Formwork
63827,Manpower
63828,Precast Concrete
63829,Draftsmen
63830,Draftsmen
63831,Draftsmen
63832,Draftsmen
63833,Draftsmen
63834,Draftsmen
63835,Draftsmen
63836,Draftsmen
63837,Draftsmen
63838,Draftsmen
63839,Electrical
63840,Electrical
63841,Sundries
63842,Office Consumables 
63843,Plant
63844,Electrical
63845,Office Consumables 
63846,MEP Material
63847,Plant
63848,Insurance
63849,Insurance
63850,Gypsum 
63851,Cement 
63852,Cement 
63853,Cement 
63854,LPG
63855,Ironmongery
63856,Charge
63857,Insurance
63858,Bank Charges
63859,Immigration Fees
63860,Immigration Fees
63861,Immigration Fees
63862,Immigration Fees
63863,Refreshments
63864,Manholes/Gratings
63865,Refreshments
63866,Gypsum Works
63867,Insurance
63868,Meters
63869,Swimming Pool 
63870,Epoxy
63871,Tyres
63872,Manpower
63873,Refreshments
63874,Sundries
63875,Swimming Pool 
63876,Insurance
63877,Sundries
63878,Plant
63879,Erection
63880,Office Consumables 
63881,Tyres
63882,Insurance
63883,Plant
63884,Tyres
63885,Cement 
63886,Sundries
63887,Infrastructure 
63888,Office Expenses
63889,Other Expenses
63890,Other Expenses
63891,Other Expenses
63892,Other Expenses
63893,Sundries
63894,Site Related Fees
63895,Parts
63896,Other Expenses
63897,Other Expenses
63898,Other Expenses
63899,Insurance
63900,Electrical
63901,Immigration Fees
63902,Tyres
63903,Immigration Fees
63904,Office Expenses
63905,Insurance
63906,Insurance
63907,Insurance
63908,MEP Material
63909,Office Consumables 
63910,Geotechnical Report
63911,Geotechnical Report
63912,Geotechnical Report
63913,Insurance
63914,LPG
63915,Ironmongery
63916,Sundries
63917,Plant
63918,Manpower
63919,Manpower
63920,Sundries
63921,Electrical
63922,Electrical
63923,Plant
63924,Insurance
63925,Insurance
63926,Moziac
63927,Insurance
63928,Coring Works
63929,Ironmongery
63930,Manpower
63931,Sundries
63932,Office Expenses
63933,Furniture
63934,Refreshments
63935,Ironmongery
63936,Bank Charges
63937,Bank Charges
63938,Bank Charges
63939,Bank Charges
63940,Bank Charges
63941,Blinds
63942,Gypsum Works
63943,Office Expenses
63944,Formwork
63945,Electrical
63946,Refreshments
63947,Refreshments
63948,Rubber
63949,Cables & Wires
63950,Pipes
63951,Sundries
63952,Swimming Pool 
63953,Blinds
63954,Office Consumables 
63955,Office Consumables 
63956,Gypsum Works
63957,Office Consumables 
63958,Tyres
63959,Material
63960,Electrical
63961,Sundries
63962,Insurance
63963,Administrative Fees 
63964,Office Expenses
63965,Pipes
63966,Plant
63967,Pipes
63968,Medical Fees 
63969,Electrical
63970,Insurance
63971,Drainage 
63972,Sundries
63973,Pipes
63974,Pipes
63975,Precast
63976,Refreshments
63977,Charge
63978,Pipes
63979,Sundries
63980,Plant
63981,Sundries
63982,Signage
63983,Tyres
63984,Tyres
63985,Formwork
63986,Pipes
63987,Tyres
63989,Office Expenses
63990,Tyres
63991,Electrical
63992,Vehicle & Equipment
63993,Office Consumables 
63994,Shuttering Carpentry
63995,Sundries
63996,Ironmongery
63997,Vehicle & Equipment
63998,Moziac
63999,Geotechnical Report
64000,Roadworks
64001,ELV 
64002,Office Expenses
64003,Sundries
64004,Office Expenses
64005,Fire Fighting Materials
64006,Sundries
64007,Pipes
64008,Gypsum Works
64009,Geotechnical Report
64010,Tyres
64011,Tyres
64012,Sundries
64013,MEP Material
64014,Ironmongery
64015,Gypsum Works
64016,Sundries
64017,Insurance
64018,Ironmongry
64019,Manpower
64021,Gypsum 
64022,Blinds
64023,Precast Concrete
64024,Sundries
64025,Sundries
64026,Sundries
64027,Manpower
64028,Immigration Fees
64029,Refreshments
64030,Façade
64031,Precast
64032,Ironmongery
64033,Refreshments
64034,Furniture
64035,Electrical
64036,Medical Fees 
64037,Insurance
64038,Electrician 
64039,Insurance
64040,Sundries
64041,Office Consumables 
64042,Blinds
64043,Insurance
64044,Ironmongery
64045,Sundries
64046,Gypsum Works
64047,Plant
64048,Insurance
64049,Pipes
64050,Sundries
64051,Pipes
64052,Office Expenses
64053,Insurance
64054,Sundries
64055,Plant
64056,Pipes
64057,Refreshments
64058,Metal Works
64059,Legal Fees 
64060,Swimming Pool 
64061,Refreshments
64062,Sundries
64063,Office Consumables 
64066,Gypsum Works
64067,Electrician 
64068,Sundries
64069,Gypsum Work
64070,Legal Fees 
64071,Swimming Pool 
64072,Insurance
64073,Material
64074,Gypsum Works
64075,Office Expenses
64076,Consumables
64077,Consumables
64078,Consumables
64079,Consumables
64080,Consumables
64081,Consumables
64082,Consumables
64083,Consumables
64084,Consumables
64085,Consumables
64086,Consumables
64087,Consumables
64088,Office Consumables 
64089,Consumables
64090,Consumables
64091,Consumables
64092,Consumables
64093,Formwork
64094,Painting Works
64095,Parts
64096,MEP
64097,Sundries
64098,Consumables
64099,Sundries
64100,Office Consumables 
64102,Gypsum 
64103,Sundries
64104,Tyres
64105,Electrical
64106,Office Consumables 
64107,Insurance
64108,Administrative Fees 
64109,Other Expenses
64110,Tyres
64111,Charge
64112,Gypsum Works
64113,Fire Fighting Materials
64114,Inspection
64115,Inspection
64116,Inspection
64117,Office Expenses
64118,Office Consumables 
64119,Tyres
64120,Legal Fees 
64121,Office Expenses
64122,Gypsum Works
64123,Office Expenses
64124,Geotechnical Report
64125,Rebar
64126,Electrical
64127,Charge
64128,Plant
64129,Gypsum 
64130,Swimming Pool 
64131,Sundries
64132,Precast Concrete
64134,Manpower
64135,Infrastructure 
64136,Sundries
64137,MEP
64139,Sundries
64140,Manpower
64141,Insurance
64142,Insurance
64143,Manpower
64144,Sundries
64145,Erection
64146,Office Expenses
64147,Kerbstone Work
64148,Insurance
64149,Ironmongery
64150,Material
64151,Sundries
64152,Gypsum Work
64153,External Manpower
64154,Painting Work 
64155,Painting Work 
64156,Block Work
64157,Plaster Work
64158,External Manpower
64159,Painting Work 
64160,Reinforcement
64162,Block Work
64163,Reinforcement
64164,Painting Work 
64165,Interlock Work
64166,Excavation
64167,Electrical Works
64168,Block Work
64169,Plant
64170,Insurance
64171,Block Work
64172,Insurance
64173,Precast Concrete
64174,Insurance
64175,Pipes
64176,Tyres
64177,LABORATORY TESTING
64178,Cables & Wires
64179,Ironmongry
64180,Insurance
64181,Manpower
64182,Insurance
64183,Tyres
64184,Insurance
64185,Material
64186,Vehicle & Equipment
64187,Painting Works
64188,Insurance
64189,Insurance
64190,Fees 
64191,Fees 
64192,Sundries
64193,Office Consumables 
64194,Office Consumables 
64195,Insurance
64196,Refreshments
64197,Office Expenses
64198,Ironmongery
64199,Gypsum Works
64200,Tyres
64201,Insurance
64202,Refreshments
64203,Office Consumables 
64204,Insurance
64205,Electrical
64206,MEP
64207,Parts
64208,Joinery
64209,Gypsum Works
64210,Material
64211,Pipes
64212,Insurance
64213,Sundries
64214,Insurance
64215,Tyres
64216,Plant
64217,Draftsmen
64218,Draftsmen
64219,Draftsmen
64220,Draftsmen
64221,Draftsmen
64222,Draftsmen
64223,Draftsmen
64224,Draftsmen
64225,Draftsmen
64226,Gypsum Works
64227,Refreshments
64228,Geotechnical Report
64229,Sundries
64230,Refreshments
64231,Geotechnical Report
64232,MEP
64233,Blinds
64234,Office Consumables 
64235,Fire Fighting
64236,Moziac
64237,Fire Fighting
64238,Gypsum 
64239,Electrical
64240,Insurance
64241,Refreshments
64242,Pipes
64243,Electrical
64244,Insurance
64245,Gypsum Works
64246,Refreshments
64247,Immigration Fees
64248,Office Expenses
64249,Insurance
64250,Insurance
64251,Insurance
64252,Insurance
64253,Insurance
64254,Plant
64255,Tyres
64256,Insurance
64257,Gypsum Works
64258,Infrastructure 
64259,Office Expenses
64260,Gypsum Works
64261,Electrician 
64262,Office Expenses
64263,Gypsum Works
64264,Gypsum Works
64265,Gypsum Works
64266,Gypsum Works
64267,Office Consumables 
64268,Electrical
64269,Refreshments
64270,Excavation
64271,Cement 
64272,Cement 
64273,Joinery
64274,Sundries
64275,Office Expenses
64276,Gypsum Works
64277,LABORATORY TESTING
64278,LABORATORY TESTING
64279,Ironmongery
64280,Gypsum Works
64281,Plant
64282,Manpower
64283,Tyres
64284,Electrical
64285,Moziac
64286,LABORATORY TESTING
64287,Cement 
64288,Excavation
64289,Gypsum Works
64290,Pipes
64291,Manpower
64292,Office Expenses
64293,Parts
64294,Gypsum Works
64295,Internal Work
64296,Plant
64297,Finishing 
64298,Vehicle & Equipment
64299,Electrical
64300,Ironmongery
64301,Manpower
64302,Manpower
64303,Electrician 
64304,Insurance
64305,Insurance
64306,Erection
64307,Insurance
64308,Insurance
64309,MEP Material
64311,Manpower
64312,Meters
64313,Manpower
64314,Infrastructure 
64315,Moziac
64316,Moziac
64317,Moziac
64318,Electrical Works
64319,Cement 
64320,Consumables
64321,Consumables
64322,Consumables
64323,Consumables
64324,Consumables
64325,Consumables
64326,Office Expenses
64327,Consumables
64328,Consumables
64329,Consumables
64330,Consumables
64331,Electrical
64332,Consumables
64333,Office Consumables 
64334,Consumables
64335,Consumables
64336,Office Consumables 
64337,Consumables
64338,Consumables
64339,Consumables
64340,Consumables
64341,Blinds
64342,Transformer
64343,Sundries
64344,Sundries
64345,Office Consumables 
64346,Other Expenses
64347,Electrical Works
64348,Administrative Fees 
64349,Site Related Fees
64350,Administrative Fees 
64351,Gypsum Works
64352,Administrative Fees 
64353,Administrative Fees 
64354,Plant
64355,Material
64356,Tyres
64357,Pipes
64358,Insurance
64359,Gypsum Works
64360,Gypsum Works
64361,Material
64362,Insurance
64363,Legal Fees 
64364,Swimming Pool 
64365,Fees 
64366,Manpower
64367,Electrician 
64368,Tyres
64369,Parts
64370,Electrical
64371,MEP
64372,Refreshments
64373,Refreshments
64374,Refreshments
64375,Gypsum Works
64376,Refreshments
64377,Consulting Fees 
64378,Gypsum Works
64379,Tyres
64380,Plant
64381,Insurance
64382,Tyres
64383,Geotechnical Report
64384,Formwork
64385,Insurance
64386,Geotechnical Report
64387,Geotechnical Report
64388,Insurance
64389,Sundries
64390,Swimming Pool 
64391,Swimming Pool 
64392,Plant
64393,Manpower
64394,Insurance
64395,Charge
64396,Insurance
64397,Material
64398,Electrician 
64399,Office Consumables 
64400,Flooring
64401,Plant
64402,Site Consumables 
64403,Insurance
64404,Insurance
64405,Erection
64406,Refreshments
64407,Tyres
64408,Pipes
64409,Sundries
64410,Gypsum Works
64411,Sundries
64412,Gypsum Works
64413,Sundries
64414,Office Expenses
64415,Plant
64416,Tyres
64417,Charge
64418,Painting Works
64419,Gypsum Works
64420,Manpower
64421,Manpower
64422,Swimming Pool 
64423,Electrical
64424,Sundries
64425,Insurance
64426,Insurance
64427,Sundries
64428,Office Consumables 
64429,Office Consumables 
64430,Electrical
64431,Swimming Pool 
64432,Manpower
64433,Manpower
64434,Formwork
64436,Plant
64437,Refreshments
64438,Gypsum Works
64439,Fees 
64440,Gypsum Works
64441,Charge
64442,LPG
64443,Ceramic & Porcelain
64444,Office Consumables 
64445,Plant
64446,Infrastructure 
64447,Office Consumables 
64448,Manpower
64449,Sundries
64450,Manpower
64451,Refreshments
64452,Sundries
64453,Inspection
64454,Inspection
64455,Manpower
64456,Insurance
64457,Gypsum Works
64458,Sundries
64459,Legal Fees 
64460,Plant
64461,Refreshments
64462,Refreshments
64463,Refreshments
64464,Refreshments
64465,Refreshments
64466,Sundries
64467,Blinds
64468,Blinds
64469,Parts
64470,Fees 
64471,Façade
64472,Insurance
64473,Tyres
64474,Office Consumables 
64475,Sundries
64476,Vehicle & Equipment
64477,Kerbstone Work
64478,Sundries
64479,Precast
64480,Electrical
64481,Insurance
64482,Manpower
64483,Insurance
64484,Ironmongery
64485,Manpower
64486,Insurance
64487,Plant
64488,Gypsum Works
64489,Electrician 
64490,Plant
64491,Blinds
64492,LABORATORY TESTING
64493,Internal Work
64494,Plant
64495,Insurance
64496,Insurance
64497,Charge
64498,Precast Concrete
64499,Electrical
64500,Gypsum 
64501,Gypsum 
64502,Shuttering Carpentry
64503,LPG
64504,Geotechnical Report
64505,Geotechnical Report
64506,Office Expenses
64507,Ironmongery
64508,Ironmongery
64509,Vehicle Related Fees
64510,Coring Works
64511,Gypsum 
64512,Vehicle & Equipment
64514,Insurance
64515,Charge
64516,Geotechnical Report
64517,Office Expenses
64518,Sundries
64519,Office Expenses
64520,Manpower
64521,Office Consumables 
64522,Pipes
64523,Gypsum Works
64524,Office Expenses
64525,Ironmongery
64526,Manpower
64527,Insurance
64528,Office Expenses
64529,Insurance
64530,Insurance
64531,Parts
64532,Refreshments
64533,Office Expenses
64534,PEB
64535,Office Expenses
64536,Office Consumables 
64537,Plant
64538,Draftsmen
64539,Draftsmen
64540,Draftsmen
64541,Draftsmen
64542,Draftsmen
64543,Draftsmen
64544,Draftsmen
64545,Draftsmen
64546,Manpower
64547,Draftsmen
64548,Office Consumables 
64549,Insurance
64550,Manpower
64551,Painting Work 
64552,Tyres
64553,Painting Work 
64554,Block Work
64555,Plaster Work
64556,External Manpower
64557,Painting Work 
64558,Reinforcement
64559,Reinforcement
64560,Reinforcement
64561,Block Work
64562,Plaster Work
64563,Painting Work 
64564,Interlock Work
64565,Block Work
64566,Waterproofing work
64567,Reinforcement
64568,Block Work
64569,Fire Fighting Materials
64570,Office Consumables 
64571,Electrical
64572,External Manpower
64573,Tyres
64574,Erection
64575,Cement 
64576,Cement 
64577,Plant
64578,Erection
64579,Insurance
64580,Plant
64581,Charge
64582,External Manpower
64583,Refreshments
64584,Charge
64585,Manpower
64586,Cement 
64587,Charge
64588,Office Expenses
64589,Charge
64590,Charge
64591,Charge
64592,MEP Material
64593,Charge
64594,Manpower
64595,Refreshments
64596,LABORATORY TESTING
64597,Erection
64598,Site Related Fees
64599,Other Expenses
64600,Other Expenses
64601,Site Related Fees
64602,Refreshments
64603,Medical Fees 
64604,Other Expenses
64605,Immigration Fees
64606,Electrical
64607,Insurance
64608,Tyres
64609,Plant
64610,Plant
64611,Parts
64612,Plant
64613,Vehicle & Equipment
64614,Refreshments
64615,Manpower
64616,Office Consumables 
64617,Office Consumables 
64618,Plant
64619,Plant
64620,Insurance
64621,Plant
64622,Refreshments
64623,Erection
64624,Medical Fees 
64625,Gypsum Works
64626,Gypsum Works
64627,Sundries
64628,Sundries
64629,Electrical
64630,Gypsum Works
64631,Tanks
64632,LABORATORY TESTING
64633,Tyres
64634,Insurance
64635,Parts
64636,Tyres
64637,Insurance
64638,Charge
64639,Refreshments
64640,Medical Fees 
64641,Geotechnical Report
64642,Plant
64643,Site Consumables 
64644,Insurance
64645,Sundries
64646,Insurance
64647,Fire Fighting Materials
64648,Insurance
64649,Office Expenses
64650,Formwork
64651,Office Expenses
64652,Manpower
64653,Tyres
64654,Immigration Fees
64655,Office Consumables 
64656,Plant
64657,Sundries
64658,Plant
64659,Pipes
64660,Gypsum Works
64661,Tyres
64662,Insurance
64663,Insurance
64664,Tyres
64665,Excavation
64666,Other Expenses
64667,Other Expenses
64668,Administrative Fees 
64669,Sundries
64670,Insurance
64671,Plant
64672,Manpower
64673,Ironmongry
64674,Gypsum Works
64675,Precast Concrete
64676,Ironmongery
64677,Plant
64678,Insurance
64679,Insurance
64680,Plant
64681,Sundries
64682,Plant
64683,Office Expenses
64684,Metal Works
64685,Gypsum Works
64686,Tyres
64687,Geotechnical Report
64688,Erection
64689,Sundries
64690,Manpower
64691,Insurance
64692,Insurance
64693,Insurance
64694,Administrative Fees 
64695,Insurance
64696,Insurance
64697,Plant
64698,Charge
64699,Insurance
64700,Softscape (Landscape)
64701,Painting Works
64703,Formwork
64704,Swimming Pool 
64705,Gypsum Works
64706,Parts
64707,Office Expenses
64708,Office Expenses
64709,Electrical
64710,Plant
64711,Gypsum Works
64712,Flooring
64713,Refreshments
64714,Pipes
64715,Gypsum Works
64716,Manpower
64717,Consumables
64718,Consumables
64719,Consumables
64720,Consumables
64721,Consumables
64722,Consumables
64723,Consumables
64724,Consumables
64725,Consumables
64726,Consumables
64727,Consumables
64728,Consumables
64729,Consumables
64730,Consumables
64731,Consumables
64732,Manpower
64733,Bank Charges
64734,Bank Charges
64735,ELV 
64736,Softscape (Landscape)
64737,Electrical
64738,Office Consumables 
64739,Insurance
64740,Insurance
64741,Insurance
64742,Insurance
64743,Office Expenses
64744,Insurance
64745,Sundries
64746,Tyres
64747,Office Expenses
64748,Sundries
64749,Sundries
64750,Gypsum Works
64751,Office Consumables 
64752,Plant
64753,Insurance
64754,Insurance
64755,Coring Works
64756,Plant
64757,Office Consumables 
64758,Precast Concrete
64759,Plant
64760,Plant
64761,Insurance
64762,MEP Material
64763,Insurance
64764,Flooring
64765,Refreshments
64766,Tyres
64767,Insurance
64768,Precast Concrete
64769,Insurance
64770,Insurance
64771,Insurance
64772,Insurance
64773,Tyres
64774,Plant
64775,Electrical
64776,Tyres
64777,Electrical
64778,Insurance
64779,Cables & Wires
64781,Sundries
64783,Insurance
64784,Plant
64785,Manpower
64786,Charge
64787,Office Consumables 
64788,Medical Fees 
64789,Manpower
64790,Geotechnical Report
64791,Office Expenses
64792,Insurance
64793,Ironmongery
64794,Tyres
64795,Plant
64796,Office Expenses
64797,Insurance
64798,Office Consumables 
64799,Insurance
64800,Insurance
64801,Tools & Parts 
64802,Geotechnical Report
64803,Geotechnical Report
64804,Fuel Tank Works
64805,Insurance
64806,Immigration Fees
64807,Manpower
64809,Plant
64810,Manpower
64811,Carpet
64812,Manpower
64813,Plant
64814,Manpower
64815,Insurance
64816,Precast Concrete
64817,Insurance
64818,Office Expenses
64819,Insurance
64820,Insurance
64821,Insurance
64822,Insurance
64823,Sundries
64824,Insurance
64825,Insurance
64826,Insurance
64827,Painting Works
64828,Manpower
64829,MEP
64830,Ironmongery
64831,Gypsum Work
64832,Office Consumables 
64833,Insurance
64834,Manpower
64835,Gypsum Works
64837,Plant
64838,Charge
64839,Office Consumables 
64840,Office Expenses
64841,MEP
64842,Shuttering Carpentry
64843,Tyres
64844,Refreshments
64845,Office Expenses
64846,Precast Concrete
64847,Sundries
64848,Sundries
64849,Sundries
64850,Tyres
64851,Tyres
64852,Vehicle & Equipment
64853,Tyres
64854,Tyres
64855,Insurance
64856,Insurance
64857,Gypsum Works
64858,Electrical
64859,Insurance
64860,Gypsum Works
64861,Formwork
64862,Blinds
64863,Refreshments
64864,Tyres
64865,Insurance
64866,Blinds
64867,Refreshments
64868,Tyres
64869,Erection
64870,Erection
64871,Sundries
64872,Gypsum Works
64873,Façade
64874,Excavation
64875,Electrician 
64876,Ironmongery
64877,Excavation
64878,Office Expenses
64879,Electrician 
64880,Refreshments
64881,Tyres
64882,Electrical
64883,Pipes
64884,Refreshments
64885,Erection
64886,Insurance
64887,Insurance
64888,Insurance
64889,Insurance
64890,Gypsum Works
64891,Gypsum Works
64892,Insurance
64893,Plant
64894,Sundries
64895,Sundries
64896,Electrical Works
64897,Refreshments
64898,Electrical
64899,Office Expenses
64900,Manpower
64901,Manpower
64902,Manpower
64903,Electrical
64904,Insurance
64905,Tyres
64906,Elevator / Escalator / Conveyor Belt
64907,MEP
64908,Painting Work 
64909,Painting Work 
64910,Plaster Work
64911,External Manpower
64912,Painting Work 
64913,Reinforcement
64914,Block Work
64915,Plaster Work
64916,Block Work
64917,Painting Work 
64918,Precast Concrete
64919,Fire Fighting Materials
64920,Insurance
64921,Manholes/Gratings
64922,Office Expenses
64923,Sundries
64924,Sundries
64925,Office Expenses
64926,MEP
64927,Plant
64928,Draftsmen
64929,Draftsmen
64930,Draftsmen
64931,Draftsmen
64932,Draftsmen
64933,Draftsmen
64934,Draftsmen
64935,Draftsmen
64936,Draftsmen
64937,Office Consumables 
64938,External Manpower
64939,Tyres
64940,Pipes
64941,MEP
64942,Water Supply
64943,Sundries
64944,Refreshments
64945,Signage
64946,Medical Fees 
64947,Erection
64948,Insurance
64949,Insurance
64951,Insurance
64952,Parts
64953,Gypsum Works
64954,Painting Works
64955,Office Expenses
64956,Tyres
64957,Gypsum 
64958,Gypsum Work
64959,Dewatering
64961,Office Expenses
64962,Electrical Works
64963,LABORATORY TESTING
64964,Swimming Pool 
64965,Gypsum Works
64966,Internal Work
64967,Gypsum Works
64968,Transformer
64969,Sundries
64970,Fees 
64971,Charge
64972,Charge
64973,Gypsum Works
64974,Insurance
64975,Tyres
64976,Electrical
64977,Fire Fighting Materials
64978,Cement 
64979,Cement 
64980,Cement 
64981,Cement 
64982,Heaters
64983,Office Consumables 
64984,Gypsum Works
64985,Plant
64986,Refreshments
64987,Office Expenses
64988,Insurance
64989,Tanks
64990,Insurance
64991,Insurance
64992,Insurance
64993,Plant
64994,Elevator / Escalator / Conveyor Belt
64995,Manpower
64996,Infrastructure 
64997,Precast Concrete
64998,Formwork
64999,Precast Concrete
65000,Insurance
65001,Insurance
65002,Insurance
65003,Gypsum Works
65004,Office Consumables 
65005,Refreshments
65006,LABORATORY TESTING
65007,Gypsum Works
65008,Ironmongery
65009,MEP Material
65010,Swimming Pool 
65011,Gypsum Works
65012,Insurance
65013,Gypsum Works
65014,Precast Concrete
65015,Tyres
65016,Parts
65017,Formwork
65018,Manpower
65019,Manpower
65020,Plant
65021,Plant
65022,Office Consumables 
65023,Parts
65024,Tyres
65025,MEP
65026,Sundries
65027,Ironmongery
65028,Tyres
65029,Plant
65030,Insurance
65031,Plant
65032,Blinds
65033,Transformer
65034,Plant
65035,Insurance
65036,Insurance
65037,Electrical
65038,Gypsum Works
65039,Precast Concrete
65040,Bank Charges
65041,Fire Fighting Materials
65042,Electrician 
65043,Office Consumables 
65044,Manpower
65045,Insurance
65046,Insurance
65047,Insurance
65048,Other Expenses
65049,Site Related Fees
65050,Refreshments
65051,Other Expenses
65052,Other Expenses
65053,Other Expenses
65054,Insurance
65055,Insurance
65056,Formwork
65057,Insurance
65058,Gypsum Works
65059,Precast Concrete
65060,MEP
65061,Precast Concrete
65062,Precast Concrete
65063,Office Expenses
65064,Tyres
65065,Insurance
65066,Sundries
65067,Immigration Fees
65068,Administrative Fees 
65069,Site Related Fees
65070,Other Expenses
65071,Immigration Fees
65072,Precast Concrete
65073,Cables & Wires
65074,MEP Material
65075,Manpower
65076,Immigration Fees
65077,MEP
65078,Insurance
65079,Insurance
65080,MEP
65081,Insurance
65082,Office Consumables 
65083,Charge
65084,Tyres
65085,Tyres
65086,Gypsum Works
65087,Refreshments
65088,Fire Fighting Materials
65089,Refreshments
65090,Gypsum Works
65091,Parts
65092,Ironmongery
65093,Water Supply
65094,Consumables
65095,Consumables
65096,Consumables
65097,Consumables
65098,Consumables
65099,Consumables
65100,Consumables
65101,Consumables
65102,Consumables
65103,Consumables
65104,Consumables
65105,Consumables
65106,Consumables
65107,Consumables
65108,Consumables
65109,Consumables
65110,Consumables
65111,Consumables
65112,Consumables
65113,Gypsum 
65114,Manpower
65115,Sundries
65116,Consumables
65117,Manpower
65118,Manpower
65119,Manpower
65120,Manpower
65121,Manpower
65122,LABORATORY TESTING
65123,Charge
65124,Refreshments
65125,Charge
65126,Office Expenses
65127,Refreshments
65128,Ironmongery
65129,Charge
65130,Charge
65131,Charge
65132,Charge
65133,Charge
65134,Charge
65135,Charge
65136,Charge
65137,Charge
65138,Charge
65139,Charge
65140,Office Expenses
65141,Plant
65142,Office Consumables 
65143,Fire Alarm
65144,Material
65145,Insurance
65146,Cables & Wires
65147,Sundries
65148,Plant
65149,Insurance
65150,Office Expenses
65151,Electrician 
65152,Plant
65153,Parts
65154,Parts
65155,Insurance
65156,Insurance
65157,Sundries
65158,Insurance
65159,Sundries
65160,Plant
65161,Insurance
65162,Tyres
65163,Group Name
65164,Sundries
65165,Insurance
65166,Plant
65167,Office Expenses
65168,Rebar
65169,Charge
65170,Insurance
65171,Insurance
65172,Insurance
65173,Plant
65174,MEP
65175,Office Consumables 
65176,Gypsum Works
65177,Geotechnical Report
65178,Insurance
65179,Meters
65180,Fire Alarm
65181,Sundries
65182,Fire Fighting Materials
65183,Charge
65184,Geotechnical Report
65185,Geotechnical Report
65186,Gypsum 
65187,Blinds
65188,Plant
65189,Charge
65190,Insurance
65191,Charge
65192,Tyres
65193,Insurance
65194,Insurance
65195,Insurance
65196,Insurance
65197,Insurance
65198,Tyres
65199,Insurance
65200,Insurance
65201,Formwork
65202,Formwork
65203,Gypsum Works
65204,Gypsum Works
65205,Swimming Pool 
65206,Gypsum Works
65207,Coring Works
65208,Insurance
65209,Plant
65210,Refreshments
65211,Refreshments
65212,Manpower
65213,Sundries
65214,Gypsum Works
65215,Office Consumables 
65216,Office Consumables 
65217,LABORATORY TESTING
65218,Sundries
65219,Precast Concrete
65220,Precast Concrete
65221,Ironmongery
65222,Electrical
65223,Vehicle & Equipment
65224,Insurance
65225,Electrical
65226,Refreshments
65228,Plant
65229,Concrete 
65230,Sundries
65231,Electrical
65232,Cables & Wires
65233,Sundries
65234,Tyres
65235,Insurance
65236,Office Consumables 
65237,Insurance
65238,Plant
65239,Insurance
65240,Tyres
65241,Plant
65242,Charge
65243,Charge
65244,Charge
65245,Plant
65246,Plant
65247,Insurance
65248,Insurance
65249,Insurance
65250,Manpower
65251,Insurance
65252,Insurance
65253,Insurance
65254,Vehicle & Equipment
65255,Parts
65256,Manpower
65257,Manpower
65258,Swimming Pool 
65259,Gypsum Works
65260,Insurance
65261,Insurance
65262,Gypsum Works
65263,Electrical
65264,Plant
65265,Refreshments
65267,Ironmongery
65268,Material
65269,Office Expenses
65270,Tanks
65271,Refreshments
65272,Tyres
65273,Plant
65274,Precast Concrete
65275,Tyres
65276,Office Consumables 
65277,Electrician 
65278,Insurance
65279,Refreshments
65280,Insurance
65281,Electrician 
65282,Precast Concrete
65283,Electrical
65284,MEP Material
65285,Vehicle & Equipment
65286,Site Consumables 
65287,Softscape (Landscape)
65288,Sundries
65289,Sundries
65290,Sundries
65291,Office Expenses
65292,Shuttering Carpentry
65293,Office Expenses
65294,Manpower
65295,Parts
65296,Parts
65297,Parts
65298,Insurance
65299,Tyres
65300,Refreshments
65301,Manpower
65302,Sundries
65303,Insurance
65304,Office Expenses
65305,Manpower
65306,Manpower
65307,Ironmongery
65308,Cables & Wires
65309,Cables & Wires
65310,Electrical
65311,Electrician 
65312,Electrician 
65313,Sundries
65314,Charge
65315,Charge
65316,Insurance
65317,Manpower
65318,Insurance
65319,Refreshments
65320,Office Consumables 
65321,Office Consumables 
65322,Pipes
65323,Refreshments
65324,Plant
65325,Insurance
65326,Plant
65327,Office Expenses
65328,Erection
65329,Tyres
65330,Gypsum Works
65331,MEP Material
65332,Ironmongry
65333,Ironmongry
65334,Insurance
65335,Insurance
65336,Insurance
65337,Insurance
65338,Insurance
65339,Insurance
65340,Insurance
65341,Insurance
65342,Plant
65343,Parts
65344,Insurance
65345,Insurance
65346,Insurance
65347,Insurance
65348,Cables & Wires
65349,Geotechnical Report
65350,Precast Concrete
65351,Pipes
65352,Geotechnical Report
65353,Geotechnical Report
