Name,Supplier ID,Phone,Address,Email Address,Group
Aamaal Ready Mix,10101,+974 4460 3939,,,10
Teyseer Bldg. Materials and Transport Co.,10102,+974 4460 1583,P.O. Box: 4333,info@tayseerbm.com,10
Al Ghorairi and Partners,10103,+974 4432 4959,,,10
Al-Maddad Al-Qatria Co,10104,+974 4498 1004,,,10
Al-Muftah Ready Mix,10105,+974 4450 6588,,,10
Al-Najjar Store,10106,+974 4442 3348,,,10
Al-Obaidly Ceramics Co.,10107,+974 4458 2500,P.O. Box: 3678,info@alobaidly-group.com,10
Al-Rayyan Block Factory,10108,+974 4490 1939,,,10
Al-Sabeel Buildiing Materials Trdg,10109,+974 4431 2987,,,10
Abdul Hameed Abdul Rahim and Asad Co,10110,+974 4442 3312,,,30
Amana Steel,10111,+974 4401 6222,,,10
Nehmeh Corporation LLC,10112,+974 4434 3000,P.O. Box: 99,info@nehmeh.com,10
Arabian Mix Co,10113,+974 4451 6910,,,10
Athens Granite and Marble Co,10114,+974 4460 4933,,,10
Bin-Al-Sheikh Tradg. Est,10115,+974 4450 3928,,,10
CMC Qatar,10116,+974 4469 9833,,,10
Dhafir Switchgear,10117,+974 4476 3878,,,10
Doha Takaful,10118,+974 4429 2777,,,10
El-Sewedy Cable,10119,+974 4455 3043,,,10
Fair Trade Qatar,10120,+974 4451 3000,,,10
Falcon Ready Mix Co,10121,+974 4490 3080,,,10
Global Electric Co,10122,+974 4015 0723,,,10
Gulf Lights Electr. and Engineering,10123,+974 4469 9683,P.O. Box: 2071,info@gulflights.com,10
Gulf Switchgears Co,10124,+974 4450 2467,P.O. Box: 40467,thaha@gulfswitchgears.com,10
Hasenesco Block Factory,10125,+974 4468 1259,,,10
Hempel Paints,10126,+974 4455 9000,P.O. Box: 3484,adminqa@hempel.com,10
Heritage Furniture,10127,+974 4432 6699,,,10
Hussain Fikri Sons Tradg. Co,10128,+974 4458 3999,,,10
Khalid CementIndustries Complex,10129,+974 4450 1111,,,10
Khalifa Steel Industries Co,10130,+974 4444 1112,P.O. BOX: 24343,shafeek@khalifasteel.com,10
Marine Trading & Contracting Co.,10131,+974 4442 8334,P.O. Box: 399,office@marineqatar.com,10
Masa Lifts,10132,+974 4005 4300,,,10
Mohd. Yousuf Kafood & Sons. Trad. & Cont. Co.,10133,+974 4465 7777,P.O. Box: 3244,kafoodco@qatar.net.qa,10
Nabina Building Materials,10134,+974 4465 2345,P.O. Box: 130,building.materials@nabina.com,10
National Rebar Formation Factory,10135,+974 4466 9037,,,10
Qaser Al Andalus Co,10136,+974 4460 4337,,,10
Qatar Building Co,10137,+974 4460 0365,P.O. Box: 40311,info@qbcqatar.com.qa,10
Qatar Clay Bricks Co,10138,+974 4460 3157,,,10
Qatar Islamic Insurance,10139,+974 4465 8888,P.O. Box: 22676,qiic@qatar.net.qa,10
Qatar National Cement Co,10140,+974 4469 3800,P.O. Box: 1333,qatarcement@qatar.net.qa,10
Rabban Ready Mix,10141,+974 4460 0380,,,10
Smeet Ready Mix,10142,+974 4491 1300,P.O. Box: 32535,info@smeet.com.qa,10
Spartan Ready Mix and Tiles Co,10143,+974 4460 1109,,,10
Techno Light,10144,+974 4469 6418,,,10
Gold Leaf,10145,+974 3379 9804,,,10
Gulf Flag Co. W.L.L,10146,+974 4460 0508,P.O. Box: 40017,info@gulfflag.com,10
Conexion,10147,+974 4469 7523,,Info@conxionlogistics.com,10
Arab Center for Engineering Studies,10148,+974 4487 0141,P.O.Box: 19579,acesdoha@aces-int.com,10
EBMC,10149,+974 4419 9888,,,10
Delta Business Systems,10150,+974 4436 0828,,,10
Hilti Qatar W.L.L,10151,+974 4406 3600,P.O. Box: 24097,info@hilti.com.qa,10
Al Able Trading and Contracting,10152,+974 4005 4343,P.O. Box: 35166,info@alable.net,10
MTC Surveys,10153,+974 4465 4414,,,10
Al Maram International Co.,10154,+974 4436 6685,,,10
Construction Computer Software,10155,,,,10
Mohamed Abdulrahman Al-Bahar,10156,+974 4015 9555,P.O. Box: 2171,info@albahar.com,10
Zenith Technical Services W.L.L.,10157,,,,10
Green Hill Electrical Equipment store,10158,,,,10
KG Plastic,10159,+974 4411 4320,P.O. Box:  37461,info@alkhayarinplastic.com,10
Lemax Electrical & Mechanical Trading,10160,+974 4469 9756,P.O. Box: 82734,sales@lemacgcc.com,10
Trans Power,10161,+974 4481 2702,P.O. Box: 80533,transpower@tqptr.com,10
Concorde Hotel,10162,+974 4407 3333,P.O. Box: 200000,info@concorde.com,10
Epic international,10163,,,,10
Gulf Laboratories Co.,10164,+974 4460 7034,P.O. Box: 4024,gulflabs@mannai.com.qa,10
Blue Ribbon,10165,,,hr.brdoha@gmail.com,10
Teyseer Industrial Supplies and Services (TISCO),10166,+974 4458 5464,P.O. Box: 40523,tissco@tissco-qatar.com,10
Qatari Home Design & Engineering Consultants,10167,+974 4443 8800,P.O. Box: 7825,qatarihome@qatarihome.com,10
Al Muftah Interiors,10168,,,Interiors@almuftah.com,10
IBA Real Estate,10169,+974 4040 3535,P.O. Box: 15,maintenance@iba.com.qa,10
Alba Engineering Service,10170,,,info@albagenerators.com,10
Doha Insurance,10171,,,,10
Qatar Indo Fabs,10172,,,,10
Al-Mwada Building Material Co.,10173,,,,10
D.C.S Trading and Services,10174,,,dcstrading@hotmail.com,10
Al Kindi Trading Est.,10175,,,,10
Quarry King Marble and Granite Co.,10176,+974 4460 3876,P.O. Box: 18576,kabeerhussain5@gmail.com,10
Eiffel Furniture,10177,,,,10
Elite Middle East,10178,,,elitemea@gmail.com,10
IBA Aluminium,10179,+974 4460 0258,P.O. Box: 15,aluminium@iba.com.qa,10
Chip Qatar Solution,10180,,,info@chipqatar.com,10
Almana Computer Services,10182,,,infor.acs@almanagroup.com,10
Al-Kholaifi Trading Co.,10183,+974 4451 6622,P.O. Box: 301,kholaifi@qatar.net.qa,10
ITCC-Imperial Trading and Contracting Company,10184,+974 4414 2276,P.O. Box: 23665,trading@itccnet.com,10
Genie Light,10185,,,,10
"Ultimate Trading, Building Materials & Supplies Co",10186,+974 4436 6576,P.O Box: 24499,info@ultimate-qatar.com,10
Larkspur Group,10187,,,larkspurqatar@gmail.com,10
Ultra Light,10188,,,ultralight@ultra-light.net,10
I B A Stailess Steel,10189,,,,10
Al Baqali Automatic Doors,10190,+974 4468 4280,P.O. Box: 10768,Info@albaqali.net,10
Emirates Kitchen Equipment,10191,,,ekekitcn@gmail.com,10
Guilf Carpet Factory,10192,,,,10
Vedeo Home - LG,10193,,,,10
Al-Feroz International Trading,10194,+974 4432 1909,P.O. Box: 22613,electrical@alferozqatar.com,10
Al-Emadi Enterprises,10195,,,alemadi@alemadi.com.qa,10
Capital Trading Est.,10196,+974 4443 5576,P.O. Box: 1017,Info@capitaltrading.co,10
Alba Generators,10197,,,Info@albageneras.com,10
IBA Interiors,10198,+974 4460 0511,P.O. Box: 15,interiors@iba.com.qa,10
Sourcing Point Trading and Contracting,10199,,,stqatar@outlook.com,10
Samtech Switchgear & Automation Technologies Co.,10200,+974 4434 2148,P.O. Box: 15104,info@samtechqa.com,10
Al Asas Factories,10201,+974 4460 0088,P.O. Box: 9115,emarat.blocks@yahoo.com,10
Maysaloon Engineering Co.,10202,+974 4442 8763,P.O. Box: 75182,info@maysaloonqatar.net,10
Al-Thuraya International,10203,,,,10
Lulu Paints Center,10204,+974 4443 2805,P.O. Box: 14061,lulupaintsc@gmail.com,10
Al Farraj Electrical Engineering,10205,,,,10
Al Misnad,10206,,,,10
Al-Ain Contracting,10208,,,,10
Madar Building Materials,10209,+974 4460 4333,P.O. Box: 24322,bmse3.qa@madar.com,10
Mection Qatar - Man Power,10210,,,,10
Mohammed Abdullah Al-Jassem General Contracting,10211,,,aljassemgeneral@gmail.com,10
Gulf Concrete Products,10212,+974 4450 0303,P.O. Box: 1391,gcpqatar@yahoo.com,10
Derbas Decor and General Maintenance,10213,,,darbasdecor@gmail.com,10
Field Industrial Supplies,10214,+974 4436 7839,P.O. Box: 55735,operations@fis.com.qa,10
Innovation Renewable Energy,10215,,,,10
Manar Al - Omran,10216,,,,10
Qatar Internatiol Electrical Co.,10217,+974 4450 1119,P.O. BOX: 24560,sales@qiecoqatar.com,10
Pal Mixx Quality Plaster And Morter,10218,,,Inf@plamixx.com,10
Medford Trading W.L.L,10219,+974 4411 6111,P.O. Box: 3541,info@medfordtrading.com,10
Al - Andalus Marble Decor And Granite Co.,10220,+974 4416 0361,P.O. Box: 30960,alandalusmarble@yahoo.com,10
Sports Corner,10221,,,,10
Marafeq Qatar,10222,+974 4012 0120,P.O. Box: 5651,info@marafeq.com.qa,10
Sea Gulf For Equipment Co.,10223,,,info@seagulfequipment.com,10
Jubaili Bros. W.L.L,10224,+974 4416 0121,P.O. Box: 201857,jbqatar@jubailibros.com,10
Almuftah Polymer W.L.L,10225,+974 4411 4325,P.O. Box: 875,polymer@almuftah.com,10
Al - Sahoo Trading Co.,10226,+974 4469 6226,P.O Box: 23446,info-qa@alsahoogroup.com,10
Zeeman Services Solution,10227,+974 4408 7444,P.O. Box: 30747,sidhesh@zeemanqatar.com,10
Qatar Design Consortium,10228,,,mail@qdcqatar.net,10
Mantect Office Systems,10229,,,,10
59 Real Estate,10230,+974 4040 3535,P.O. Box: 15,59re@iba.com.qa,10
Morden Construction & Supplies,10231,+974 4037 4324,P.O. Box: 13090,info@mordenscaff.com,10
Al Amodi Group,10232,,,info@alamodigroup.com.qa,10
Goodwin Qatar W.L.L,10233,+974 4468 2225,P.O. BOX: 13066,infor@goodwinqatar.com,10
Qatar Fuel (WOQOD),10234,+974 4021 7777,P.O. Box: 7777,customerservice@woqod.com.qa,10
Al Tofei Trading,10235,+974 4432 8403,P.O. Box: 16545,info@qatar-atc.com,10
Al Hamad Automobiles Co. W.L.L,10236,+974 4450 1247,31531,info@alhamadautomobiles.com,10
Mohamed Saber,10238,+974 7030 1091,P.O. Box: -,-,10
Abdel Latif,10239,+974 3099 8834,P.O. Box: -,-,10
ALNAHA FOR TRADING & CONTRACTING,10240,+974 3352 6809,P.O. Box: 9998,-,10
Al Shark Sanitary Ware Co.,10241,,,shark4595@yahoo.com,10
Felix Construction Co. W.L.L,10242,+974 4442 1650,P.O. Box: 11536,fcc@felixgroup-qatar.com,10
Al Obaidly Trading & Services W.L.L.,10243,+974 4437 8929,P.O. Box: 13964,sales@aotsqatar.com,10
Security & Safety Solutions for Security Services,10244,+974 4491 9121,P.O. Box:23047,mitani@ssileb.com,10
Don Construction Products - Qatar W.L.L,10245,+974 4411 4004,P.O. Box: 24839,Hesham.Azouz@dcp-int.com,10
Venture Global W.L.L,10246,,,mc2@vgtech.com.qa,10
Union Trading Center,10247,+974 4444 6443,P.O. Box: 546,utc.qatar@yahoo.com,10
Saad Bin Majid Trading Co. W.L.L,10248,+974 4450 2074,P.O. Box: 16088,sbmco88@yahoo.com,10
Concord International Import Export Co.,10249,,,,10
BBMC Building Materials Co.,10250,+974 4432 6000,P.O Box: 20081,salesqatar@bbmcgroup.com,10
Al Emadi Travels,10251,,,alemaditravels @gmail.com,10
Danube Building Materials Co.,10252,,,najmasales@aldanube.com,10
Al Baraha Engineering Consultant,10253,,,info@bec.com.qa,10
MTO MWATN Transport Office,10254,,P.O. Box 200505,,10
AL WATANIA STEEL QATAR,10255,+974 4411 4774,P.O. BOX:37519/8019,saleh_mubarak@alwataniagroup.com.qa,10
AL-QATARIA FOR IND. STEEL WLL,10256,+974 44605353,Street 10 Building 357 Zone 57 Industrial Area,sales@alqatariasteel.com,10
MAVEN TRADING & INSTALLATION WLL,10257,+974 4482 3778,"Office #509, Building No. 113, Street 220, Zone 25",sales1@maven-trading.com,10
True Link Trading and Contracting WLL,10258,+974 7733 4127,New Souq Al Haraj Al Wakara,qa.truelink@gmail.com,39
Gulf Neon Advertising & Gift items,11214,+974 4437 2160,P.O. Box: 3460,gulf.neon@gmail.com,10
Gather Tradind W.L.L,11215,,,gathertrading@gmail.com,10
Jasim Nema Blocks Factory,11216,+974 4460 0159,P.O. Box: 23,-,10
Al Majaz Information Technology Consultants,11217,+974 4465 9111,P.O. Box: 13444,info@almajaz.com,10
Boom Treatment Company,11218,,,info@boomwaste.com,10
Jaidah Motors Trading Co. W.L.L,11219,+974 4463 8854,P.O. Box: 150,electrical@jaidah.com.qa,10
Mary for Cleaning Pest Control and Trad,11220,+974 4468 9399,P.O. Box: 1625,maryqatar777@gmail.com,10
Torch Engineering and Trading Co.,11221,+974 4435 3278,P.O. Box: 45708,abdulaziz@torcheng.com,10
Al Hamadi Trading-Qatar Prefab,11222,,,info@alhamadigroup.com,10
Professional Partners Trading S.P.C,11223,+974 4437 3131,P.O. Box: 3787,info@ppt.com.qa,10
Mechelec Intl Trading W.L.L,11224,+974 4444 1194,P.O. Box: 31948,info@mechelecwll.com,10
Al Safa Mechanical and Electrical Tools,11225,,,,10
Telephony Communication Technologies,11226,,,sales@telephonyme.com,10
Technology Solution Provider W.L.L,11227,,,info@tspqatar.com,10
Printek Computers W.L.L,11228,+974 4441 4717,P.O. Box: 37152,deltabs@qatar.net.qa,10
Texon Trading and Contracting,11229,+974 4431 0265,P.O. Box: 20566,sales@texontrading.com,10
Qatar Paving Stones,11230,+974 4402 7111,P.O. Box: 40611,qatarpavingstones@,10
Printer Garage,11231,+974 5514 7953,P.O. Box:12481,helpdesk@printer-garage.com,10
Al Baud Technology Co. W.L.L,11232,+974 4458 1259,P.O. Box: 63858,marketing@albaud.com,10
Profixo Trading and Contracting W.L.L,11233,+974 4039 6133,P.O. Box: 15250,profixoqatar@gmail.com,10
Middle East Industry Tiles and Block Co. W.L.L,11234,+974 4460 0046,P.O. Box: 2012,mohamad.yaqoud@gmail.com,10
Jama Marble and Granite Co.,11235,,,,10
Ceramic World,11236,,,,10
Aslak Trading & General Contracting,11237,+974 3305 3196,P.O. Box: 17202,mohammedbelalmih@gmail.com,10
Al Nemir Trading and Contracting,11238,+974 4411 5442,P.O. Box: 9129,sales@alnemir.com,10
Light Wave Zone Trading and Electrical Contracting,11239,,,,10
Qatar General Electricity & Water Corporation,11240,991,P.O. Box: 41,customercare@km.qa,10
Al-Ta'adhod Group Trading & Contracting,11241,+974 4041 2222,P.O. Box: 11764,a.abushanab@altaadhod.com,10
Unitech Qatar,11242,+974 4451 3301,P.O. Box: 23910,mohammad.sadek@unitech-qatar.com,10
Selection Trading W.L.L,11243,+974 3055 6311,P.O. Box: 989,info@selectiontrading.com,10
Abdulla Abdulrahman Obaidan Fakhroo Sons Trade Co.,11244,+974 4437 0909,P.O. Box: 413,sales@aaofakhroo.com.qa,10
Kingspan Yapi Elemanlari A.S.,11245,+90 212 236 60 32,Ciragan Cad. No:97,info.turkey@kingspan.com,10
Q-Tec Switchgear W.L.L,11246,+974 4436 2656,P.O. Box: 24477,info@qtecswitchgear.com,10
Qatar Boom Electrical Engineering,11247,,,,10
Star Delta Trading and Cont. Co. W.L.L,11248,,,,10
Adastra W.L.L,11249,+974 4000 2400,P.O. Box: 41208,finance@adastrawll.com,10
Doha Energy Trading and Contracting W.L.L,11250,,,info@dohaenergy.qa,10
E-Government,11251,+974 4040 3535,P.O. Box: 15,contracting@iba.com.qa,10
Abdullah Abdulghani and Bros.Co. W.L.L,11252,+974 4035 2171,P.O. Box: 1321,info@aabqatar.com,10
International Construction Solutions W.L.L,11253,,,,10
New Tools and Bolts Trading,11254,+974 4427 0714,P.O. Box: 20153,sajidalappy@gmail.com,10
MOHD and BROS INTL. Trading Co.,11255,+974 4431 7585,P.O. Box: 2892,-,10
Sahara Nails,11256,,,,10
Mannai Trading Co. W.L.L,11257,+974 4407 6311,P.O. Box: 76,vinodkumar.peethambaran@mannai.com.qa,10
Falkland Electricals and Trading Co. W.L.L,11258,+974 4416 6493,P.O. Box: 21280,info@falklandqatar.com,10
KPMG,11259,+974 4457 6444,P.O. Box: 4473,info@kpmg.com,10
Mokasco Express,11260,+974 4019 4949,P.O. Box: 45709,info@mokasco.com,10
Afaq Marble and Granite Co.,11261,,,ahmed_nour_18888@yahoo.com,10
Al Shulah Lighting,11262,,,,10
Expanded Metal Manufacturing Co. Ltd.,11263,+974 4460 3826,P.O. Box: 17840,qatarsales@exmetco.com,10
Khalid Corporation for sanitary Ware W.L.L,11264,,,admin@khalidsanitart.com,10
Project Polishing Co. W.L.L,11266,,,,10
Doha Steel and Mechanical,11267,,,,10
New Vision China Lighting,11268,+974 4415 1527,P.O. Box: 220201,jack@nvcqa.com,10
Al Ahmadi Trading W.L.L,11269,+974 4441 9435,P.O. Box: 11182,-,10
City Fitness W.L.L,11270,,,,10
Qatar Postal Service Co.,11272,,,ismailmg@qatarposts.com,10
Insight Designers and Engineers Cont.,11273,+974 4037 9626,P.O. Box: 91131,info@insightlighting.com,10
Al Arabiya Laboratories,11274,+974 4460 6103,P.O. Box: 38364,info@daratprojects.com,10
Boodai Trading Company W.L.L,11275,+974 4460 1304,P.O. Box: 4569,boodai@btcqtr.com,10
Saif Al Kuwari Trading and Services,11276,,,,10
New Rasafa Trading W.L.L,11277,,,newrasafaqatar02@gmail.com,10
Concord Surveying Works Co.,11278,+974 4456 8456,P.O. Box: 30,info@concordsurveying.com,10
Qatar Al Attiyah International Group,11279,,,info@snmeqatar,10
Qatar Green Leaders,11280,+974 4434 0477,P.O. Box: 11280,info@qatargreenleaders.com,10
Fit Worth Trading and Contracting Co. W.L.L,11281,+974 4416 1251,P.O. Box: 55621,sales@fitworthgroup.com,10
Nysa Trading and Contracting Co. W.L.L,11282,,,info@nysaqatar.com,10
Wiltz Trading and Contracting W.L.L,11283,,,sales@wiltzgroup.com,10
Almoayyed Commercial Services,11284,+974 4437 5951,P.O. Box: 30172,acsqatar@qatar.net.qa,10
Olive Office Trading,11285,+974 7060 4001,P.O. Box: 30020,sales@olivedoha.com,10
Management & Supplies for Elec Equipment M.S.E,11286,+974 4498 3288,P.O. Box: 80113,mseint@mseint.com,10
Japan Computer Technology,11287,,,,10
Tornado Decoration and lighting Company,11288,,,info@tornadoqatar.com,10
Euro Gulf Switchgears Trading W.L.L,11289,,,,10
Reward Furniture W.L.L,11290,,,rewardfurniture@gmail.com,10
Al Annabi Electronics,11291,,,zaiannabi@gmail.com,10
Pimtas Trading and Contracting W.L.L,11292,,,pimtastrading@gmail.com,10
Modern Home Electronic Business Unit Bosch,11293,,,,10
Waha Al Wakra Punctury for Tyres,11294,,,mohammed.hussain.trad@gmail.com,10
Mohamed Ali Abdul Rahman Trading Est.,11295,+974 4443 2270,P.O. Box: 4791,-,10
Land and Marine Oil Fields Services Co. W.L.L,11296,,,,10
Almana and Partners W.L.L,11297,+974 4433 6000,P.O. Box: 49,helpdesk@almanapartner.com,10
Ooredoo Q.S.C,11298,+974 4440 0400,P.O. Box: 217,customer.service@ooredoo.qa,10
Industrial Equipment and Service Co.,11299,+974 4442 8544,P.O. Box: 5722,info@rackplusstorage.com,10
Qatar National Plastic Factory W.L.L,11300,+974 44689977,P.O. BOX: 5615,sales@qnplast.com,10
Peri Qatar L.L.c,11301,,,,10
Ralee Computers W.L.L,11302,+974 4411 4868,P.O. Box: 13986,raleecomputers@gmail.com,10
Challenge Technology W.L.L,11303,,,info@cct-it.net,10
SunTech Trading Co. W.L.L,11304,+974 4443 4601,P.O. Box: 33115,sales@suntechqatar.com,10
Gulf Organisation for research and Development,11305,+974 4404 9010,P.O. Box: 210162,,10
Al Amer Electrical Boards Manufacturing,11306,,,inro@alamer-elec.com,10
ABC Project W.L.L,11307,+974 4460 6023,P.O. Box: 18930,info@abcgroupqatar.com,10
Polar Specialized Technical Services W.L.L,11308,,,sales@polartechnicalservices.com,10
Qatar Rotomould,11309,,,rotomould@qatar.net.qa,10
United Cooperation General Trading W.L.L,11310,,,,10
Al Nada International Factory,11311,+974 4460 6005,P.O. Box 17442,acc@alnadainternational.com,10
Servotek Group Buiding Material W.L.L,11312,+974 4460 3595,P.O. Box: 24101,info@servotekgroup.com,10
Al Andalus International for Building Materials,11313,+974 4460 0557,P.O. Box: 15112,alandalus@alandalusintl.com,10
Sultan Bin Jassim Trading and Contracting,11314,,,,10
Hepworth PME (Qatar) W.L.L,11315,+974 4405 8111,P.O. Box: 50207,info@hepworth.qa,10
Sanabl Al Khaleej Trad. and Services W.L.L,11316,,,sanablalkhaleej@gmail.com,10
Abdulla Al Emadi Trading Group,11317,+974 3369 4255,P.O. Box: 55333,gokul@aalemadi.com,10
Aamal Cement Industries W.L.L,11318,+974 4468 1950,P.O. Box: 40632,info@aamalcement.com,10
Qatari Diar Real Estate Investment Company,11319,,,,10
Fahad Bin Abdulla Block & Interlock Factory,11320,+974 4450 0993,P.O. Box: 5013,info@fbaind.com.qa,10
Mekdam Technology W.L.L,11321,+974 4405 9100,P.O. Box: 17654,info@mekdamholding.com,10
Graphical Trading Co. W.L.L,11322,,,sales@graphicaltrading.com,10
Rashid Al Mulla Sanitary&BLDS Materials Co WLL,11323,,,,10
Qatar Toronto Trading and Transport,11324,,,qatartoronto@yahoo.com,10
Doha Modern Printing Press LTD.,11325,+974 4480 3404,P.O. Box: 145,dmppgraphics@gmail.com,10
Supreme Technologies,11326,+974 4497 1300,P.O. Box: 11289,info@supremetech.me,10
Frontier Certification International L.L.C,11327,,,info@fci-qatar.com,10
Mumar Business,11328,,,,10
Gulf Tiles Factory,11329,+974 4460 0565,P.O Box: 2216,gulf.tiles@gmail.com,10
Trucks and Cranes L.L.C,11330,+974 4450 9988,P.O. Box: 40536,info@trucksncranes.com,10
Al Qayed Travel and Tours,11331,,,info@alqayedtravel.com,10
Al Jaber Heavy Lift and Transport W.L.L,11333,,,ajhl@ajhl.com.qa,10
Chemcon Contruction Chemicals,11334,+974 4450 4265,P.O. Box: 23767,sales@chemconqatar.com,10
Dutest Qatar W.L.L,11335,+974 44585479,P.O. BOX: 40523,sales@dutestqatar.com,10
Gazzaoui and Partners Qatar W.L.L,11336,+974 4450 7010,P.O. Box: 40856,gazzaoui@gazzaoui.com.qa,10
Power Max Trading and Contracting Co. W.L.L,11337,+974 4443 7586,P.O. Box: 20198,sales@powermaxqatar.com,10
Aqfal Trading & Services Co. W.L.L,11338,+974 4435 8642,P.O. Box: 80115,info@aqfalqatar.com,10
Salam Enterprises,11339,-,P.O. Box: 18419,info@salamenterprises.com,10
Asia Trading Engineering and Services Co.,11340,+974 4442 8544,P.O Box: 5722,portacabins6@asia-qatar.com,10
QAMSCO Building Materials Co. W.L.L,11341,,,info@qamsco.com,10
Al Qayed International Tents,11342,+974 4466 6650,P.O. Box: 13793,info@alqayedtents.com,10
Inno Tech Trading and Contracting,11343,,,,10
Petroleum Technology Co. W.L.L,11344,+974 4441 9603,P.O. Box: 16069,petrotec@qatar.net.qa,10
TUV SUD Middle East LLC,11345,-40051026,P.O. BOX: 24240,info.q@tuvsudme.com,10
Dallas Trading Co. LLC,11346,,,info@dallastrading.net,10
Thunderbolt For Electrical LTD.,11347,+974 4007 5747,P.O Box: 23108,sales@thunderboltltd.com,10
Art and Built Solutions,11348,,,,10
Canon Office Imaging Solutions L.L.C,11349,+974 4034 8700,P.O. Box: 23408,info@canon-qatar.qa,10
Credo Trading,11350,+974 4495 1444,P.O. Box: 207410,s.bappal@credo-intl.com,10
Jotun Paints Qatar,11351,+974 4441 2728,P.O. Box: 243737,Nadia.Hussain@jotun.com,10
Talib M. Talib Partner Company,11352,,,tmt.co@hotmail.com,10
Castle for Building Material Co. W.L.L,11353,+974 4005 3333,P.O. Box:15756,info@castle-mba.com,10
Al Bishri Tranding and Contracting,11354,+974 4432 5476,P.O. Box: 1040,albishri_doha@yahoo.com,10
Al Mojtama Store Co.,11355,,,,10
Tivoli Group L.L.c,113554,,,info@tivoli.com.qa,10
Crystal House,11356,,,info@crystalhouse.com.qa,10
Grade One Trading and Contracting,11357,,,,10
Marine Air Conditioning and Refrigerator Co.,11358,,,info@marcqatar.net,10
Halifax Trading and Contracting W.L.L,11359,,,,10
Touvay and Cauvin Trading and Services L.L.C,11360,,,info.Doha@trouvaycauvin.com,10
Liya Electricals W.L.L,11361,+974 4437 7907,P.O. Box: 31575,sales@liyaqatar.com,10
Hafele W.L.L,11362,+974 4450 2678,P.O. Box: 3321,info@hafele.com,10
Seero Engineering Consulting,11363,+974 4486 6821,P.O. Box: 201257,info@seeroeng.com,10
Profile and More Trading,11364,,,ebtisam@profile-and-more.com,10
Safetech Electro Mechanic Trading & Contracting,11365,+974 4436 9289,P.O. Box: 22524,essa@safetechdoha.com,10
Al Shaya International Co. W.L.L,11366,,,,10
Prompt Trading Engineering and Services,11367,+974 4411 5771,P.O. Box: 24067,prompt@promptqatar.com,10
Thats Living Caracole Qatar,11368,,,,10
Electro City Trading,11369,+974 4432 3534,P.O. Box: 30652,electrocitytrading@gmail.com,10
ICTUS Projects,11370,+974 4468 0983,P.O. Box:55967,info@ictusme.com,10
Galaxy Engineering Consultancy,11371,+974 4411 0664,,info@galaxygec.com,10
DLI Technology & Information Systems,11373,+974 4451 3950,P.O. Box: 39389,info@dliqatar.com,10
Access Equipment Rental and Trading Gulf L.L.C,11375,+974 4039 9522,P.O. Box: 6635,contact@accessrental-gulf.com,10
Laurus Technologies LL.C,11376,+974 4478 2465,P.O.Box 31123,sales.qa@laurustechnologies.com,10
Cabina Enterprises,11377,+974 4469 2121,P.O. Box: 8877,fbmg@fahedgroup.com,10
City Electrical Trading and Contracting W.L.L,11378,+974 4477 2993,P.O. Box: 82535,info@cetcqatar.com,10
Erga Qatar LLC,11379,+974 4444 6800,P.O. Box: 16389,nsh@ergaqatar.com,10
MOHD. Walid Al Sharabati,11380,+974 4444 6225,,,10
Rodha Khalid Co.,11381,+974 4431 0454,P.O. Box: 5767,sales@rodhakhalid.com,10
Khatib & Alami Consolidated Engineering Company,11382,+974 4465 5815,P.O. Box: 10281,doha@khatibalami.com,10
Metri Engineering Service W.L.L,11383,+974 3088 2548,P.O. Box: 19962,mes@mes.qa,10
Rental Station,11384,+974 4434 0918,,rental@rs-qatar.co,10
Hertz Dayim Equipment Rental,11385,,,,10
Al Zaman Lawyer and Legal Services,11386,+974 4431 1507,,,10
Blue Skies Trading and Contracting,11387,+974 4417 3139,,info@blueskiesqatar.com,10
BO Design,11388,+974 5596 5935,P.O. BOX: 15,DINAN.SA@HOTMAIL.COM,10
Al Alee Supporting Service,11389,,,,10
Mohammed Rahman Trading & Contracting,11390,+974 4480 5269,,mohammedrahmantrading@gmail.com,10
Al Sultan Customs Clearance & Freight Est,11391,+974 4441 3322,Po Box: 35456,alsultan72@yahoo.com,10
Golden Stone Trad & Cont Co.,11392,+974 4450 7742,P.O. Box: 31012,golden_stone10@yahoo.com,10
Smeet Precast,11393,+974 4459 2155,P.O. Box: 32535,ahassan@smeet.com.qa,10
Al Muftah Fiberglass Products W.L.L,11394,+974 4464 0278,P.O. Box: 875,fiberglass@almuftah.com,10
Aljabor Trading,11395,+974 4432 8500,P.O. Box: 295,augustian.francis@aljabortrading.com,10
Vega Trading and Contracting Company W.L.L,11396,+974 4016 5321,P.O. Box: 1322,info@vegagroups.com.qa,10
Barakat Engineering Co. W.L.L,11397,+974 4460 6376,P.O. Box: 40381,sales@barakatengg.com,10
Al Emadi Packaging Products,11398,+974 4411 4460,P.O. Box: 20929,app@alemadipp.com,10
Italian Style Qatar W.L.L,11399,+974 4466 1828,P.O. Box: 55045,info@italianstyleqatar.com,10
Fawaz Refrigeration & Air Conditioning,11400,+974 4436 0558,P.O. Box: 3086,qa.info@fawaz.com,10
Future Pipe Industries (Q.C.J.S.C),11401,+974 4476 8111,P.O. Box: 24678,sales-qatar@futurepipe.com,10
Al Tayeb Water Technology W.L.L,11402,+974 4435 7272,P.O. Box: 1401,Info@altayeb.com.qa,10
Advanced Business Technology,11403,+974 4460 0262,P.O. Box: 10250,it@abtqa.com,10
Qatar Primary Materials Company,11404,+974 4447 9411,P.O. Box: 22095,info@qpmc.qa,39
Firows Hospitality Cleaning W.L.L,11405,+974 4017 8992,P.O. Box: 57798,info@firowshopitality.com,10
Universal Production,11406,+974 4452 7988,P.O. Box: 27111,info@uniproduction.com,10
Imax Trading & Contracting W.L.L,11407,+974 5050 9344,P.O. Box: 11074,imaxqatar@gmail.com,10
TalentCity Trading & Contracting,11408,+974 4450 6051,PO.Box.30052,info@talentcity.me,10
Gar Waterproofing & Bitumen Factory,11409,+974 4444 9763,P.O. Box: 1421,m.sbaih@qarqa.com,10
Unipro Qatar,11410,+974 4451 3301,P.O. Box:23910,unipro.qatar@unipro-qatar.com,10
Karas Qatar Trading and Contracting W.L.L,11411,+974 4431 9267,P.O.Box: 1175,info@karasqatar.com.qa,10
Gulf Ceramic,11412,+974 4468 4200,P.O. Box: 22976,info@gulfceramic.com,10
Enteq Trading and Contracting,11413,+974 4478 5200,P.O. Box: 31209,info@dohaenergy.qa,10
Doha Technical Laboratories,11414,+974 4460 7508,P.O. Box: 40462,info@dtl.com.qa,10
Green Waste Managment Sewerage Services L.L.C,11415,+974 4411 2260,P.O. Box: 33127,info@greenwaste.qa,10
MEAC Water Systems Co.,11416,+974 4421 5295,P.O. Box: 32101,ashaker@meacqatar.com,10
Deco-Tech Metal Profile Factory,11417,+974 4460 4337,P.O. Box: 11218,kamal@decotechqatar.com,10
Safe and Secure Trading W.L.L,11418,+974 4431 3107,P.O. Box: 82178,info@sastrading.net,10
We Serve Trading & Contracting W.L.L,11419,+974 4444 0969,P.O. Box: 15194,weserve@qatar.net.qa,10
Bardwil Specialities Qatar,11420,+974 4469 9436,P.O. Box: 24044,info@bardawil-qatar.com,10
Dubai Lights,11421,+974 4481 8471,P.O. Box: 82936,info@dubai-lights.com,10
Al Khaleej Modern Lights,11422,+974 4437 3604,P.O. Box: 10299,alkhaleejmathew@hotmail.com,10
Oasis Used Cars,11423,+974 4431 2828,PO.Box: 14702,sales@oasiscars.com,10
Al Mana Motor Company,11424,+974 4448 9922,P.O. Box: 491,info.aa@almanagroup.com,10
Excel Trading W.L.L,11425,+974 4442 3435,P.O. Box: 4725,jean.sales.doha@excelintgroup.com,10
Blutronic Trading,11426,+974 4465 3238,P.O. Box: 201531,eepen@blutronic.com,10
Qatari Canadian for Energy & Electrical Industries,11427,+974 4481 3602,P.O. Box: 96302,info@qce-qatar.com,10
IT Cloud Trading and Programming WLL,11428,+974 7764 2470,P.O. Box: 17854,waqar@itcloud.qa,10
Seashore Panel Factory,11429,+974 4436 1241,P.O. Box: 41100,mkd1@sppqatar.com,10
Bin Al Sheikh Rebar Factory,11430,+974 4450 6274,P.O. Box: 13321,thomas@binalsheikh.com,10
Versalles Trading & Contracting Est.,11431,+974 5067 6214,P.O. Box 19743,-,10
Zainal Electronic Centre,11432,+974 4443 3391,P.O. Box: 10657,saleszecdoha@gmail.com,10
Watermaster Qatar W.L.L,11433,+974 4444 2494,P.O. Box: 39364,rroman@watermasterqatar.com,10
Spectrum Industries W.L.L,11434,+974 4469 0421,P.O. Box: 201636,sales@spectrumgulf.com,10
Susin Qatar Trading & Contracting W.L.L,11435,+974 4493 4822,P.O. Box: 220,info@susinqatar.com,10
Ronautica Middle East,11436,+974 4409 5279,P.O. Box: 7256,hmo@ronauticame.com,10
Al Raeda Consultancy & Quality,11437,+974 4496 2561,P.O. Box: 75031,sales@alraeda.qa,10
Print Shop,11438,+974 4429 2900,P.O. Box: 13591,info@printshop.qa,10
Al Wajba Motors,11439,+974 4411 1102,P.O. Box: 17444,aftersales@alwajbamotors.com,10
Arabi Company - Qatar W.L.L,11440,+974 4469 6841,P.O. Box: 22096,sameeh.dawud@arabiqatar.com,10
Nuserv DMCC,11441,+971 4514 4607,Unit No: RET-R5-14 Detached Retail R5,asowinska@protenders.com,10
Zoom Trading W.L.L,11442,+974 4411 9138,P.O. Box: 31130,-,10
Cruise Marine for Ships W.L.L,11443,+974 6690 4440,P.O. Box: 21431,cruisemarine.qatar@gmail.com,10
Cambridge Trading & Services,11444,+974 4432 2203,P.O. Box: 23986,info@cambridgeqatar.com,10
Dextra Manufacturing Co. Ltd.,11445,+66 0 2021 3800,"5th Floor, Lumpini II, Building 247",,10
JSL Global,11446,+974 4485 0653,P.O. Box: 55502,commerical@jsl-global.net,10
Doka Qatar W.L.L,11447,+974 4450 0628,P.O. Box: 23439,qatar@doka.com,10
Leminar Global Distribution & Services W.L.L,11448,+974 4467 3755,P.O. Box: 3841,infoqatar@leminar.net,10
Qatar Pipeline & Fittings Co. W.L.L,11449,+974 4460 3773,P.O. Box: 40290,enquiry@qaddcoqatar.com,10
Amiantit Qatar Pipes Co. Ltd.,11450,+974 4411 4873,P.O. Box: 40194,aqap@qatar.net.qa,10
Al Athbi Trading Group WLL,11451,+974 4483 3505,P.O. Box: 1728,info@alathbi.com,10
Nemer Metal Industries Factory,11452,+974 4432 9991,P.O. Box: 23229,info@nemermetal.com,10
Doha Cables Qatar W.L.L,11453,+974 40339596,P. O. Box: 22487,info@dohacables.com,10
Uniplast Co. W.L.L.,11454,+974 4443 1458,P.O. Box: 8875,shahid.uniplast@gmail.com,10
Laffan Trading and Contracting,11455,+974 4432 9738,P. O. Box: 6363,sales@laffantrading.com,10
Qatar International Electrical Co.,11456,+974 4450 1119,P. O. Box: 24560,sales@qiecoqatar.com,10
Mohamed Q.Al Guthmi Sons Co.,11457,+974 43011 2602,,,10
Masa Cleaning Co. W.L.L,11458,+974 4005 4300,P. O. Box,info@masaqatar.com,
Petrogold Trading & Contracting Co. W.L.L,11459,+974 4463 1277,P. O. Box: 200360,sales@petrogoldservices.com,10
Atlantis International Contracting W.L.L,11460,+974 7754 8899,P.O. Box: 96159,infoatlantis007@gmail.com,10
Nasrallah Trading Est.,11461,+974 4458 3211,P.O. Box: 118,-,10
Play and Learn,11462,+974 4005 2600,P.O. Box: 3604,info@playandlearn.qa,10
Buildware Trading Co.,11463,+974 4412 6978,P.O. Box: 80115,laijubuildware@gmail.com,
Ciko Middle East,11464,+974 4411 4787,P. O. Box: 295,aline.bahou@clkome.come,10
Tripon Star Trading & Contracting,11465,+974 4478 1630,P.O. Box: 11872, info@triponstar.com,10
Cozmo Travel,11466,+974 4436 9444,P.O. Box: 35380,info-qatar@cozmotravel.com,10
Power Shoes Trading Co.,11467,+974 4477 5964,P.O. Box: 14774,info@extreme-toy.com,10
Family Computers,11468,+974 4432 4070,P.O. Box: 14337,sales@fccqatar.com,10
Almoe AV Solutions W.L.L,11469,+974 4491 3102,P.O. Box: 96375,santhosh.kumar@almoe.com,10
Alabama Trading,11470,+974 6622 2781,P.O Box: 220045,sales@alabama.qa,10
Grand Store Trading and Contracting,11471,+974 4411 3220,P.O Box: 96126,info@gstc.com.qa,10
Computer Plus,11472,+974 4442 8713,P.O Box: 32435,Info@cplus-qatar.com,10
4K Building Materials,11473,+974 4460 4101,PO Box: 5187,info@4kbm.com,10
Anton Nehmeh Establishment,11474,+974 4434 3000,PO Box: 99,nehmeh.sapb1@nehmeh.com,10
Doha Petroleum Construction Co. LTD.,11475,+974 4460 0350,P.O Box: 1744,Pramod.Joseph@rapidaccess-gulf.com,10
Fix and Fit Trading & Contracting W.L.L,11476,+974 4436 6137,P.O Box: 2621,info@ffgroupqatar.com,10
Abdulla Almotawa Law Firm,11477,+974 4477 5730,PO Box: 9956,Abdulla@almotawalawfirm.com,10
Teyseer Trading and Contracting,11478,+974 4456 8055,P.O Box: 1556,b.vijayabalan@teyseergroup.com,10
Guide US TV,11479,7039699750,P.O Box: 3432,contact@guideus.tv,10
AL-AWALIA,114798,+974 4401 6413,P.O Box 22095,sales@qpmc.qa,10
Kdhaz Trading,11480,+974 7725 2313,P.O Box: 30268,kdzqatar@gmail.com,10
Seas & Deserts,11481,+974 4431 9799,"Porto Arabia Parcel 12, Unit 285",asuliman@seadesert.com,10
Qatar Factory For Fire Fighting Equipment,11482,+974 4402 5888,P.O Box 55644,info@qatarfactory.qa,10
Moore Stephens and Partners,11483,+974 4443 6156,P.O Box 17085,-,10
Unilock Block Factory,11484,+974 4414 0651,P.O Box: 12962,abdulla@unilockfactory.com,10
Zyklus Trading,11485,+974 4444 8852,P.O Box: 14965,info@zyklus.qa,10
Insasoft,11486,+974 5526 8733,P.O Box: 20406,info@orangeqatar.com,10
Quality Power Busbar Trading,11487,+974 4402 397,,info@q-bars.com,10
GoDo Delivery,11488,+974 4017 2672,P.O Box: 55533,accounts@godo.com.qa,10
Agbizz Trading and Engineering Services,11489,+974 4431 2602,P.O Box: 45729,retail@agbizz.com,10
Gulf Additive Factory,11490,+974 4416 9957,P.O Box: 2050,gaf@gafqatar.com,10
Media Solutions,11491,+974 4426 7509,P.O Box: 32522,Salesc@mediasolutionsmena.com,10
The Marine Place,11492,+974 4411 5151,,info@themarineplace.com,10
Royal Yacht Marine,11493,+974 6667 6915,P.O Box: 20280,info@royalyacht.qa,10
Qatar International Automobiles Co,11494,+974 4450 3930,P.O Box: 8155,mansales@manqatar.com,10
Styro Enterprises,11495,+974 4477 0649,,info@styre.qa,10
FTC Qatar,11496,+974 4443 3939,P.O Box: 6255,info@ftc-qatar.com,10
Al Dehleez Trading & Contracting,11497,+974 44513773,P.O Box: 24927,bala.p@dehleeztrading.com,10
Family Medical,11498,+974 4436 5489,P.O Box: 15193,feedback@fpgqatar.com,10
Faaf Consultants (Private) Limited,11499,+92 303750 2798,57B Furniture Market,,10
Awazel International Qatar,11500,+974 4442 0571,P.O Box: 31741,infoqatar@awazel.com,10
Euro Art Trading WLL,11501,+974 4490 7530,P.O Box: 6216,qatar@euro-art.co.uk,10
Middle East Merchants,11502,+974 4431 0540,P.O Box: 23395,admin@memqatar.com,10
Gulf Plant Trading & Contracting,11503,+974 4415 1743,P.O Box: 212064,info@gulfplantqatar.com,10
Lusail City Company,11504,+974 4497 7775,P.O Box 26060,info@lusail.com,10
"Simsima Tiles, Blocks & Interlock Factory",11505,+974 4450 9303,P.O Box: 3082,zenaida@simsimacement.com,10
Mavi Deniz Cevre Hizmetleri A.S,11506,+90 216 987 07 17,Bagdat cd Yeni Türkü Sk No: 12 Güzelyal,sales@mavideniz.com.tr,10
Tahara Trading,11507,+974 3383 9844,P.O Box: 201475,info@taharatrading.com,10
Oriental Trading Company,11508,+974 4442 5678,P.O Box 96,info@otcqatar.com,10
Signtrade,11509,+974 4436 3136,P.O. Box: 32008,doha@signtradeonline.com,10
Art Beton Contracting & Trading,11510,+974 3384 1110,P.O Box: 19115,artbetonq@gmail.com,10
Fence Industries Trading,11511,+974 4001 0622,P.O Box: 45631,fence@fenceindustries.com,10
Trans Gulf,11512,+974 4443 6433,P.O. Box: 5844,transgulf@transgulf.com.qa,10
Kangli Stone Co. Ltd. Nanan Shuitou,11513,+974 4436 6902,P.O. Box: 24830,hao.kanglistore@gmail.com,10
Acrylic Factory,11514,+974 4435 5113,P.O. Box: 10228,info@acrylicqatar.com,10
Doha Seagull Trading W.L.L.,11515,+974 3055 1689,P.O. Box: 45046,info@seagullmarine.qa,10
Aqua Tanks,11516,+974 3376 2451,P.O. Box: 13061,info@aquatanks.net,10
Nasser Bin Khaled Ready Mix Factory,11517,+974 4490 1915,P.O. Box: 6002,shady@nbkreadymix.com,10
Alwan Marble & Granite Factory,11518,+974 5575 1684,P.O. Box: 40664,cmg-qatar@hotmail.com,10
Al Sabea for Ready Mix and Blocks,11519,+974 4492 2452,P.O. Box: 82614, eenriquez@sabeagroup.com.qa,10
Trouvay & Cauvin Trading and Services LLC,11520,+974 4434 2402,P.O. Box: 2117,info@trouvaycauvin.com,10
Al-Asema Building Materials & Trading,11521,+974 4442 3777,P.O. Box: 3147,info@capital-qatar.com,10
Al Obeidly & Gulf Eternit Trading Co. W.L.L.,11522,+974 4465 1619,P.O Box: 1965,s.sajin@alobeidly.com,10
Startech Middle East,11523,+974 4465 1732,P.O. Box: 205415,support@startechsys.net,10
Metallic Equipment Co. L.L.C.,11524,+974 4444 6336,P.O Box: 18386,nabil@metallic.qa,10
Weltech Vision Trading Co. W.L.L.,11525,+974 4436 1268,P.O. Box: 15730,weltech.haris@gmail.com,10
Al Sultan Custom Clearance & Freight Est.,11526,+974 4441 3322,P.O. Box: 35456,alsultan72@yahoo.com,10
Confident Enterprises W.L.L.,11527,+974 4413 4488,P.O. Box: 3193,info@confidententerprises.com,10
Aamal Readymix W.L.L.,11528,+974 4460 3939,P.O. Box: 40557,sales@aamalreadymix.com,10
Diwan Al Emara W.L.L.,11529,+974 4483 3195,P.O. Box: 22235,info@diwanalemara.com,10
Four Color Printing Press,11530,+974 4467 0480,P.O. Box: 55509,info@qatar4color.com,10
Blanc Studio Interiors,11531,+974 5040 5193,P.O. Box: 14023,hajaradwaaan@gmail.com,10
QD-CPC Ready Mix,11532,+974 4430 9000,P.O. Box: 32535,ukhader@qd-cpc.com,10
QL Line,11533,+974 7077 4412,P.O. Box: -,project.manager@qatarline.qa,10
Salco Trading & Contracting Company,11534,+974 4441 1410,P.O. Box: 992,mathewsales@salcoqatar.com,10
Electro Trade Co. W.L.L.,11535,+974 4035 2222,P.O Box: 856,emad.ghasoub@aabqatar.com,10
Nabina Ceramic,11536,+974 4429 9999,P.O. Box: 130,noushad.payyariyil@nabinaholding.com,10
Doha Gratings & Metal Works WLL,11537,+974 4451 0346,P.O. Box: 40137,afsar@dohagratings.com,10
Light House Electrical W.L.L.,11538,+974 4421 0668,P.O. Box: 1994,lighthouseelectricwll@gmail.com,10
Almoayyed Air Conditioning,11539,+974 4432 2217,P.O Box: 24963,sibin@almoayyedac.com,10
Tesla International Group Trading & Cont. W.L.L.,11540,+974 4414 3966,P.O. Box: 80530,sales.tesla@tig.qa,10
Al Kuwaiti Stores W.L.L.,11541,+974 4434 2958,P.O. Box: 31493,sales@alkuwaitistores.com,10
Aquaplex Trading WLL,11542,+974 4488 5711,P.O. Box: 82953,billing@aquaplex.me,10
Becon Trading & Contracting W.L.L.,11543,+974 4455 2022,P.O. Box: 37312,niyas@becon.com.qa,10
Al Mahya Trading and Contracting,11544,+974 5598 2088,P.O. Box: 4610,almohtrd@hotmail.com,10
Al Bena for Electro-Mechanical Works,11545,+974 3398 9482,P.O. Box: 25147,info@albenaqatar.com,10
Al-Sehmiah Cement Products,11546,+974 4450 9900,P.O. Box: 24052,contact@alsehmiah.com,10
Hany Tawfik Consulting Office,11547,+974 4483 3246,P.O. Box: 13654,a.rashid@htco-qatar.com,10
Sodamco Qatar W.W.L.,11548,+974 4442 3816,P.O. Box: 22520,Roberto.Bejjani@saint-gobain.com,10
IMAR Trading & Contracting Co. WLL,11549,+974 4413 1770,P.O. Box: 22403,info@groupimar.com.qa,10
Doha Regional Plastic Solutions,11550,+974 4436 6244,P.O. Box: 40613,muneer@drps.com.qa,10
Arabian Specialised Materials WLL,11551,+974 4421 3636,P.O. Box: 55289,Hassib@asmaqatar.com,10
National Paints Factories Co. W.L.L.,11552,+974 4460 1602,P.O. Box: 40544,sales.sec@npfqatar.com,10
Al-Adraj Building Materials Est.,11553,+974 4469 1300,P.O. Box: 23789,m-elshaial@aladrajqatar.com,10
Alrayyan Juniors Trading Steel,11554,+974 4466 3498,P.O. Box: 90445,info@alrayyantc.com,10
Qatar Automobile Company W.L.L.,11555,+974 4422 7555,P.O. Box: 1290,-,10
Qatar Manlift Company W.L.L.,11556,+974 4441 5157,P.O. Box: 202278,info@qatarmanlift.com,10
Sanilux W.L.L,11557,+974 4441 7800,P.O. Box: 23391,info@sanilux.com.qa,10
Vodafone Qatar,11558,+974 4482 0300,P.O. Box: 24296,najeebvaran.kiyil@dsq.qa,10
UAQ Safety Training Centre,11559,+974 4029 8968,P.O. Box: 24570,hadiezz@uaq.qa,10
Al Waab Plastics Factory,11560,+974 4465 5181,P.O. Box: 14918,info@alwaabplastics.com,10
Marazeem Security Services,11561,+974 4431 7408,P.O. Box: 30205,noel@marazeemqatar.com,10
DSI Middle East W.L.L.,11562,+974 4458 0411,P.O. Box: 24893,tamer.ismaiel@dsi-middleeast.net,10
Carrier Solutions Contracting and Trading and Serv,11563,+974 4431 0555,P.O. Box 23500,abdulaziz.awida@carrier.com,10
Qatar Rockwool & Mineral Fibers Factory,11564,+974 4441 0026,P.O. Box: 202086,sales@qatarockwool.com,10
Management Solutions International,11565,+974 4416 2762,P.O. Box 47613,suhail@themsigroup.com,10
PTC Project Supplies W.L.L.,11566,+974 4427 7181,P.O. Box 35323,sales.qtr@ptcprojects.com,10
Almuftah Trading & Contracting Co. W.L.L.,11567,+974 4411 4325,P.O.Box. 875,almuftah@almuftah.com,10
Kfilter Manufacturer W.L.L,11568,+974 4443 7572,P.O.Box. 21739,sales@kfilterglobal.com,10
Crystal Stainless Steel,11569,+974 6657 7750,P.O.Box. 214105,hamsan@crystalstainlesssteel.com,10
Dorman Smith Switchgear W.L.L.,11570,+974 4038 6122,P.O.Box. 40249,dsqatar@dormansmithswitchgear.com,10
TS Qatar Systems & Communications W.L.L.,11571,+974 4436 4001,P.O.Box. 24699,shafni@tsqatar.com,10
Pipes Technology Co. W.L.L.,11572,+974 4481 3130,P.O.Box. 23783,info@pipestech.com,10
Al-Feroz Int'l Trading W.L.L.,11573,+974 4432 1909,P.O.Box. 22613,sami@alferozqatar.com,10
Kingfisher Trading & Contracting Company,11574,+974 4431 6996,P.O.Box. 31841,info@kingfisherqatar.com,10
PETRO-Q,11575,+974 4033 8861,P.O.Box. 4404,aashik@petro-q.com,10
Test and Measurement Solutions Co. W.L.L.,11576,+974 4442 1062,P.O. Box: 16052,tnm_admin@tnmsolutions.qa,10
Kasimy Trading & Building Materials WLL,11577,+974 4444 0295,P.O. Box: 2823,market@kasimy.com,10
Il Fiore Rosso Trading & Decoration,11578,+974 4488 0226,P.O. Box: 200824,info@ilfiore-rosso.com.qa,10
Eva Interior Fitouts,11579,+971(4)3116632,P.O. Box: 73310,sales@evainteriors.ae,10
Automan Scrap and Garage,11580,+974 7777 6092,-,info@automan.com,10
Newtech Eng. & Trd. W.L.L.,11581,+974 4431 1063,P.O. Box: 6193,sales@newtechqatar.com,10
Safety & Tools Trading & Building Materials,11582,+974 4005 7000,P.O. Box: 10805,a.alhalabieh@satbm.com,10
United Architects Consultant for Architecture,11583,+974 4421 4819,P.O. Box: 14326,info@uarc.net,10
Sanipex Qatar,11584,+974 4438 0200,P.O. Box: 16450,sandeep@sanipexgroup.com,10
Al Wataniya Concrete W.L.L.,11585,+974 4483 8751,P.O. Box: 24381,cezar@watancon.com,10
Popular Electricals and Trading Co. WLL,11586,+974 4431 0026,P.O. Box: 21084,sales@popularqatar.com,10
Al Messila Resort & Spa,11587,+974 4445 0000,P.O. Box: 970,amer.jaafar@luxurycollection.com,10
Altura Factory W.L.L.,11588,+974 4490 1003,P.O. Box: 96143,sales@alturaindustries.com,10
Sea Prince Trading W.L.L.,11589,+974 4480 9161,P.O. Box: 30498,sales@seaprinceqatar.com,10
Oryx Marble & Granite,11590,+974 4415 4386,P.O. Box: 17982,info@oryxmarble.qa,10
Doha Pools & Landscape W.L.L.,11591,+974 4007 0962,P.O. Box: 854,doha.landscape@yahoo.com,10
Industrial Cable Management Systems Co. W.L.L.,11592,+974 4450 0798,P.O. Box: 22108,biju@icmstray.com,10
Eventival Planners,11593,+974 7026 0268,P.O. Box: 8990,sarah@eventivalplanners.com,10
Cummins Qatar LLC,11594,+974 4453 3777,P.O. Box: 201710,subin.pillai@jaidah.com.qa,10
Petraco Trading and Contracting,11595,+974 4476 9954,P.O. Box: 7447,info@petraco.qa,10
Zynax Trading and Contracting W.L.L.,11596,+974 7023 2424,P.O. Box: 16426,sales@zynaxgcc.com,10
Brymax Lighting,11597,+974 5080 1666,P.O. Box: 201636,bd@brymaxglobal.com,10
Sydney General Trading and Contracting,11598,+974 6626 3398,P.O. Box: 2291,info@sydneyqatar.com,10
Profile Corporation,11599,+974 4441 2954,P.O. Box: 30182,sales@profilecorporation.com,10
Lamha Trading Co.,11600,+974 4478 1878,P.O. Box: 2818,lamhatrading@gmail.com,10
Hira W.L.L.,11601,+974 4467 6046,P.O. Box: 31179,p.aurelio@hiraqatar.com,10
S.B.K. Projects W.L.L.,11602,+974 4435 4644,P.O Box: 22147,dani@sbkprojects.com,10
Global Survey,11603,+974 4458 3283,P.O. Box: 319,moustafa@globalsurvey-qatar.com,10
Poomas Ledea Trading WLL,11604,+974 4039 0367,P.O. Box: 13137,poomasqatar@gmail.com,10
Acontec Engineering W.L.L.,11605,+974 4442 8256,P.O. Box: 23143,trading@aconengg.com,10
Artcorp Int'l.,11606,+974 4450 6660,P.O. Box: 3971,admin@artcorpintl.com,10
Qatar Oilfield Supply Center W.L.L.,11607,+974 4460 6547,P.O. Box: 15795,joelito@qataroilfield.com,10
Apollo Enterprises,11608,+974 4469 3334,P.O. Box: 2032,alim.islam@apollo-scaffolding.com,10
Architectural Avenue Trading and Services W.L.L,11609,+974 4404 7769,P.O. Box: 82863,a.ahmed@architecturalavenue.com,10
Asia Electro. Mechanical Co. W.L.L.,11610,+974 4435 7740,P.O. Box: 23556,quotation01@asiaqatar.com,10
Sterling Trading Co. W.L.L.,11611,+974 4431 2248,P.O. Box: 41228,info@sterlingtrading.qa,10
Manateq Economic Zones Qatar,11612,+974 4032 3333,P.O. Box: 29000,-,10
Tool World Trading W.L.L.,11613,+974 4442 7293,P.O. Box: 96255,ashoora@toolworldqatar.com,10
One Touch Trading & Services W.L.L.,11614,+974 4443 6016,P.O. Box: 37175,info@onetouchqatar.com,10
Braga S.p.a.,11615,+39 0375 - 091031,P.O. Box: 51,export@braga.it,10
Electrical Vision Trading L.L.C.,11616,+974 4029 2483,P.O. Box: 12381,prasad@electricalvision.com.qa,10
Uniform Specialist,11617,+974 4493 4202,P.O. Box: 21127,uniformspdoha@gmail.com,10
Officine Gullo S.r.l.,11618,+39 055 656 0324,P.O. Box: 50012,a.fusi@officinegullo.com,10
Diamond Professional Trading & Contracting,11619,+974 4435 0142,P.O. Box: 23907,info@diapro.com,10
Acoustic Design Firm Consultancy W.L.L.,11620,+974 4429 4992,P.O. Box: 17234,info@adf-ltd.com,10
Alsarf Trading & Contracting Co. W.L.L.,11621,+974 4466 5851,P.O. Box: 13333,info@alsarf.com.qa,10
FD Consult,11622,+974 4468 8450,P.O. Box: 55460,info@fdconsult.qa,10
Manlift Qatar WLL,11623,+974 4411 6891,P.O. Box: 23135,qatar@manliftgroup.com,10
Gebal Group W.L.L.,11624,+974 4039 2605,P.O. Box: 14156,youssef@gebalgroup.com,10
Wasa International Limited,11625,8.6133E+12,"Flat A, 30/F, Tower 1",1148568785@qq.com,10
Al-Dhow General Trading Contracting Company W.L.L.,11626,+974 4441 9862,P.O. Box: 22403,m.rasho@al-dhow.com,10
Maroon Homes Contracting,11627,+974 7004 5537,P.O. Box: 301321,riz@maroonhomes.com,10
Abensal Lighting,11628,+974 4016 4866,P.O. Box: 96069,sameel@abensal.com,10
Al-Majd Consulting Engineering Co. (W.L.L.),11629,+974 4468 3943,P.O. Box: 91378,info@almajdconsultancy.com,10
Deekar Heavy Equipment Rental,11630,+974 7725 0841,P.O. Box: 2454,deekarheavyequipment@gmail.com,10
Al Rabat Building Contracting Co.,11631,+974 4029 8627,P.O. Box: 18230,m.batran@alrabat-group.com,10
United Supplies Company W.L.L.,11632,+974 4471 5352,P.O. Box: 23353,khaledh@unitedsuppliesqatar.com,10
Fischer Fasteners QD Trading WLL,11633,+974 5060 4111,P.O. Box: 35190,sameer.rafeek@fischer.qa,10
Zegoret Trading & Contracting,11634,+974 5585 3725,P.O. Box: 16097,info@ziggurat-qa.com,10
Top Hygiene Hospitality and Cleaning Services,11635,+974 3002 6100,P.O. Box: 21423,vinod.tophygiene@gmail.com,10
Faisal Alshammary Contracting,11636,+974 55076593,P.O. Box: 29222,info@alshammary.store,10
Sika Qatar LLC,11637,+974 4016 3358,P.O. Box: 201847,hamad.khaled@qa.sika.com,10
Rafale Trading Co.,11638,+974 4466 5590,P.O. Box: 10111,basil@rafaleqatar.com,10
Rose House Contracting Co.,11639,+974 6649 8646,P.O. Box: 63845,rosehouse.co@gmail.com,10
Construction Material Trading Company,11640,+974 4413 1770,P.O. Box: 32321,a.cruz@cmtc.com.qa,10
Seagull HVAC Industry W.L.L.,11641,+974 3119 3043,P.O. Box:,awais.khan@seagullhvac.qa,10
Sherle Wagner International,11642,212-758-3300,100 DORRANCE STREET,zena.matar@sherlewagner.com,10
Raneen Energy Trading & Construction Co.,11643,+974 4447 1417,P.O. Box: 301377,raja@raneen.energy,10
Nutec Enterprises  W.L.L,11644,+974 3378 0645,P.0.Box : 8069,sales2@nutec-ent.com,10
Green Real Estate,11645,+974 4477 2422,P.O. Box: 10460,info@green-re.qa,10
Control Electronics and Electrical Trading Co. WLL,11646,+974 4001 2112,P.O. Box 20531,controlelectronicsqatar@gmail.com,10
Go Global Trading & Services,11647,+974 6667 5433,-,sales@goglobalqatar.com,10
Superior General Trading & engineering WLL,11648,+974 44500142,-,,10
AMAR CERAMICS TRADING W.L.L,11649,+974 7754 6559,P.O. Box : 13228,info@amarceramics.com.qa,10
Seero Engineering Consulting LLC,11650,+974 4486 6821,P.O. Box: 201257,info@seeroeng.com,10
Qatar Industrial Laboratories W.L.L.,11651,+974 4460 1580,P.O. Box: 10415,qil@qilqatar.com,10
Pluton Advertising Company WLL,11652,+974 4418 2009,P.O. Box: 17786,sales@plutontech.com,10
TraffiConsult,11653,+974 4436 1814,P.O. Box 31451,info@trafficonsult.com,10
Roche Bobois,11654,(+974) 4021 2040,PO Box 363,doha@roche-bobois.com,10
Everest Trading & Contracting Wll,11655,+974 3039 7175,,salesetcqatar@gmail.com,10
Advance Construction Technology Services,11656,+974 44882053,-,infoqatar@acts-int.com,10
Safana United Trading Company,11657,+966 539257100,Dammam Al Adamah,Kamal@safanaonline.co,10
Hi-Tech for Metal Products,11658,+974 4450 2467,P.O. Box: 40467,info@hightechmetalqatar.com,10
Sentor Electrical WLL,11659,+974 4415 4502,P.O. Box 82335,qatar@sentoelectrical.com,10
Al-Shark Sanitary Ware Co. W.L.L.,11660,+974 4444 3663,P.O. Box: 4595,shark4595@yahoo.com,10
Alrayyan Fire Systems,11661,+974 4432 9607,P.O. Box: 15494,alrayyanfiresystems.com,10
Paramount Trading Company WLL,11662,+974 4468 8335,P.O. Box: 35136,sales6@paramountqatar.com,10
Anvil Engineering Services & Trading,11663,+974 7100 9929,-,info@anvilengineering.qa,10
Arctic Cooling Company,11664,+974 4468 5844,P.O.Box: 45657,arctic@accqatar.com,10
LIBERTY HOUSE W.L.L,11665,+974 4431 3512,-,lhq.electronics@gmail.com,10
Al Hamad Automobiles W.L.L.,11666,+974 44510606,P.O Box: 31531, info@alhamadautomobiles.com,10
iFurniture,11667,+974 4001 6444,-,doha@gautier.qa,10
Bahar Contract Lighting,11668,+90 312 351 76 86,"Susuz, Istanbul Yolu 26. Km, 06980 Yenimahalle",bahar@baharlighting.com,10
Sports Village,11669,+974 4450 1166,P.O.Box: 45101,info@sportsvillageqatar.com,10
Kitchen Plus W.L.L.,11670,+974 4466 3566,P.O.Box: 3678,info@kitchenplus.qa,10
Aruva Distributions & Trading W.L.L.,11671,+974 4001 3490,P.O.Box: 12617,info@aruvadistributions.com,10
ConQueri,11672,+974 7781 1468,-,info@conqueri.com.qa,10
CMS Trading,11673,+974 4145 2900,15480,info@cmsqatar.net,10
Mubeenco Trading,11674,+974 4431 7567,-,mubeencotrading@yahoo.com,10
Polisandro Marble for Trading & Serives,11675,+974 4037 3168,P.O.Box: 3146,info@polisandro-qa.com,10
Waves Engineering,11676,+974 4443 0780,P.O Box: 37312,purchase@wavesengineering.com,10
Modern Home,11677,+974 4425 7568,P.O.Box: 615,EMhitti@darwishholding.com,10
Al-Azad Transportation,11678,+974 5555 3844,P.O.Box: 96798,alazdtransport@hotmail.com,10
Rare Distribution Qatar,11679,+974 4038 7946,P.O.Box: 19102,info@reredist.com,10
Tivoli Projects,11680,+974 4021 2000,P.O.Box: 3633,info@tivoli.com.qa,10
MAG General Trading LLC,11681,+974 3158 6804,-,m.adnanghani@maggulf.com,10
That's Living,11682,+974 4012 9777,-,inquire@thatsliving.com,10
The Humidor,11683,+974 7737 7776,PO Box :123,felipe@thehumidorqatar.com,10
Al Rahi,11684,+974 3000 4890,-,info@alrahi-furniture.com,10
Al Emadi Enterprises,11685,+974 4466 6625,P.O.Box: 3890,alemadi@alemadi.com.qa,10
Domasco,11686,+974 4424 6800,P.O.Box: 1427,domasco@domasco.com.qa,10
Chesneys,11687,+44 20 7627 1410,194-200 Battersea Park Road,chris.bevan@chesneys.co.uk,10
Al-Kashaf International,11688,+974 4414 7729,P.O.Box: 24693,info@alkashafqatar.com,10
Vixen International Trading & Contracting Co.,11689,+974 4416 5187,-,info@vixenint.com,10
Home Centre WLL,11690,+974 4428 9111,P.O.Box: 7199,Marouen.Mouldi@landmarkgroup.com,10
Lavignee Trading,11691,+974 3094 0436,P.O. Box: 6520,davidlangel@gmail.com,10
Fitworth Trading & Contracting WLL,11692,+974 4416 1251,P.O.Box: 55621,sales@fitworthgroup.com,10
Alaska Cleaning Centre,11693,+974 4466 5590,P.O.Box: 10111,sales@alaskaqatar.com,10
Jubilant Energy Generator,11694,+974 5561 1414,P.O. Box: 31375,,10
Alrais Trading Est.,11695,+974 4019 5330,P.O.Box: 4117,info@rais.qa,10
Aruva Distributions & Trading,11696,+974 4001 3490,P.O.Box: 12617,sales@aruvadistributions.com,10
Al-Maaref International Trading Co.,11697,+974 4491 0333,P.O. Box: 12958,almaarefintl@qatar.net.qa,10
Spring International Trad. & Cont. W.L.L.,11698,+974 4037 7789,P.O.Box: 2787,sales@springinternationalqatar.com,10
Chabros Trading Co. WLL,11699,+974 4450 0909,P.O.Box: 40815,doha@chabros.com,10
White Magic,11700,+974 5511 2172,P.O.Box: 90745,roy@whitemagic.qa,10
Al Buhaara Trading and Contracting,11701,+974 6682 7711,-,albuhaara77@gmail.com,10
Tawrid Qatar WLL,11702,+974 4441 8750,P.O.Box: 3082,info@tawridqatar.net,10
Al-Mansoor Consulting Engineering,11703,+974 5020 3909,P.O.Box: 36036,,10
Forma Build Trading,11704,+974 5206 2220,P.O.Box: 9354,sm@formabuildtrading.com,10
Hot Shot,11705,+974 4465 7215,P.O Box 17945,sportstrading@hotshotqatar.com,10
CESCO,11706,+974 4465 5581,P.O.Box:24105,cesco@cesco.com.qa,10
Lulu Rayyan,11707,+974 44800161,P.O.Box:20075,info@lulurayyan.com,10
Qatar Automobiles Company,11708,+974 5115 0155,P.O.Box: 1290,mdebanda@nbks.com,10
Al-Aqssa Agricultural Co.,11709,+974 7448 1732,P.O.Box: 12726,Sales@aqssa-agri.com,10
Jaypee Electricals Trading WLL,11710,+974 4476 3615,P.O.Box: 35108,sales@jaypeelectricals.com,10
Automax Trading,11711,+974 7024 8000,-,jasim@automaxqatar.com,10
Marina Platforms Qatar,11712,+974 4432 3246,P.O.Box: 47154,qatar@marinaplt.com,10
Aqfal Trading & Services Co. WLL,11713,+974 4435 8642,P.O.Box: 80115,sathyancheriyan@aqfalqatar.com,10
Beamed Trading WLL,11714,+974 4412 6795,P. O Box: 207014,sales@beamedtrading.com,10
Fontana Fountains,11715,+30 210 6202521,"14Km Athens-Lamia Highway, 145 64 Kifisia",d.chornos@fontanafountains.com,10
Golf International Company Hydroturf,11716,+974 4458 1241,P.O.Box: 39355,office@gich.qa,10
Open Haarden Centrum Breda BV,11717,+31 76 522 62 00,"Spinveld 31, 4815 HR BReda",info@openhaardencentrumbreda.nl,10
Inovec trading,11718,+974 4468 7067,P.O. Box: 23853,info@inovec.qa,10
Globelink West Star Shipping W.L.L.,11719,+974 4413 9333,P.O.Box: 35233,nawaz.ahmed@glweststardoha.com,10
Al Shabeeb Surveying W.L.L,11720,,P.O. Box: 5077,survey@alshabeeb.com.qa,10
ECU-LINE DOHA W.L.L.,11721,+974 4443 8491,P.O.Box: 24064,JosephLouise@ecuworldwide.com,10
Alcat Heavy Equipment parts & Services,11722,+974 4450 0501,P.O.Box: 22776,-,10
Tech Hans,11723,+974 4435 6816,P.O.Box: 12985,mail@techhans.com,10
Crystal Palace,11724,+974 4486 4124,P.O.Box: 39025,ashraf@cplighting.net,10
Fine Art Qatar,11725,+974 4488 3530,Place Vendome Mall 2nd floor,info@fineartqatar.com,10
The Splash Lab,11726,+44 161 482 7000,34 Meadow Industrial Estate,info.uk@thesplashlab.com,10
BUREAU OF ENGINEERING STUDIES,11727,+974 4441 7883,PO.Box 8201,,10
QATAR OILFIELD SUPPLY CENTRE W.L.L.,11728,+974 4460 6547,P.O. Box : 15795,qosc@qatar.net.qa,10
Doha Clean Line Design,11729,+974 6660 8448,,alnaimi2022@gmail.com,10
Al Safina Al Khaleejia Trading & Contracting WLL,11730,+974 4475 8467,P.O.Box: 105041,safina.contractors@outlook.com,10
Qatar Insulation Factory,11731,+974 4458 2326,P.O.Box: 33045,sales@qatar-insulation.com,10
Nay Trading Co. W.L.L.,11732,+974 4009 8989,"Area 91,  StreetNo.3086 Birkat Al Awamer",info@naytrading@gmail.com,10
Al Maktab Al Qatari Hollandi W.L.L.,11733,+974 4005 2888,P.O.Box 6937,administration@hollandi.com,10
Queen Airconditioning Ref. & Trading W.L.L.,11734,+974 5584 4213,P.O.Box: 19745,info@queenaircon.com,10
Wurth,11735,+974 4431 0161,P.O.Box: 10835,rami.d@wurthgulf-qatar.com,10
Royal Hospitality Co. W.L.L.,11736,+974 4464 1981,P.O.Box: 82905,Enquiry@royalhospitality.net,10
Ellora Group WLL,11737,"+974 3111 5909,",PO Box No.13873,sales1@elloragroupwll.com,10
Spa Vision Ltd.,11738,+44 (0)1225 744450,Pickwick Road Corsham,karin@spavision.com,10
MK Information Systems,11739,+974 4468 6383,P.O.Box No. 39033,admin@mkinfosys.net,10
Umm Nasser Center,11740,+974  3344 4419,"9CQP+8X4, Alnuaimi Area",,10
LED World Trading W.L.L.,11741,+974 5508 9801,P.O.Box: 3232,prakash.m@ledworld-me.com,10
Qatar Air Distribution Network,11742,+974 4450 3602,P.O.Box: 40852,info@qadnet.com,10
Shift Rubber Industries,11743,+974 4467 8841,P.O.Box: 1853,shiftrubbersales@shift.qa,10
Lacasa Qatar WLL,11744,+974 4491 6234,"9th floor, Al-Qassar Tower, Majlis Al Taawon St",grace.pabroquez@lacasa.qa,10
The Royal Light,11745,+974 4412 3672,"Shop No. 42-44, Building No.03 Barwa Village",info@theroyallight.com,10
Arabian Engineers Consultants,11746,+974 4477 7932,P.O.Box: 7151,aecdoha@hotmail.com,10
Qatar Modern Instruments & Controls Co. WLL,11747,+974 4443 2326,P.O.Box: 6429,info@qmcontrols.com,10
Dewchem Trading & Contracting WLL,11748,+974 4498 8032,P.O.Box: 30675,info@dewchem.com,10
Techno Guard,11749,+974 4444 3300,P.O.Box: 18386,info@tgqatar.com,10
MLM Qatar Microlab Medical,11750,+974 4480 4149,P.O.Box: 6503,sales@mlmqatar.com,10
Qatar Geotechnical & Environmental W.L.L,11751,+974 4406-3777,PO Box 1277,h.kailani@qgec.net,10
KINGSMAN TRADING,11752,+974 4418 5424,PO Box 90685,team@kmtrading.qa,10
INTEGRAL VENDING SOLUTION WLL,11753,+974 4466 0588,PO Box 23385,sales@ivendqatar.com,10
Conserve Green Building and MEP Solutions W.L.L,11755,+974 44427968,P O Box: 31718,info@conservesolution.com,10
THASAAMAH TECHNOLOGY,11756,4478 9683,P.O.Box: 20527,info@thasaamahtechnology.com,10
INTEGRAL SERVICES,11757,44621331,P.O. Box 18759,integral@qatar.net.qa,10
INTHRA HOTELS & RESTAURANT SUPPLIES,11758,+974 4434 0248,P.O.BOX: 22403,sales3@inthra.com,10
Al Rayes Laundry Equipment & Accessories W.L.L .,11759,+974 4451 0993,P.O.BOX: 3312,sro3@arle-qa.com,10
SUHAIL INDUSTRIAL HOLDING GROUP,11760,+974 4427 5552,P.O.Box: 8839,sales@suhailindustries.com,10
AL SAMAHA HOTEL EQUIPMENT TRADING AND HOSPITALITY,11761,+974 50573939,P.O. Box 38388,info@alsamahahotelsupplies.com,10
Al Rafa Global Trading & Contracting,11762,+974 55856403,,operations@alrafatnc.com,10
ZEAL PLANT HIRE & TRADING,11763,+974 5077 7096,P.O.BOX 35175,sales@zealplanthire.com,10
WELTECH VISION TRADING CO. WLL,11764,+974 4436 1268,P.O. BOX 15730,sales@weltechtrading.com,10
Chimera Solutions Trading W.L.L,11765,+974 4444 0428,P.O. BOX 214164,info@chimerasol.com,10
Pledge const & trading agencies,11766,+974 4415 5175,P.O. BOX 38495,info@pledgect.com,10
DELUXE TRADING & SERVICES WLL,11767,+974 4432 4925,P.O. BOX 16041,trading@dlxgroup.com,10
KHALID AL-ATTIYA LEGAL CONS & ATTY,11768,+974 4436 4447/8,P.O. BOX 9228,info@alattiya-legal.com,10
Al Hussaini Enterprises W.L.L,11769,+974 66203754,P.O BOX 16262,info@alhenterprises.org,30
Blue Crescent Engineering Trading & Cont. WLL,11770,+974 4463 5250,"9th Floor, Tower 3, Gate Mall, Doha, Qatar",info@bcrescent.com,10
Al Bayt Furniture,11771,+974 4000 1777,P.C BOX: 33157,sales@albaytfurniture.com,30
Fahad Bin Abdulla Readymix,11772,+974 4450 0993,P.O BOX: 5013,mai.sultan@fbaind.com.qa,30
NEW WARE COMPUTER SERVICES CO.,11773,-10249,P.O. BOX 40764,info@new-ware.com,10
NEW PRODUCTS PLASTIC FACTORY-NEWPRO WLL,11774,+974 4431 7793,PO.BOX:  5803,info@newpro.com,10
TEYSEER INDUSTRIAL SUPPLIES & SERVICES CO. WLL,11775,+974 4458 5454,P.O. BOX 40523,ftc@tissco-qatar.com,10
BLASLINE TRADING & CONTRACTING WLL,11776,+974 44670313,P.O. BOX 31625,sales@blastlineqatar.com,10
Computer Mart Trading,11777,+974 3331 4667,"Doha, Qatar",info@cmtqatar.com,10
Eng. Adnan Saffarini Office (Architects & Engrng),11778,+974 444 79531,P.O. BOX 3674,info@adnansaffarini.com,10
Gulf Crown Furniture & Services WLL,11779,+974 4466 0142,P.O. Box No 209246,asgar@gulf-crown.com,10
Shalimar Trading and Transport Co. WLL,11780,+974 44363631,P.O. BOX: 63485,info@shalimartransport.com,10
Arabian Trading Agencies Comapny W.L.L.,11781,+974 3377 7654,P.O.Box 10835,rami.d@wurthgulf-qatar.com,10
Bitumode Qatar Waterproofing,11782,+974 4444 2717,P.O. Box: 39199,info@bitumodeqatar.com,10
Trade House Qatar Co. WLL,11783,+974 40075757,P.O. BOX: 22108,tradehouse@qatar.net.qa,10
Fahad Bin Abdulla Precast Factory,11784,+974 4427-7482,P.O Box: 5013,varghese.thomas@fbaprecast.com.qa,10
AFFORDABLE TRADING CO. WLL,11785,+974 44114349,P.O. BOX 90777,sales.affordabletrading@gmail.com,10
BIN ARBAID TRANSPORTATION & EQUIPMENT WLL,11786,+974 44720908,P.O. BOX 60072,trans@binarbaid.com,10
Aysel Trading & Contracting Co. WLL,11787,+974 44 67 85 87,P.O. Box: 37110,,10
THREE LINES SHIPPING & LOGISTIC WLL,11788,+974 44665660,P.O. BOX: 201753,bd10@threelineshipping.com,10
AL-SHARK SANITARY WARE CO. BUILD. MAT. & ELEC.,11789,+974 44443663,P.O. BOX: 4595,shark4595@yahoo.com,10
METEK TRADING COMPANY WLL,11790,+974 44151403,P.O. BOX: 82158,sales@metekco.com,10
DARA  AL WATAN INSPECTION SERVICES,11791,+974 44128590,P.O. BOX:2120,info@dawisqatar.com,10
Sharq Law Firm,11792,+974 4021 2444,P.O. Box 6997,info#sharqlawfirm.com,10
Plamixx Factory W.L.L.,11793,+974 4464 1889,P.O. BOX: 82925,info@plamixx.com,10
Grace Engineering & Technical Services W.L.L.,11794,+974 4432 2786,P.O. BOX: 35441,grace@gserv.com.qa,10
BEVERLY HILLS B TO B SOLUTIONS TECHNOLOGY,11795,+974 4021 0100,P.O. BOX: 15421,info@kbnholding.com,10
DTS SQUARE TECHNOLOGIES SYSTEM AND SERVICES,11796,+974 77814434,P.O. BOX: 2010,dilip@ctc-qatar.com,10
Laffan Refrigeration & A/C L.L.C,11797,+974 4442 1311,P.O. BOX: 13344,info@laffanref.com,10
AL-AWALIA,11798,+974 4401 6413,P.O Box 22095,sales@qpmc.qa,10
AL JABER ENGINEERING WLL,11799,+974 4040 9600,LUSAI CITY,info@jec.qa,10
Gulf Construction Machinery,11800,+974 3031 1950,"St 35, Gate 87, Industrial Area",mhadidi@gcmqatar.com,10
GULF WATER SOLUTION TRADING,11801,+974 7071 1749,Zone 38 St. 231 Bld. 83 Floor 4 Office 4,attalla@gwst-qa.com,10
TECHNOSAFE TRADING AND ENGINEERING WLL,11802,+974 4001 1623,P.O. BOX: 80326,info@technosafeqatar.com,10
OMC Ola Management Consultant,11803,,P.O.Box 23269,Info@olamanagement.com,10
Beverly Hills Plastic Factory WLL,11804,+974 44445571,P.O. BOX: 17442,info@beverlyhillsplasticfactory.com,10
Al Noor Plastic Factory,11805,+974 4417 8674,P.O. BOX: 96345,sales1@npf.qa,10
Jersey Manufacturing,11806,+974 4494 1300,P.O. BOX: 1038,notifications@jerseygroup.com,10
D GATE TRADING & CONTRACTING,11807,+974 40017300,"Barwa Village, Building No. 3 Shop No. 33",sales@dgateqatar.com,10
SUHAIL METAL CASTINGS FACTORY,11808,+974 4437 8715,P.O.BOX: 8839,rajan.samuel@suhailindustries.com,10
Conceptive Contracting W.l.l.,11809,+974 3086 5454,P.O. Box No. 32454,conceptiveqatar@gmail.com,10
AL-ENJAZAT TECHNICAL WORKS CO. WLL,11810,+974 4498 1071,P.O. BOX: 40062,alenjazath@gmail.com,10
DECO LUSSO INTERIOR DESIGN,11811,+974 4487 2046,P.O. BOX: 174,info@decolusso.com,10
Jalibat Al-Khair,11812,+974 7407 2707,Industrial Area Street No.125,,39
QUALITY HYDRAULICS & GENERAL TRADING WLL,11813,+974 4492 9759,P.O.BOX: 9130,qhqatar@gmail.com,10
Simla Trading Co. W.L.L,11814,+974 4441 3498,P.O. BOX: 30052,simlatrading@gmail.com,39
Qatar Insulation Company,11815,+974 44995077,P.O. Box: 7943,dipin.r@qinsulation.com,10
United Cooperation General Trading W.L.L,11816,+974 5584 2262,"Barwa Village, Building No 09",showroom@ucgtqatar.com,39
Group 5F for Middle East L.L.C,11817,+974 6613 7333,"Al Nassr Tower B , 20th Floor , office 01",info@group5fme.com,39
Popular Trading & Transport Co. WLL,11818,+974 6603 2622,P.O. BOX: 40518,,10
Danube Home Qatar,11819,+974 4001 1501,Salwa Road,care.qatar@dunabehome.com,10
San Marino Trading and Contracting,11820,+974 4437 2133,Barwa Villa Shop No. 37 Building No. 8,info@sanmarinoqatar.com,10
Boston Security Services,11821,+974 4458 4511,P.O. BOX:9611,info@bostonlinkservices.com,10
SKETCH ADVSERTISING WLL,11822,+974 4480 4367,Bin Mahmoud,sketchqtr@gmail.com,10
PROTECTOL TRADING WLL,11823,+974 7722 5982,"Building No. 10, Barwa Village, Shop No. 10",infoqatar@protectolhs.com,10
AL-SHAIBEH ESTABLISHMENT,11824,+974 4035 8111,P.O. BOX: 3975,info@alsqa.com,10
Acon Calibration and Instruments Trading,11825,+974 4436 3494,P.O. BOX: 12426,info@acitqatar.com,10
Influx Services and Trading,11826,+974 4475 8561,P.O. BOX: 23565,sales@influxst.com,10
METCO QATAR TRADING WLL,11827,+974 4443 7980,P.O. BOX: 8697,info@metcoqatar.com,10
Leminar Air Conditioning Industries Co. Qatar WLL,11828,+974 4450 2153,P.O. BOX: 3841,leminar@dyarco.com,10
Unique Art Trading & Contracting WLL,11829,+974 4404 7775,P.O. BOX: 20369,info@uniqueartqa.com,10
AUTO CLASS CARS,11830,+974 4040 1444,P.O. BOX: 1290,ashaji@nbks.com,10
Central Airconditioning Trading & Services Co.,11831,+974 4464 1923,P.O. BOX: 40688,cat@almalkigroup.net,10
"Casting Trading, Contracting & Services",11832,+974 4434 2695,P.O. BOX: 63963,,10
CABTECH TRADING & CONTRACTING WLL,11833,+974 4016 5144,P.O. BOX:91477,sales@cabtechqatar.com,10
Al Alia Trading & Transporting Services WLL,11834,+974 4462 1189,P.O. BOX: 31442,ahmadtaha478@gmail.com,10
Skyline Automotive,11835,+974 5025 0236,P.O. BOX: 37972,walid.bentoumia@skyline-qatar.com,39
Consort Trading L.L.C,11836,+974 4472 6075,,salman@consortme.com,39
Cal Power SRL,11837,+39 031 526 566,Via Acquanera 29 22100,admin@calpower.it,39
AHMADI INDUSTRIAL & ELECTRICAL EQUIPMENTS,11838,+974 4463 2574,P.O. BOX: 11182,equipment@ahmadiqatar.com,10
Highrise Trading and Contracting Wll,11839,+974 4456 8945,"Al Safwa Building, Barwa Commercial Avenue",info@highriseqatar.com,10
AFFIX,11840,+974 4416 1483,P.O. BOX: 30606,info@affixscaffolding.com,10
KHALIFA AL KUWARI AND SONS TRADING CO. WLL,11841,+974 4460 1904,P.O. BOX: 246,sales@ktcdoha.com,10
First Global Trading & Contracting,11842,+974 5544 4307,P.O. BOX: 37106,info@firstglobalqa.com,10
ASTRON Certification WLL,11843,+974 4488 5217,P.O. BOX:  32474,astron-qatar@astrongroup.com,10
Loons Group W.L.L,11844,+974 4481 5913,P.O.Box: 55279,design@loonsgroup.com,10
Contemporary Ceramics,11845,+974 4418 0609,P.O. BOX: 469,ceramicsqatar@gmail.com,10
FMA TRADING AND CONTRACTING,11846,+974 6644 4997,P.O. BOX: 96143,sales@fmaindustries.com,10
United Gulf Cement Company,11847,+974 4477 1300,P.O. BOX: 50295,qscit@ugcc.com.qa,10
"Al Jazira For Safety, Security & Cont. LLC",11848,+974 4460 2684,P.O. BOX: 7706,qsigns@outlook.com,10
CONFIDENT TECHNICAL SERVICES,11849,+974 5083 5178,P.O. BOX: 3193,cts@confidententerprises.com,10
Putz World Co. WLL,11850,+974 4451 7005,P.O. BOX: 80425,info@putzworld.com,10
Future Consultant Group,11851,+974 4006 1114,Office 20 - 2nd Floor Building No: 258,gm@fcg.qa,39
ASAS Construction Chemical Factory,11852,+974 4042 6501,P.O. Box: 40021,info@asas-ccf.com,10
QUALITY HYDRAULICS & GENERAL WLL,11853,+974 4492 9759,P.O. BOX: 9130,qhqatar@gmail.com,10
Microserve Data Recovery,11854,+974 4414 0888,"Al Rayyan Complex, Al Rayyan Road",info@dr.qa,39
PHOENIX SUPPLIES & SERVICES,11855,+974 4032 9896,P.O. BOX: 9228,info@phoenixproj.com,10
NASSER BIN KHALED HEAVY EQUIPMENT,11856,+974 4458 0138,P.O. BOX: 4888,heavyequipment@nbks.com,10
Connections Middle East,11857,+974 4012 3299,P.O. Box No. 5152,sales@connections-me.com,39
SEASHORE HYDRAULIC CENTER,11858,+974 4450 0891,"Gate No.83, Street No.15, Ind.Area - 57",info@hydraulics.qa,10
Guangdong Topfan International Logistics Co.,11859,+86 139 2397 2873,"RM 1902, Easey Comm. Buldg. Wanc Hai, Hong Kong",market@topfan.com.cn,10
"First Dhaka Trad., Cont., Cleaning & Hospitality",11860,,"Floor 3, Street: 220",firstdhakaqatar@gmail.com,39
UPM World Trading and Maintenance W.L.L,11861,+974 5133 7536,P.O. Box: 40419,qatar@upmworld.com,39
ALTAYEB ENTERPRISES,11862,+974 4443 1751,P.O. BOX: 8280,info@altayeb.com,10
AL MUTATAWER FACTORY FOR BUILDING MATERIALS,11863,+974 4460 0862,P.O. BOX:13310,office@monneli.com,10
ISS Global Forwarding W.L.L,11864,+974 44672123,P.O. BOX: 30286,prasanna.kumar@iss-gf.com,10
Shenzhen Chiva Industry Co. LTD,11865,+86 13590341541,"Ailian Stock Building, No. 2002, Longgang Avenue",sales7@chivastones.com,39
AL SAAD MECHANICAL SERVICES,11866,+974 33039653,STREET NO.642 INDUSTRIAL AREA,service@alsaadcars.com,10
JASHA SOLUTIONS WLL,11867,+974 4427 9696,P.O. BOX:31462,sales5@jashas.com,10
"H.P. INDUSTRIES WLL., QATAR",11868,+974 4443 3381,P.O. BOX: 37774,sales@hpiqatar.com,10
MARHABA ALKHALEEJ TRADING WLL,11869,+974 4468 4879,P.O. BOX:91652,Vijesh Marhaba Al Khaleej <vijesh@marhabaalkhaleej.com>,10
SMART LIGHT & CONTROL,11870,+974 4444 6644,P.O. BOX: 18056,info@smartlight.net,10
JNP TRADING,11871,+974 4492 9394,P.O. BOX:  20437,e.yaseen@jnpqatar.com,10
DIAPRO TRADING AND CONTRACTING,11872,+974 4435 0142,P.O. BOX: 23907,info@diapro.com,10
SELEX QATAR WLL,11873,+974 44902890,"Logistics business park,  Birkat Al Awameer, build",projectsqatar@selex.com,10
ANSAR GALLERY,11874,+974 4448 6000,BARWA COMM. AVE. INDST. AREA RD. ABU HAMOUR,outdoorsales@ag-qa.com,10
QATAR ENGINEERING LABORATORIES WLL,11875,+974 4451 5401,"Street 50, Gate 26, Doha Industrial Area",admin@qelqatar.com,10
GulfPearl Block and Tiles Factory,11876,+974 4460 6689,P.O. BOX: 24392,gulfpearlqatar@yahoo.com,39
VIGILANT TRADING & CONTRACTING WLL,11877,+974 4481 8868,P.O. BOX: 20758,bdm@vigilant.com.qa,10
Noor Al Khaleej Tyre Center,11878,+974 7063 9191,"Building 242, Street 10, Zone 57",nooralkhaleej1@gmail.com,39
Shandong Honest Machinery,11879,+86 1585 4770 934,"Room 205, Kangming Industrial Park, Taida Road",bin@honestmach.com,39
DIME MARINE SERVICES,11880,+974 44 43 93 97,P.O. BOX: 2051,sales5-qatar@dimemarine.com,10
TECHNOR INDUSTRIAL TRADE,11881,+974 4005 4776,P.O. BOX: 41200,info@technorglobal.com,10
IBA Machinery,11882,+974 40403535,P.O. BOX 15,logistics@iba.com.qa,10
ALSAM SAM TRADING & CONTRACTING WLL,11883,+974 4486 0403,P.O. BOX: 96960,samsamqatar@gmail.com,10
DAMOS TRADING & CONT. WLL,11884,+974 4414 1712,P.O. BOX: 201873,Damos.tc@hotmail.com,10
Trust Engineering Consultancy,11885,+974 4431 1235,P.O. Box: 47673,info@trustmgm.com,39
Quality Engineering & Trading W.L.L,11886,+974 4450 0701,,qesqatar@gmail.com,39
Rajasthan Building Materials / BR.W.L.L,1322,+974 4493 6164,P.O.Box: 40359,-,10
SMART HOUSE,17764,+974  44420654,P.O. Box 41140,info@smarthouseqatar.com,10
Al Attiya Motors and Trading Co.,17765,+974 4403 9444,P.O BOX: 2754, info@alattiyamotors.com,30
Desert Star Trading,17766,+974 7769 3957,P.O BOX: 200278,desertstar.qa@gmail.com,39
Obaikan Equipment & Service W.L.L,17767,+974 4458 1001,P.O BOX:4844,obaikan@obaikanes.com,39
Space Scape Trading W.L.L,17768,+974 4039 8004,P.O BOX: 24364,c.elchami@spacescape.me>,39
Ibn Firnas Trading & Contracting,17769,+974 4460 1304,P.O BOX: 4569,sales@iftc.me,39
Qatar Building Company (Heavy Equipment Division),17770,+974 4462 2517,Po Box 1985,hed@qbcqatar.com.qa,39
"Yiwu Xunhao Trading Co., Ltd",17771,+86 19987350504,"Add: Room 402, No 3 Lane 13, Lianyun Road,",,39
ARKAZ INVESTMENT,17772,+974 4413 9222,P.O. Box 5006,,10
"Belarte Contracting, Management and Design Develop",17773,+974 4475 7612,P.O. Box 23697,info@belarte-ardeco.com,39
Baynunah Laboratories,17774,+974 4467 0487,P.O. BOX: 40615,malkawih@baynunahlab.com,39
Siporex Block Factory,17775,+974 4432 7080,P.O. BOX: 82614,siporexqatar@aae.com.qa,39
Swiss Garage,17776,+974 5510 1036,P.O. BOX: 55720,,39
Qatar Aerated Concrete Industries Co. W.L.L.,17777,+974 4032 4132,P.O. Box No. 32076,sales.qatar@acicogroup.com,10
Oppein Home Group Inc.,17778,+86 20 36730249,Oppein Industrial Park,bosco@oppein.com,30
A AND B Gulf Contracting & Consultancy W.L.L,17779,+974  3156 3300,,info@anbgulf.com,39
Growth Empowerment Trading & Contracting W.L.L,17780,,P.O. BOX: 55892,,39
"Wenzhou Look Furniture CO.,LTD.",17781,+86 15057730985,"A-1801, trade union building, Baili West Road",marissa@cnedler.com,39
Bürotime Mobilya Sanayi Ve Tic. A.S.,17782,+ 90 332 239 00 17,Büyükkayacikosb Mahallesi,Merve.Oztas@burotime.com,39
End of S.T.A.Y. Automotive | Art Studio,17783,,Studio at 4221 Longwu Rd,rallyart91@126.com,39
Centre Testing International Corporation,17784,+86-571-2803 6907,"CTI Building, Xing Dong Community,",katherine.xiang@cti-cert.com,30
Water Wheel Projects,17785,+974 4443 7370,P.O. BOX: 11308,safwat@waterwheelprojects.com,39
Dynamic Design Engineering Consulting,17786,+974 6671 0417,Zone 40. St. 250,Info@dynamicdesignc.com,39
Finar Finishing and Architectural Supply Co.,17787,+974 4468 0788,P.O. BOX: 16097,sales@finarqatar.com,39
Ramtec Trading & Contracting,17788,,,,39
Hongkong Ezboatlift Marine Technology Co. Limited,17789,+86 189 2521 3836,UNIT 1406A 14/F,,10
Bureau Veritas Gözetim Hizmetleri Ltd. Sti.,17790,+90 5334734701,Pasco Plaza Altayçesme mah. Çamli sok,berkay.gulacti@bureauveritas.com,39
Arabia Pak Transportation W.L.L,17791,+974 5587 3238,P.O. BOX: 5101,arabiapaktransportation@gmail.com,39
Cash,19999,+974 4040 3535,P.O. Box: 15,Procurement@iba.com.qa,10
Roche Bobois,20243,,,,10
Al Dayaa,30101,,,,30
Al Doha-Schindler Elevators & Escalators W.L.L,30102,+974 4413 0015,P.O. Box: 22127,infoqatar@qa.schindler.com,30
Al Noor Engineering Co,30103,,,noorengineering@hotmail.com,30
Al-Asmakh Engineering,30104,,,,30
Bonyan Al-Fadil For Trading and Construction,30105,+974 4460 5554,P.O. Box: 22451,bonyanalfadil.co@gmail.com,30
Al-Mamoon Swimming Pool and Spa,30106,,,,30
Al-Moayyed International,30107,,,,30
Al-Rafee Enterprises W.L.L,30108,+974 4447 9543,P.O. Box: 31948,info@alrafeeenterprises.com,30
Al-Wazeeri Enterprises,30109,,,,30
Arena Waterproofing,30110,,,,30
Classic For Alum-Steel Decoration,30111,,,,30
Clepoatra Technology Co,30112,,,,30
Darwish Elevators,30113,,,otis-dec@qatar.net.qa,30
ETA - Electro Technical Associates,30114,,,reception@etamelco-elevator.net,30
Frijns Steel Construction Middle East,30115,,,,30
Gas Equipment and Service Co,30116,+974 4458 2693,P. O. Box: 12650,gasco@qatar.net.qa,30
GCC Construction Co.,30117,,,info@gulfcontracting.com,30
Hatif Qatar,30118,+974 4434 2919,P.O. Box: 32116,mail@hatefqatar.com,30
International Stainless Steel Co.,30119,,,,30
Kone Elevators LLC,30120,+974 4007 1000,P.O. Box: 37143,rohit.boni@kone.com,30
Lmehad Tech Metal Supply For Buildings,30121,+974 4472 1815,P.O. Box: 10689,amh_60@yahoo.com,30
Masa Access & Services WLL,30122,+974 4451 5531,P.O. Box: 24841,info@masaqatar.com,30
Mechatronics,30123,+974 4464 9172,P.O. Box: 37269,info@mechatronics.com.qa,10
Mount Everest Tradg. Co,30124,,,,30
Narang Projects,30125,+974 4493 6915,P.O. Box: 202183,srnarang@fsime.net,30
Nice Technical,30126,,,,30
Qatar GRC Co,30127,,,,30
Raymond Qatar Foundations,30128,,,elbably@osman.net,30
Regency Pools & Landscaping,30129,+974 4466 0012,P.O. Box: 22885,sales@regency-pool.com,30
Saied Al-Shabrawi,30130,,,,30
Techno-Mak,30131,,,,30
Unicon Limited,30132,,,Unicon@uniconqatar.com,30
United Interior Engineering,30133,,,,30
United Precast Concrete Co,30134,,,upc@upcqatar.com,30
Video Home & Electronic Centre,30135,+974 4401 1777,P.O. Box: 4668,vdohmqat@qatar.net.qa,30
Watertech United,30136,+974 4444 1454,P.O. Box: 47320,info@watertechunited.com,30
Qatar Precast,30137,,,,30
SBK Elevators and Escalators,30138,,,,30
Al Gori Trading and contracting co.,30139,,,Info@algoriqa.com,30
Al Futtaim Elevators and Escalators,30140,+974 4407 2000,P.O. Box: 22132,roshan.hewage@alfuttaim.com,30
Qatar Gas Group,30141,+974 4458 0855,P.O. Box: 14926,qgg@taqaqgg.com,30
Techno Light,30142,,,,30
Al Emadi Stones,30143,+974 4466 6625,P.O. Box: 3890,sundar@alemadistones.com,30
Marble and Granite Center,30144,,,,30
Qasr Al- Andalus,30145,,,,30
Gulf SwitchGears,30146,+974 4450 2467,P.O. Box: 40467,thaha@gulfswitchgears.com,30
Rock Trading & Contracting,30147,,,,30
Sano Foundation & Heavy Equipment W.L.L.,30148,,,,30
Arab Dewatering & Survey Services,30149,,,arbdewatering@gmail.com.,30
Kirby Building System,30150,,,kirbyqtr@qatar.net.qa,30
Optimer Trading & Contracting,30151,,,optimerqatar@email.Com,30
Oceanus International,30152,,,info@occeanusqatar.com,30
Sher Dil Khan,30153,,,,30
International Towers Tradg. & Contrg.,30154,,,mail,30
Ambali Group Tradg. & Contracting Co.,30155,,,,30
Excel Metal Industries,30156,+974 4432 1111,P.O Box:106,info@excelqatar.com,30
Gulf Concrete Product -Hollow Core Slabe,30157,,,qcpqatar@yahoo.com,30
Modern Construction & Trading Co.,30158,,,mctc2002@gmail.com,30
Derbas Decor & General Maintenance,30159,,,derbasdecore@gmail.com,30
International Center For Urban Development,30160,+974 3348 5626,P.O. Box:,icudqatar@outlook.com,30
Global Strategic Trading & Contraction - GSTC,30161,,,info@gstcqatar.com,30
Saving Project Services,30162,,,qatarsps@gmail.com,30
Ajmal Khan,30163,,,,30
Tadmur Roofs & Pools,30164,+974 4466 4850,P.O. Box: 6218,info@tadmur-roofsandpools.com,30
Qatar Mega Building Trading & Contracting,30165,+974 4436 3666,P.O. Box: 93146,info@qatarmegabuilding.com,30
Halco International,30166,+974 4467 2512,P.O. Box: 40507,info@halcointl.com,30
MultiTeck Trading & Contracting Co.,30167,,,sales@multigroupworld.com,30
RATTAN HOUSE,30168,+ 974 4469 9858,P.O Box 40247,doha@rattan-house.com,30
Marriage Qatar,30169,+974 5556 4008,P.O. Box: 7570,-,30
Sea Gulf For Equipment Company W.L.L,30170,+974 4471 5668,P.O. Box: 20961,info@seagulfequipment.com,30
IBA Aluminium,30171,+974 4460 0258,P.O. Box: 15,aluminium@iba.com.qa,30
Ismail Bin Ali Furniture Industry WLL,30172,+974 4460 0511,P.O. Box: 15,interiors@iba.com.qa,30
Al Hazem Stainless Steel,30173,+974 3350 2211,P.O. Box: 200174,ayman-sa3ed@hotmail.com,30
NIMBUS Trading & Contracting,30174,,,,30
SMEET Precast W.L.L,30175,+974 4459 2155,P.O. Box: 32535,info@smeet.com.qa,30
Aljabor Trading,30176,+974 4432 8500,P.O. Box: 295,augustian.francis@aljabortrading.com,30
International District Design & Contracting (IDDC),30177,,,,30
Chainlink Qatar,30178,+974 4005 9922,P.O. Box: 40125,chainlink@chainlinkqatar.com,30
ASMA,30179,,,,30
VISIOQ For Security Solutions,30180,+974 4498 0715,P.O. Box: 4140,info@visioq.qa,30
Qatar Asphalt,30181,,,info@qasphalt,30
Mazallti Trading,30182,+974 4478 1784,P.O. Box: 93659,mazallti@yahoo.com,30
Doha Kwik Span For Metal Works,30183,,,,30
IBA Agriculture,30184,+974 3300 0601,P.O. Box: 15,mustafadairy@gmail.com,30
Roots Qatar,30186,,,enquiry@rootsqatar.com,30
Heritage Furniture & Intetior,30187,,,,30
PALM Shading Systems & Accessories W.L.L,30188,+974 6696 8878,P.O. Box: 16628,info@palm.qa,30
Umme Lakhba Contracting And Trading,30189,,,,30
Al - Rafidain Co.,30190,+974 4480 7797,P.O. Box: 831,info@rafcoqatar.com,30
QMI Bulding Metal Product Manufct.,30191,,,,30
Servtech International,30192,+974 4450 0177,P.O Box: 22570,mail-qatar@servtech-co.com,30
Techno Blue W.L.L,30193,+974 4423 3600,P.O. Box: 55572,info@techno-blue.com,30
Gulf Tarmeem Trading & Contracting Co.,30194,,,gulftarmeem@gmail.com,30
Britannic Water Treatment Co.,30195,+974 4460 1639,P.O Box: 21919,gilberdaniel@britannicwater.com,30
Al - Laytani Trading & Contracting,30196,,,,30
Al Rayyan Swimming Pools,30198,,,info@alrayyanpools.com,30
Hadara Doha for General Contracting,30199,+974 4472 9221,P.O. Box: 1334,ob30357@gmail.com,30
Arabian Trad. and Contractor of Elevators,30200,+974 4436 4225,P.O. Box: 22543,info@acco-qat.com,30
Waves Trading & Con W.L.L,30201,,,infowaves.doha@gmail.com,30
Zeus Trading & Contracting Co. W.L.L,30202,,,info@zeusqatar.com,30
Arab Dewatering Survey and Services,30203,+974 4444 0430,P.O. Box: 203277,arabdewater@gmail.com,30
Adax Security Systems,30204,+974 4468 5049,P.O. Box: 31034,info@adaxbs.com,30
New Ways Trading and Contracting,30205,,,info@new-ways.com,30
Marble Stone for Marble & Granite Trading Co.,30206,,,info@marblestone-intl.com,30
Al Nodra for Trading and Decor,30207,,,,30
Specialized Aluminium and Steel Co. W.L.L,30208,+974 4469 4747,P.O. Box: 17750,sales.salwa@sasconet.com,30
Palmyra Trading & Indurstrial,30209,,,procurement@palmyraqatar.com,30
Contra International Doha W.L.L,30210,+974 4442 9459,P.O Box: 24376,mauriceb@contraintl.com,30
Customer GRC Aluminium&Building Material Trading,30211,,,customergrc01@gmail.com,30
Steel Master Limited Trading Co. W.L.L,30213,+974 4041 6241,P.O. Box: 201184,info@steelmaster.qa,30
Carawan Water Proofing & Projects Co. W.L.L,30214,+974 4431 5930,P.O. Box: 37173,carawan_wpp@yahoo.com,30
Abdul Hamid Abdul Rahim Al Emadi Trading Company,30215,+974 4442 3312,P.O. Box: 558,olena_ii@yahoo.com,30
Al Watan Aluminium and Glass,30216,,,,30
Haddadco Wrought Iron and Cast Aluminium,30217,,,haddadco_sales@hotmail.com,30
Top for Construction Services Trading Steel Build,30218,,,,30
Blue House,30219,+974 4468 6453,P.O. Box: 90123,bluehouse.lutfe@hotmail.com,30
Khalid Plastic Industries Complex W.L.L,30220,,,info@kpic.qa,30
Otto Trading Center,30221,,,,30
Options Sign,30222,+974 4442 2474,P.O. Box: 33085,info@optionsqatar.com,30
Art Avenue,30223,,,alsiddiqi@artavenue.qa,30
Alaman Design,30224,+974 5554 9478,P.O. Box: 6973,amaandecoration@yahoo.com,30
Qatar Pest Control Company,30225,+974 4422 2888,P.O. Box: 6319,qatarpest@qatar.net.qa,30
Sun Span Qatar,30226,,,info@sunspan-qatar.com,30
Qatari Engineer Trading and Contracting Co. W.L.L,30227,,,,30
Visual Projects,30228,+974 4432 3409,P.O. Box: 201679,info@visualprojects.com.qa,30
Sedar Qatar L.L.C,30229,+974 4469 4442,P.O. Box: 24670,sedar.qatar@sedarglobal.com,30
Al Emadi Trading and Contracting Co.,30230,+974 4458 3751,P.O. Box: 24801,alemadi@alemaditcc.com,30
Khazanah Wardrobes and Kitchens,30231,,,khazanah@khazanah.me,30
Bayan Kitchen Equipment,30232,+974 4460 4838,P.O. Box: 22102,info@bayan-qatar.com,30
Total Flooring Solutions W.L.L,30233,+974 4443 3287,P.O. Box: 22362,info@tfsqatar.com,30
Gulf Furniture W.L.L,30234,+974 4441 6600,P.O. Box: 988,gulffurniture.salwa@gmail.com,30
Hexa Tech International Trading and Contracting,30235,,,hexatech@qatar.net.qa,30
Arabian Gulf Melco Elevator Doha W.L.L,30236,+974 4409 6000,P.O. Box: 6320,qatar@arabiangulfmelco.com,30
Green Life Contracting&Agriculture&Decoration,30237,,,green.life.qa@gmail.com,30
Al Shaikh Int. Trading and Contracting,30238,,,,30
Emerald Qatar Trading & Contracting Services,30239,+974 4435 2768,P.O. BOX: 187,info@emeraldqatar.com,30
Build Tech Trading and Building Materials Co.,30240,+974 4477 5242,P.O. BOx: 17426,info@buildtechqatar.com,30
Gulf Star W.L.L,30241,+974 4450 4494,P.O. Box: 7355,info@gulfstargrc.com.qa,30
Digital Energy Switchgears W.L.L,30242,+974 4472 3991,P.O. Box: 30237,sales.swgr@digitalenergy-group.com,30
Sign Inn Trading and Contracting Co.,30243,,,info@sitcoqa.com,30
Quiet Night Trading and Contracting W.L.L,30244,,,quitenightq@gmail.com,30
Ahamed Jasim Trading & Contracting W.L.L,30245,+974 5502 2476,P.O. Box: 80363,ahamedjasim55@gmail.com,30
National Mattress Factory,30246,+974 4029 2924,P.O Box: 5,sales@aljameel.com.qa,30
Al Noor Advertising,30247,+974 4418 1814,P.O. Box: 7448,alnooradvertising14@gmail.com,30
Bluribbon Design Atelier,30248,,,bluribbon.da@gmail.com,30
Bosphorus International Trading and Services W.L.L,30249,,,,30
Hormann,30250,,,,30
Amaco United Group,30251,,,info@amcoqatar.com,30
National Furniture and Decoration Factory W.L.L,30252,+974 4450 3340,P.O. Box: 41182,nffqatar@hotmail.com,30
AlMasaken Security Systems,30253,+974 4481 1654,P.O. Box: 13559,maissa@almasaken-security.com.qa,30
Venue Decoration,30254,,,,30
Ertibat Engineering Co. W.L.L,30255,,,s.kakroo@eecqatar.com,30
Prime Food and Technologies L.L.C,30256,+974 4001 1179,P.O. Box: 40916,info@primefoodtech.qa,30
Al Andalus Furniture,30257,+974 4441 1188,P.O. Box: 5259,alandalusfur@qatar.net.qa,30
Al Emtiaz Golden Contracting,30258,,,,30
Puro Cleaning Services,30259,,,info@puroqatar.com,30
Qatar Intercare Technical Services,30260,+974 4469 4951,P.O. Box: 18442,sales@qatarintercare.com,30
Barq Group,30261,+974 4498 0563,P.O. Box: 20917,info@barqgroup.com,30
OSIS Group,30262,,,,30
White Aluminium International,30263,+974 4432 5903,P.O. Box: 3551,bredi@bredi.net,30
Galaxy Stainless Steel Works Co. W.L.L,30264,+974 4460 3279,P.O. Box: 41025,info@galaxydoha.com,30
Qatar International Trading & Contracting Co.,30265,+974 5581 4897,P.O. Box: 91552,alamaandesign@gmail.com,30
United Technical Services Co. W.L.L,30266,+974 4005 4014,P.O. Box: 63858,,30
Total Trading and Contracting,30267,+974 4437 4547,P.O. Box: 12784,info@total-qatar.com,30
Karmah Trading and Services W.L.L,30268,+974 4450 5001,P.O. Box: 10672,karmah@kts-qatar.com,30
Mahmoud Biddawi,30269,,,,30
Techno Qatar Limited Trading and Contracting,30270,+974 4441 0017,P.O. Box: 24545,info@technoqatar.com,30
Voltage Engineering LTD. Co.,30271,+974 4000 9200,P.O. Box: 6743,voltage@velqatar.com,30
Consol Construction & Trading,30272,+974 4483 2360,P.O. Box: 5392,info@consol-ct.com,30
Fender Trading and Contracting,30273,+974 4469 4039,,,30
Metal Trading and Contracting,30274,+974 4436 3666,P.O. Box: 93146,info@metalqa.com,30
Universal Design Center,30275,+974 4444 6066,P.O. Box: 19406,info@udcqtr.com,30
Desert Sun Trading & Contracting W.L.L,30276,+974 4017 1089,P.O. Box: 201855,info@desertsunqatar.com,30
M2 Contracting and Waterproofing W.L.L,30277,+974 4429 2379,P.O. Box: 27774,info@m2qatar.com,30
Dere Trading and Construction,30278,+974 4411 9293,P.O. Box: 22296,paul@dereconstruction.net,30
Buzwair Advanced Technologies,30279,+974 4462 1513,P.O. Box: 319,info@batgulf.com,30
Falcon Kitchen Equipment Company W.L.L,30280,+974 4450 9991,P.O. Box: 9399,sales1@fttcqatar.com,30
A2Z Trading & Contracting,30281,+974 4427 1427,P.O. Box: 3972,info@a2zqa.com,30
Salam Petroleum Services,30282,+974 4468 9622,P.O. Box: 22084,sales@salam-petrol.com,30
Cretec Contracting & Trading W.L.L,30283,+974 5594 4845,,info@cretecqa.com,30
Pistoia Trading,30284,+974 4404 7759,P.O. Box: 4273,info@pistoiatrading.com,30
Top Design Decor & Furrniture Co. W.L.L,30285,+974 4469 3834,"Building. 198, Street 340, Zone 55",topqtr@gmail.com,30
Spectra Arts W.L.L,30286,+974 4458 1112,P.O. Box: 139,info@spectraarts.com,30
Power Gas W.L.L,30287,+974 4417 3410,P.O. Box: 201890,info@powergas.qa,30
Al Deeb Contracting & Transportation & Trading,30288,+974 4477 1334,P.O. Box: 70433,info@aldeeb-ct.com,30
Metri Engineering Services W.L.L,30289,+974 4487 6142,P.O. Box:19962,mes@mes.qa,30
Clic Qatar Trading Company W.L.L,30290,+974 4450 3670,P.O. Box: 23599,salesqatar@clicq8.com,30
Safeguard Trading & Contracting Co.,30291,+974 4443 6027,P.O. Box: 23738,info@safeguardgroup-qa.com,30
Al Qayed International Tents,30292,+974 4466 6656,P.O. Box: 13793,info@qayedtents.com,30
Deco Project Trading,30293,+974 4450 2162,P.O. Box: 39244,info@decoprojectme.com,30
Eiak Group Trading and Contracting,30294,+974 4455 4557,P.O. Box:22881,gm@future-soil.com,30
Jersey Engineering & Trading Company,30295,+974 4499 5077,P.O. Box: 7922,info@jerseygroup.com,30
Doha Bay Aluminium,30296,+974 4416 6384,P.O. Box: 23184,dohabayaluminium@gmail.com,30
Etihad Steel Factory,30297,+974 4483 0802,P.O. Box: 200614,sales@etihadsteel.qa,30
Door Technology for Automatic Doors,30298,+974 70717578,P.O.Box: 17473,d.tec.qa@gmail.com,30
Aalco Group - Al Ajjaj Limited Co.,30299,+974 4000 6611,P.O. Box: 24390,aalco@aalcoqatar.com,30
Look Security Services,30300,+974 4443 6711,PO.Box: 60604,info@looktechno.com,30
Sahayeb Trading & Contracting Co. W.L.L,30301,+974 4431 4062,P.O. Box: 19412,stcroads@yahoo.com,30
Al Rabeh Transport,30302,+974 3347 3438,P.O. Box:,alrabehtrans@hotmail.com,30
Mizpah Trading & Contracting WLL,30303,+974 7720 9630,P.O. Box: 203082,contact@mizpahdrills.com,30
Spick & Span Cleaning Services W.L.L,30304,+974 4427 7244,P.O. Box: 40180,info@spicknspan.qa,30
Tadmur Trading and Contracting WLL,30305,+974 4433 7000,PO.Box: 37493,general@tadmur-trading.com,30
Ashmoun Trading & Contracting,30306,+974 5578 7138,P.O. Box: 90246,nazih@ashmoun.com,30
White Stip Contracting,30307,+974 3388 4750,P.O. Box: 15970,whitestip.qatar@gmail.com,30
Al Reeha Trading & Contracting,30308,+974 4411 9724,P.O. Box: 5346,alreeha.mep@gmail.com,30
Planet Trading & Transportation W.L.L,30309,+974 4498 7849,P.O. Box: 8359,sales@planetengg.com,30
Signmax Trading W.L.L,30310,+974 4442 1984,P.O. Box: 10836,info@signmaxqatar.com,30
Manycon Trading & Contracting,30311,+974 7733 3551,P.O. Box: 1424,admin@manyconqatar.com,30
Qatar Metal Craft W.L.L,30312,+974 4443 7172,P.O. Box: 15603,qatarcraft@gmail.com,30
Sawakin Maintenance & Cleaning Company,30313,+974 6640 8972,P.O. Box: 45106,sawakinmc@gmail.com,30
Comet Group Qatar,30314,+974 4431 4761,P.O. Box: 21492,info@cometgroup.com.qa,30
Qatar Technology Networks,30315,+974 4417 6563,P.O. Box: 21886,info@qtechnoworks.com,30
Solutions for Control and Automation W.L.L,30316,+974 4038 6772,P.O. Box: 37240,ajeet.nair@scaqatar.com,30
Al Badi Trading & Contracting Co. LTD.,30317,+974 4432 0715,P.O. Box: 3915,info@albadidoha@com,30
Aqua Proof Trading & Cotracting Co.,30318,+974 4443 5452,P.O. Box: 4915,makram@aquaproof-qatar.com,30
NSCC International Doha (LLC),30319,+974 4435 0801,P.O. Box: 14790,qatar@nsccme.com,30
Sports Gate W.L.L,30320,+974 4402 6237,P.O. Box: 75,support.technogym@alibinali.com,30
Qatar Oxygen Co. W.L.L,30321,+974 4411 4603,P.O. Box: 22386,osama@qocdoha.com,30
Creative Display W.L.L,30322,+974 4436 0019,P.O.Box: 23392,ansab@creative-display.com,30
Diamond Builders Trading & Contracting W.L.L,30323,+974 4007 1774,P.O. Box: 32104,ismail@dbqatar.net,30
National Waterproofing & Restoration W.L.L,30324,+974 4455 1458,P.O. Box: 23856,nwr@nwr-gulf.com,30
Al Lira Al Zahabiya Trading Contracting,30325,+974 3001 0991,P.O. Box: 5541,feras@allira-z.com,30
Fajr Al Gazyra Trading & Contracting Co. W.L.L,30326,+974 4476 1637,P.O Box: 8978,mahmoud.eg983@yahoo.com,30
Al Mekhlafi Trading & Contracting Co. W.L.L,30327,+974 4487 3541,P. O. Box: 3693,sojan.mekhlafi@gmail.com,30
Dhub,30328,+974 4442 0886,P. O. Box: 12346,info@dhub-co.com,30
Tissno Trading and Contracting Co,30329,+974 4467 6951,P. O. Box: 201440,info@tissnoqatar.com,30
Span Qatar,30330,+974 4037 1844,P.O. Box: 51,qatar@span-group.com,30
Intercare Hygiene,30331,+974 4432 6661,P.O.Box: 8829,floorcare@intercarehygiene.com,30
Al Tayeb Trading Establishment,30332,+974 4451 3207,P.O. Box: 1985,yahya@altayebest.com,30
EPCAR Trading & Contracting Engineering Co.,30333,+974 4472 1367,P.O. Box: 60745,epcarengg@epcar1.com.qa,30
Abdul Hamid Abul Ali,30334,+974 5569 9005,P.O. Box:,-,30
Floranza International Nursery W.L.L,30335,+974 4458 3438,P.O. Box: 31276,floranzaqatar@gmail.com,30
Bristol Trading & Contracting,30336,+974 4416 9650,P.O Box: 11397,asfur.bristol@gmail.com,30
Al Hussaini Aluminium,30337,+974 4435 0589,P.O Box: 14316,mail@alhussainialuminium.qa,30
National Industrial Gas Plants,30338,+974 4441 1351,P.O Box 1391,nigp@qatar.net.qa,30
Creative Vision Trading and Decoration,30339,+974 4037 1117,P.O Box: 60911,admin@creativevisionglobal.com,30
Oceans Seven Trading and Contracting,30340,+974 4404 7720,P.O Box: 158715,home@oceans7.net,30
Pure Technology,30341,+974 55201030,P.O Box: 82499,puresoundsys@gmail.com,30
Zenith Technical Services,30342,+974 4431 6274,P.O Box: 202403,george@zenithgulf.com,30
Smart Links,30343,+974 44836100,P.O. Box: 31492,info@smarlinksqa.com,30
SUBHADRAM Trading & General Contracting,30344,+974 6642 2252,P.O Box 30830,sales@subhadram.com,30
Al Amaan Interior Decoration,30345,+974 7782 6639,P.O Box: 6973,amaandecoration@yahoo.com,30
Siemens,30346,+974 4456 0222,P.O Box: 21757,khalil.gouia@siemens.com,30
Target Metal Industries,30347,+974 4492 9905,P.O Box: 12438,info@targetmetals.net,30
Al Mazrouei - ICAS W.L.L,30348,+974 4441 9459,P.O Box: 22652,icasqatar@mazrouicas.ae,30
First Engineer For Technology Solutions,30349,+974 4016 4131,P.O Box: 207362,info@first-eng.com,30
The Dive Center WLL - PDCQATAR MARINE,30350,+974 4493 1140,P.O Box 11538,info@pdcqatar.com,30
Art Glass,30351,+974 4460 3079,P.O Box 15,info@artglass.com.qa,30
Al-Ta'adhod for Projects,30352,+974 3333 1787,Maamoura Plaza,foam@-altaadhod.com,30
Debonche,30353,+974 4437 7413,P.O Box: 96535,info@debonchewll.com,30
Cisterna Trading and Contracting,30354,+974 4487 3850,P.O Box: 17175,mohdzeli@gmail.com,30
Qatar Trading Company,30355,+974 4425 650,P.O. Box: 51,kithshantha.herath@qtc-qatar.com,30
Saad Al Kaabi Steel & Aluminium Co.,30356,+974 4498 1826,P.O. Box: 41094,sales7@saadalkaabisteel.com,30
Castello Cast Aluminium,30357,+974 4476 9497,P.O Box: 44245,info@castello-alu.com,30
Desert Line Projects,30358,+974 4414 5104,P.O. Box: 22962,info@desertlinejoinery.com,30
Decoration World,30359,+974 4450 1501,P.O. Box 45235,-,30
Kangli Stone Co. Ltd. Nanan Shuitou,30360,+974 4436 6902,P.O. Box: 24830,hao.kanglistone@gmail.com,30
Grace Qatar Trading & Contracting W.L.L.,30361,+974 4016 4505,P.O. Box: 203188,info@graceqatar.com,30
Four Power Trading & Contracting W.L.L.,30362,+974 5507 8085,-,fourpowerqatar@gmail.com,30
International Glass Co. W.L.L.,30363,+974 4432 6972,P.O. Box: 4520,-,30
Concreters Restoration Buildings W.L.L.,30364,+974 4429 4897,P.O. Box: 27774,info@constructrb.com,30
Metalco Fire Rated Doors & Windows,30365,+974 4444 9975,P.O. Box: 37294,gm@metalcoqatar.com,30
United International Trading & Contracting Co.,30366,+974 4435 5600,P.O. Box: 22158,projects@united-international.com,30
2M Trading & Contracting Co.,30367,+974 4451 4863,P.O. Box: 82893,mustafa.2mq8@gmail.com,30
Informatica Qatar,30368,+974 4431 3597,P.O. Box: 23604,m.aldeeb@i-q.com,30
Marsh Harrier Trading & Contracting WLL,30369,+974 5571 7161,P.O. Box: 19,mhtradingwll@gmail.com,30
Advanced Materials Company - Qatar L.L.C.,30370,+974 4411 6640,P.O. Box: 55177,info.qatar@amc-protection.net,30
Flora Landscape for Agricultural Services L.L.C.,30371,+974 4448 0922,P.O. Box: 14997,o.ballah@flora-landscape.com,30
UTSCO Trading & Contracting,30372,+974 5502 6968,P.O. Box: 10464,info@utsco.qa,30
Desert Line Carpentry & Furniture Workshop W.L.L.,30373,+974 4487 2612,P.O. Box: 22962,info@desertlinecarpentry.com,30
Phoenix Contracting & Trading Co.,30374,+974 4475 6278,P.O. Box: 30969,service@mideaqatar.com,30
Rise & Shine Trading & Cont. Co.,30375,+974 4412 0038,P.O. Box: 30806,amir@rnsworld.com,30
German Quality UPVC for Windows & Doors,30376,+974 4432 7317,P.O. Box: 55744,muhsen@gq-upvc.com,30
Lausanne Security & Safety WLL,30377,+974 4416 5827,P.O. Box: 14666,sales.manager@lausannesecurity.com,30
British Aluminium LLC,30378,+974 4488 7159,P.O. Box: 3286,faizal@british-aluminium.com,10
Granity Marble & Granite W.L.L.,30379,+974 4418 5423,P.O. Box: 45267,info@granity-qa.com,30
Roof Tiles Trading Contracting,30380,+974 4480 3613,P.O. Box: 201148,rooftilestc@gmail.com,30
Al Hawa Al Naqi Contracting & Services W.L.L.,30381,+974 6602 4248,P.O. Box: 2167,alhawacontracting@gmail.com,30
Al Malki Trading & Contracting Co.,30382,+974 4403 9000,P.O. Box: 40688,atc_sales@qatar.net.qa,30
ABCO AM Equipment Trading W.L.L.,30383,+974 4009 8007,P.O. Box: 301588,info@abcoam.com,30
Al Mahazem Trading,30384,+974 7064 4517,P.O. Box: 92170,mibrahim.almahazem@gmail.com,30
Domopan Qatar,30385,+974 4409 9999,P.O. Box: 24023,hisham@domoqatar.com,30
Aluminum Gulf Ray,30386,+974 4468 6003,P.O. Box: 20756,sales@agrqatar.com,30
Al Anis Trading Co. W.L.L.,30387,+974 4451 7474,P.O. Box: 2806,alaniscranes@qatar.net.qa,30
Gulf Technical Service - GTS (W.L.L),30388,+974 4456 7377,P.O. Box: 3312,accounts@gtsglobalgroup.com,30
Concrete Stone Trading and Contracting Co,30389,+974 5511 9950,P.O. Box: 35371,admin@cspainters.com,30
Skytech Elevators WLL,30390,+974 4463 1483,P.O. Box: 32163,jeff@skytech-elevators.com,30
Arabian Specialised Materials WLL,30391,+974 4421 3636,P.O. Box: 55289,mohd@asmaqatar.com,30
Future Contracting & Plumbing,30392,+974 4435 2706,P.O. Box: 45467,sayedaly992@gmail.com,30
Dream Glass Trading & Contracting W.L.L,30393,+974 5561 6474,P.O. Box: 214105,dreamglassqatar@gmail.com,30
Alfatah International Company for Contract,30394,+974 6669 1861,P.O Box: 6123,-,30
Specialists Trading & Contracting Co. (W.L.L.),30395,+974 4437 1784,P.O. Box: 23641,info@specialist-trading.com,30
Unvani Trading & Contracting W.L.L.,30396,+974 5006 9033,P.O. Box. 12929,unvanitrading@gmail.com,30
Bojamhoor Mechanical and Electrical Company W.L.L.,30397,+974 4464 9172,P.O. Box: 37269,o.sleem@bojamhoormep.com,30
Elite Sports,30398,+974 4429 3444,P.O. Box: 207415,sifan@elitesportscontracting.com,30
Engineering Supplies Company (E&I) W.L.L.,30399,+974 4442 9800,P.O. Box 5479,infoesc@escaqatar.com,30
Al-Jaber Steel Co. W.L.L.,30400,+974 4435 7546,P.O.Box 23546,aljabersteel@jsc-qa.com,30
Constreite Qatar for Construction Maintenance W.L.,30401,+974 4417 4150,P.O.Box 96917,contact@constreite-qatar.com,30
Ishfaq Heavy Equipment Machinery Co. W.L.L.,30402,+974 5544 6002,P.O. Box: 23991,ashfaqcranes1@yahoo.com,30
Firestop Middle East W.L.L.,30403,+974 5080 8400,P.O. Box: 13404,info@firestop.me.com,30
Top Glass & Stainless Steel W.L.L.,30404,+974 3337 1754,P.O. Box: 38944,diana@topglassqa.com,30
Salam Industries W.L.L.,30405,+974 4418 1857,P.O. Box: 22120,info@salamindustries.com,30
Metalex Trading & Contracting Co. W.L.L.,30406,+974 4460 2343,P.O. Box: 40710,metalex@qatar.net.qa,30
Qatar Marble & Granite Co. W.L.L.,30407,+974 4469 1515,P.O. Box: 47344,info@qatarmg.com,30
GIBCA Ltd. Co. (FZC) LLC,30408,+974 3348 9477,P.O. Box: 312,muhammad.saad@gibcaoman.com,30
HCPS - ME W.L.L.,30409,+974 4456 9661,P.O. Box: 80237,info@hcps-me.com,30
Elegancia Stones for Marble & Granite Trading WLL,30410,+974 4472 2154,P.O. Box: 50068,m.dimailig@eleganciagroup.com,30
Quality Power Busbar Trading W.L.L.,30411,+974 7070 4547,P.O. Box: 91150,hisham.khalifa@q-bars.com,30
Red Links Construction W.L.L.,30412,+974 4464 9821,P.O. Box: 80964,info@redlinks.qa,30
IMAR Trading & Contracting Co. WLL,30413,+974 4413 1770,P.O. Box: 22403,info@groupimar.com.qa,30
Metro Pools,30414,+974 4477 1588,P.O. Box: 32163,info@metro-pools.com,30
Corniche Towers Trading and Contracting,30415,+974 4447 8212,P.O. Box: 13291,info@cttc.qa,30
Specialized General Contracting,30416,+974 33339 9705,P.O. Box: 93649,specialized.sgc@gmail.com,30
Zaibullah Khan,30417,+974 5552 1397,-,zaibullah99@gmail.com,30
Concut Trading & Facility Management,30418,+974 3314 3484,P.O. Box: 30075,info@con-cut.com,30
International Eng. & Trade Group W.L.L.,30419,+974 4436 6689,P.O. Box: 22549,a.abouelezz@ietsolutions.co,30
Abir Star Trading Contracting Hospitality,30420,+974 7029 4520,P.O. Box: 6715,abiranis12345@gmail.com,30
Doha Pools & Landscape W.L.L.,30421,+974 4007 0962,P.O. Box: 854,doha.landscape@yahoo.com,30
Tab Engineering Services,30422,+974 4467 1071,P.O. Box: 37231,Ahmed.mostafa@tab-qatar.com,30
JBK Controls W.L.L.,30423,+974 4428 1000,P.O. Box: 15309,javid.asaraf@jbkcontrols.com,30
Qatari Computer System W.L.L.,30424,+974 4499 1554,P.O. Box: 9931,ameer@qsoft-corp.com,30
GRC Masters W.L.L.,30425,+974 4450 3608,P.O. Box: 15684,p.qc@grcmasters.com,30
Madi International,30426,+974 4436 3632,P.O. Box: 23412,b.romdhani@qa.madi-intl.com,30
Al Dana Switchgear,30427,+974 4039 4145,P.O. Box: 3923,hv@aldanaqatar.me,30
Elegancia Steel,30428,+974 4429 2220,P.O. Box: 201184,m.saudy@eleganciagroup.com,30
ID Studio Trading W.L.L.,30429,+974 4485 8618,P.O. Box: 22403,info@id-studio.com,30
Artec Water Technology for Trad. & Cont. W.L.L.,30430,+974 3003 0996,P.O. Box: 93411,sales@artec.com.qa,30
Al Mana Maples W.L.L.,30431,+974 4450 0685,P.O. Box: 9095,pamela.am@almanagroup.com,30
Equipt Supplier,30432,+974 5593 0943,P.O. Box: 23918,ivan@equipt.shop,30
Wood Architectural Works W.L.L.,30433,+974 4002 7436,P.O. Box: 8388,swaw@cdc-qatar.com,30
Nabina Interiors,30434,+974 4465 4659,P.O. Box: 130,devendranainwal@nabinaholding.com,30
Al Bayan For Electronics and Led Technologies,30435,+974  4411 1435,P.O Box: 2943,sales@b-ledtec.com,30
Architectural Trade & Services Co. W.L.L.,30436,+974 4466 7158,P.O. Box: 4097,info@atsqatar.qa,30
Callisto Trading & Decorating W.L.L.,30437,+974 4443 3533,P.O. Box:,info@callisto-qa.com,30
Al-Noaimi Agriculture & Irrigation Services,30438,+974 4431 8057,P.O. Box: 39058,info@noaimiqatar.com,30
Bolar Trading & Contracting,30439,+974 4040 9828,P.O. Box: 22801,irene@bolar.qa,30
MSERVE Facilities Management,30440,+974 4432 0194,P.O. Box: 200298,info@metrogroupqa.com,30
Free Line Decoration & Furniture,30441,+974 4486 6405,P.O. Box: 31159,freelineqa@hotmail.com,30
Arcview Trading,30442,+974 7789 2506,P.O. Box: 24256,sales@arcviewsolutions.com,30
Altech Aluminium & Steel W.L.L.,30443,+974 4460 6836,P.O. Box: 40155,sales@altechgulf.com,30
Alhdaf Alfdy for Trading,30444,+974 5524 9033,P.O. Box: -,alhdaf.alfdy@gmail.com,30
Central Airconditioning Trading & Services Co.,30445,+974 4464 1923,P.O. Box: 40688,cat@almalkigroup.net,30
Noon by Alia Decor,30446,+974 3377 7705,P.O. Box: -,noonbyalia@gmail.com,30
Dot Design,30447,+974 5045 7937,P.O. Box: 9140,jam@dotdesign.qa,30
Maroon Homes Contracting,30448,+974 7004 5537,P.O. Box: 301321,riz@maroonhomes.com,30
Evergreen Signage and Contracting W.L.L.,30449,+974 4480 7434,P.O. Box: 200529,marketing@signageqatar.com,30
Jadara Trading & Contracting,30450,+974 4485 0113,P.O. Box: 201851,jennie@jadara-tc.com,30
Excel Air Electromechanical WLL,30451,+974 6657 1244,P.O. Box: 209032,sales@excelairqatar.com,30
Equipaint,30452,+974 4435 1717,P.O. Box: 47006,tania@equipaint-qatar.com,30
Deemah Finishing & Trading,30453,+974 4443 9476,P.O. Box: 6255,sanja@deemahfs.com,30
Oxford Furniture Trading W.L.L.,30454,+974 4142 9555,P.O. Box: 35108,info@oxfordqtr.com,30
Mackins Trading Contracting WLL,30455,+974 4416 5428,P.O. Box: 30162,estimation@mackins.com.qa,30
BC Trading,30456,+974 4441 6848,P.O. Box: 1027,bcqatar@yahoo.com,30
Most Winner Limited,30457,+974 5585 9786,P.O.Box 15,alaa-halawani@hotmail.com,30
Kamal Trading & Contracting Co.,30458,+974 5559 9128,P.O box : 127529,kamalco@qatar.net.qa,30
Expert Solutions,30459,+974 4418 0227,PO Box 10519,sales@expertsolutions.qa,30
Sama Steel,30460,+974 6663 7375,P.O.Box : 40093,info@samasteel.qa,30
NRG International,30461,+965 9787 7899,"Qibla, Fahad Al salem St.",finace@nrgint.com,30
AL HANQAH Services LLC,30462,+974 5565 6504,-, info@alhanqah.com,30
Hi-Tech for Metal Products,30463,+974 4450 2467,P.O.Box: 40467,info@hightechmetalqatar.com,30
Design 2000 International S.r.L.,30464,+39 06 32815 250,"Via Maria Adelaide, 8 00196",m.cioccoloni@design2000.it,30
Mohammad Omar Mohammad Arar,30465,+974 5581 0214,-,,30
Culligan Gulf LLC,30466,+974 4436 1373,P.O.Box: 23867,info@culligan.qa,30
New Project Kitchen Equipment L.L.C.,30467,+974 4427 8059,P.O.Box: 200531,info@nptechnic.com,10
Jawadco Trading & Servoces,30468,+974 5563 3780,-,ENG.MTAHER@HOTMAIL.COM,30
Tebah projects Co. WLL,30469,+974 3393 8604,P.O. Box: 8146,sales@taybaproject.com,30
Global Electrical and Mechanical Trading,30470,+974 3106 0614,-,sales@gemtqatar.com,30
Rankoussi Fabrics and Furniture,30471,+974 4411 6656,P.O.Box: 90532,sales@rankoussi.com,30
Casa Blu Company,30472,+974 4469 4020,P.O.Box: 23066,casablu@qatar.net,30
Super Technical Entrprises W.L.L.,30473,+974 4450 5252,P. O. Box 41043,qatar@supertechnical.com,30
SBA GRC Trading & Contracting,30474,+974 4437 7576,P.O.Box: 90523,info@sbaqatar.com,30
AKI Fitness Trading,30475,+974 4495 4958,P.O Box: 31928,helmi.t@akigroup.com,30
Cybernetics Trading & Installation,30476,+974 4462 2945,P.O.Box: 35116,,10
LB Trading & Automatic Doors,30477,+974 4039 0799,P.O.Box: 9937,info@lbautodoors.com,30
Qatar Stainless Steel,30478,+974 4450 0602,P.O.Box: 23678,info@qatarss.qa,30
Albayan WPC,30479,+974  5556 5541,P.O.Box: 55245,albayan4wpc@gmail.com,30
Saif Qatar Duct Fab,30480,+974 4417 1230,P.O.Box: 12438,info@saif-qatar.com,30
Professional Pools,30481,+974 4412 6041,P.O.Box: 63911,onfo@professional-pfms.com,30
Neowell Pty Ltd.,30482,+61 418 337 353,359 Clarendon St.,dennis@neowell.co,30
Total Interior Solutions W.L.L.,30483,+974 4000 0801,-,sales@tisolutionz.com,30
Al Waqt Al Mokhtasar,30484,+974 5533 7626,-,riaddb7022@gmail.com,30
Technobriq Solutions,30485,+ 974 4477 1911,P.O Box 30872,info@technobriq.com,30
Q Innovation,30486,+974 5200 3334,-,info@qinoqa.com,10
Frangieh & Associates,30487,+974 4434 0023,P.O. Box: 24364,info@fa-associates.com,30
Aqtab for Trading & Contracting,30488,+974 3323 4338,P.O.Box: 9003,Alaahaddad18@yahoo.com,30
"TELEBOOTH (JINAN) INTELLIGENT TECHNOLOGY CO., LTD",30489,+86 15288701603,Zhongnan hi tech Industrial Park,nancy@telebooth.cn,30
Younes Bros,30490,+974 5561 1414,P.O.Box: 55144,info@younesbros@gmail.com,30
Stream Specialized Services WLL,30491,+974 4038 7201,P.O.Box: 30486,info@streamss.qa,30
Royal Marine Upholstery,30492,+974 3395 5544,-,info@royalmarineupholstery.com,10
Wall Tek Solution,30493,+974 4451 4606,P.O.Box: 201776,info@wallteksolution.com,10
Infinite & Pools,30494,+974 5129 8883,P.O. Box: 30473,info@infinite-pools.com,30
Qatar Power Construction WLL,30495,+974 44383 100,P.O. Box 1297,qpcwll@qpcwll.com,30
Polar Qatar,30496,+974 4437 4671,"Building 38, Street 840, Zone 24",sales@polarqatar.com,30
Evelution Trading Services WLL,30497,+974 4427 3518,P.O.Box: 5171,evelutionqatar@yahoo.com,30
HAVACS International Trading,30498,+974 4476 9900,P.O.Box: 31260,sales@havacs.com,30
Mohd. Nasser Al Rayes Gas & Trdg. Est,30499,+974 4442 0767,P.O. Box: 4088,mnalrayes@mnalrayes.com.qa,30
Novatec Trading & Contracting,30500,+974 4478 0455,P.O.Box; 203188,info@novatecqatar.com,30
Qatar Consol WLL,30501,+974 4416 0263,P.O.Box: 201353,ktayamoora@consolgroup.net,30
Maison Interiors WLL,30502,+974 444 2090,P.O.Box: 6589,maisonqatar@qatar.net.qa,30
Total Care,30503,+974 5566 8338,-,sales@totalcare-qatar.com,30
Electra,30504,+974 4001 6386,P.O. Box: 31841,electra@qatar.net.qa,30
Exodus Window Film WLL,30505,+974 4491 9633,P.OBox: 96347,info@exoduswindowfilm.com,30
Jefcon Contracting,30506,+974 4017 9856,P.O.Box: 35371,jefconqatar@gmail.com,30
Xiamen Honest Treats Industrial Corp.,30507,+974 5585 9786,"RM 2716 NO4 Building,Taidi Center",alaa-halawani@hotmail.com,10
Central Ventilation Systems Industry W.L.L.,30508,+974 4460 3825,P.O.Box: 40015,qatar@cvshvac.com,30
DAIKIN TRDG. AND AC SOLUTIONS WLL,30509,+974 4406 9700,P.O.Box: 14130,info@daikinqatar.com,30
Aeon Contracting & Trading,30510,+974 5518 1843,P.O.Box: 65080,Muhammedezzat@hotmail.com,30
Powergrid Trading & Contracting,30511,+974 4450 3135,P. O. Box: 40751,powergrid.qatar@gmail.com,30
Jabal Al Rahmah Trading & Contracting,30512,+974 5092 5926,"Building 69 zone, 36 street 362",info@jabalalrahmah.com,30
Mostafa Khalil,30513,+974 7047 7682,-,,30
Handmade Construction WLL,30514,+974 4436 5859,P.O.Box: 2260,info@handmadeq.com,30
Yellowline Trading & Services L.L.C.,30515,+974 4001 5833,Salta 1 Tower - Building 17 - Floor 6  Area 18,info@yellowline-me.com,30
Tameer Engineering Contracting,30516,+974 3077 4111,P.O.Box: 32367,m.nasr@tameerqa.com,30
Metal Plus,30517,+974 4460 3350,P.O.Box: 15104,info@metalplus.com.qa,30
Engineering Factory for Carpets,30518,+974 3330 5507,P.O.Box: 40191,info@efc.com.qa,30
Target For Metals Forming & Fabrication,30519,+974 4481 5702,P.O.Box: 12438,omar@targetqatar.com,30
Data Voice Technology,30520,+974 7101 7769,"8th floor, Toyota tower, airport road",sajjath@datavoizme.com,30
International Gulf Trading Company WLL,30521,+974 4408 8222,P.O.Box: 6572,info@igtc.qa,30
Threads District,30522,+974 4475 7001,"Building 54, Ibn Seena",info@threads-district.com,30
Al Allam Cleaning W.L.L,30523,+974 4416 2683,"#28 Villa, Street 717 Al Mamoura",info@alallamcleaning.com,30
Fire Safety,30524,+974 449 7576,P.O.Box: 203197,info@firesafety.com.qa,39
Concept design & Build Co. WLL,30525,+974 4001 8123,P.O. Box: 4917,nourhene.ouni@concept-dbq.com,30
Engineering Factory for Carpets,30526,+974 3392 8883,P.O.Box: 40191,info@efc.com.qa,30
Power Stream,30527,+974 4455 1245,P.O.Box: 3890,info@powerstream.com.qa,30
Star City Pest Control & Cleaning,30528,+974 4450 2416,P.O.Box: 63665,info@starcity.qa,30
Saad Badi Furniture,30529,+974 31284148,P.O.Box: 24199,maisarayoussif@gmail.com,30
Titanium Tinting & Insolation,30530,+974 4687 7299,P.O.Box: 5240,contact@titanium-tint.com,30
Hamad Bin Khalid Engineering Services WLL,30531,+974 4468 7811,P.O.Box: 8091,hbkengg@qatar.net.qa,30
UNION FIRE PROTECTION W.L.L.,30532,+974 4002 2604,P.O.Box: 45014,info@ufp.qa,30
AL LIRA ALZAHABIA TRADING CONTRACTING & TRANS.,30533,-66600231,P.O.Box: 90804,makbulmm21@gmail.com,30
United Industrial Material Company L.L.C,30534,-44603680,P.O.Box: 23376,mohamed.kassem@redachem.com,30
Boecker Public Saftey LL,30535,+974 4444 3744,,myrianne.feghaly@boecker.com,10
Oryx Fire Protection,30536,+974 4485 0237,P.O. Box: 40764,info@oryxfire.com,10
Gulf Top Trading & Contracting WLL,30537,+974 44504189,P.O. BOX 91328,info@gulftopco.com,39
TECHNOLOGENT SERVICES,30538,-44443826,"Sheikh Saoud Building,Al Mahar St, Doha",sales@technologentqatar.com,10
Vibrant Consultancy W.L.L,30539,97444816461,P.O Box: 82395,info@vibrantglobal.org,10
Drillone Trading and Contracting WLL,30540,+974 44662906,P.O. BOX:37510,info@drillonecontracting.com,10
Qatar International Safety Centre WLL,30541,+974 44501223,P.O. Box: 23651,QISCTraining.Doha@madinagulf.com,10
MICROSYS COMMUNICATIONS NETWORKS LLC,30542,+974 5044 4060,P.O. BOX: 3232,info@microsys.qa,10
Imalco Ibrahim Mohd. Al-Khulaifi Trdg. Co.,30543,+974 4441 8030,"Building No. 6, Zone 24, St. 840, Al Muntaza",info@imalco.com,10
BJM TECH TRADING,30544,+974 40319755,"Office C304, 3rd Floor Mirqab Mall Block C",irfan@bjmq-tech.com,10
CHARIOT TRADING CONT & TRANS WLL,30561,+974 4476 8662,P.O. BOX: 3063,info@chariot.qa,10
DYNAMIC POWER WLL,30562,+974 44509422,P.O. BOX: 32399,info@dynamicpowerqatar.com,10
LUSAIL CITY DISTRICT COOLING CO.,30563,+974 40120120,P.O. BOX 5651,billing@marafeq.com.qa,10
Prime Technologies WLL,30564,+974 4468 3982,P.O. BOX: 55741,primetech@primedoha.com,10
ALGHROUP CLEANING,30565,+974 44666645,P.O. BOX: 22747,Hany <Sales@qtr-s.com>,10
AL RABIAH CENTRAL CONTRACTING COMPANY,30566,+974 33314202,"Building No. 7 Street 830, Zone 44",samaiel@alrabiahglobal.com,10
Edama Facility Management WLL,30567,+974 4144 6707,P.O. BO: 19085,n.ghazy@edamafm.com,10
Al Bastha Trading & Contracting WLL,30568,+974 3030 2159,P.O. BOX: 343,shihab.albastha@gmail.com,10
Roots Qatar WLL (Coating & Water Proofing),30569,+974 4005 4266,P.O. BOX: 47308,enquiry@rootsqatar.com,10
The Vision Construction,30570,+974 3000 4717,P.O. BOX: 20080,Pmoffice@thevisionqa.com,39
MODERN ENGINEERING SOLUTIONS,30571,+974 5040 1971,P.O. BOX: 39344,info@mesc-qa.com,10
FANAR NEON & ADVERTISING,30572,+974 4441 1307,P.O. BOX: 2796,info@fanarneon.net,10
Petroleum Technology Co. (Petrotec) WLL,30573,+974 4441 9603,P.O. BOX: 16069,petrotec@qatar.net.qa,39
Traffic Management Solutions WLL,30574,+974 4450 2146,P.O. BOX:22997,info@tmsqatar.com,39
JABAL HIMALAYA CONSULTANCY,30575,+974 4490 3380,P.O. BOX: 200529,himalayaconsultancyqa@gmail.com,30
GULF HYGIENE,30576,+974 7008 1737,P. O. BOX: 30278,sales@qatarhygiene.com,39
Pool Masters Trading Contracting & Services LLC,30577,+974 4040 2325,P.O. BOX 200150,sales@poolmasters.net,39
ARSH CONTRACTING & SERVICES WLL,30578,+9744140 7333,"The New House Complex, B Ring Rd., Doha Qatar",Arsh Services <sales@arshgroup.co>,39
Talib M. Talib & Partner Company,30579,+974 44431117,P.O. Box: 5643,info@tmt.qa,39
AL HABARI ENGINEERING,30580,+974 4472 6435,P.O. BOX: 60861,engineering@alhabarigroup.com,39
STRUDCO SERVICES LLP,30581,+974 5557 9801,"PUNALUR, KERALA, INDIA",baiju-ceo@strudco.com,39
ZEETECH TRADING & CONTRACTING,30582,+974 4423 1414,P.O. BOX: 14383,rjoseph@ztechqa.com,39
JBR AHMD-AL MALKY TRADING & CONTRACTING WLL,30583,+974 6625 5340,P.O.BOX:1339,amdadchy815@gmail.com,39
Sendian Integrated Security Services,30584,+974 4486 6766,P.O. BOX: 1805,palsang@sendiansecurity.com,39
Triesta For Trading and Contracting,30585,+974 7788 2320,Industrial Area Steet No. 47 Gate No. 130,info@triestaonline.com,39
SUN TECHNOLOGY WLL,30586,+974 6643 4070,P.O. BOX 9106, info@sunlighttec.com,10
TANZIFCO COMPANY WLL,30587,+974 4005 4444,P.O. BOX: 22138,tanzifco.qatar@tanzifco.qa,39
Bin Ghalib Engineering Qatar,30588,+974 4482 2555,P.O. BOX: 10069,bee@qatar.net.qa,39
ASLAN CONTRACTING & TRANSPORTATION,30589,+974 4435 0802,"Automobiles, East Industrial  Rd. Second Flr. B243",sales@aslanqatar.com,39
SATURN TRADING & CONTRACTING WLL,30590,+974 4456 8759,P.O. BOX: 30966,info@saturnqa.com,39
Saravan Mandal & Group,30984,+974 4040 3535,P.O. Box: 15,contracting@iba.com.qa,39
SABEA HOLLOWCORE,30985,+974 - 4492 2452,P.O. Box:  9106,sales@aae.com.qa,30
BEIN SPORTS MENA W.L.L,30986,133,P.O BOX 23231,,10
Roberto Giovannini S.R.L,30987,+39 0571 670200,Via dell’Artigianato 54b  50025 Località Cerbaia,valentina@robertogiovannini.com,30
Union Precast Factory Qatar L.L.C,30988,+974 4445 1111,P.O Box. 1362,info@upf-qatar.com,30
Alphatech Services & Trading W.L.L,30989,+974 4006 0429,P.O. BOX: 63835,info@alphatechdoha.com,10
Acrow Formwork Technology,30990,+974 - 4458 2357, 54 Al Muntazah,hossam.hussein@acrow.co,30
"AL BEHERY TRADING, CONTRACTING & SERVICES CO.",30991,+974 4436 3595,P.O. BOX: 93108,info@albehiry.com,10
CCL Qatar W.L.L,30992,+974 4458 3998,P.O BOX 24396,cclqatar.ten@cclint.com,30
ABDULLAH IBRAHIM AL JAIDAH & SONS,30993,+974 4480 3295,P.O. BOX: 4442,info@aijaidah.com.qa,10
DOHA SPECIAL TRADING CONTRACTING & SERVICES WLL,30994,+974 5016 9974,"Building No. 9, Zone 17, Street 970",dohaspecial333@gmail.com,10
Hassan Mowafi Trd. & Cont. Co.,30995,+974 5523 0102,P.O. BOX: 4810,hassanmowafi@hotmail.com,30
Oriental Carpet Company,30996,+974 4447 9794,P.O. Box: 2524,Carpetcoqa@gmail.com,39
Tawarat Contracting,30997,+974 4435 0142,P.O. Box No. 23907,info@tawarat.com,10
Precious Trading Company,30998,+974 4432 2711,P.O. Box 207282,admin@preciousqatar.com,10
Mona Engineering & Trading Company,30999,+974 5057 7699,P.O. Box: 70088,info@hcps-me.com,10
AL TMOOH Trading & Contracting,31000,+974 3030 9180,,package10@gmail.com,10
Mahmoud Sohel Contracting W.L.L,31001,+974 3060 1270,P.O BOX: 12929,mahmoudsohelcontracting@gmail.com,39
Black Arrow Trading & Services W.L.L.,31002,+974 4436 5900,P.O BOX 24636,r.shanbhogue@blackarrow.com.qa,39
Teyseer Motors W.L.L,31003,+974 4435 7790,P.O. BOX 2778,automotive@teymotor.com,39
Al Zaha Trading and Contracting,31004,+974 4001 2921,"Office 11, Floor 2, Building 3, Ezdan Holdings,",info@alzahaqa.com,39
Usersave Trading & Contracting,31005,+974 4038 5806,P.O. BOX: 2225,a.mandour@usersaveconstruction.online,39
Technical Modular Scaffolding & Formwork W.L.L,31006,+ 974 4040 9841,P.O. BOX: 1120,fjabnouni@tmsformworkqatar.com,39
Aldoha Landscape Trading and Services,31007,+974 7752 2518,"Street No:340, Zone: 39",doha.landscape@yahoo.com,39
Target Trading & Heavy Equipment W.L.L,31008,+974 4432 2922,"Umm Salal Mohammed  building 31,1st floor",info@target-qatar.com,39
Rumaillah Warehouse Equipment W.L.L,31009,+974 4450 8888,P.O. BOX: 2,rwe@rumaillahgroup.com,39
Ismail Bin Ali Agriculture,31010,+974 4040 3535,P.O. BOX: 15,agricultural@iba.com.qa,39
GMS Trading,31011,+974 5585 9786,"Street 2005, Zone 91, Building No-155",acc.gmstrading@gmail.com,39
Almuftah Carpentry,31012,+974 4499 7600,P.O. BOX: 875,carpentry@almuftah.com,39
Dune Trading & Contracting,31013,+974 4444 4421,P.O. BOX: 4413,princess.torrecampo@dunetraders.com,39
NMPM Trading & Contracting W.L.L,31014,+974 6686 6185,P.O BOX: 63715,info@nmpmqatar.com,39
Al Suwaidi Technical Centre,31015,+974 4460 1087,P.O. BOX: 40600,suwaidigroup@yahoo.com,39
Smart Elevators & Escalators,31016,+974 5065 7519,"Ramada Signal, Salwa Rd ,Building 340, 4th Floor",ahmed.qa@smartcogroup.com,39
El Moaz Contracting W.L.L,31017,+974 6699 2512,,mohamed.masoud_88@icloud.com,39
Top Makers Joinery Trading & Decoration,31018,+974 4477 0255,P.O. BOX: 13764,info@topmakers.qa,39
Pledge Decoration W.L.L,31019,+974 4415 5175,P.O. BOX: 38495,Info@pledge-decor.com,39
Rollc Qatar for Aut. System,31020,+974 4481 2700,P.O. BOX: 90696,info@rollerqatar.com.qa,39
Awzan for Treading & Contracting,31021,+974 5044 4722,P.O. BOX: 14804,awzanqatar@gmail.com,39
"United for Testing, Adjusting and Balancing, Trdng",31022,+974 44478023,P.O. BOX: 1841,albert.alabastro@utab.qa,10
Q Green Trading & Contracting W.L.L,31023,+974 4451 5160,P.O. BOX: 30515,ali.abbas@qgreen.qa,39
Razak Nazir Ahmed Facilities Management & Services,31024,+974 7723 7724,P.O. BOX: 47601,mail@rnaqatar.com,39
ART GROUP,31025,+974 4443 4549,P.O. BOX:47502,artgroup.qa@gmail.com,39
Cantech Your Technology Partner,31026,+974 4416 6270,P.O. Box: 47306,anoop@cantech.qa,10
TREX TRADING & CONTRACTING,31027,+974 4039 0515,P.O. BOX: 38160,info@qatar-trex.com,10
ARTEC WATER TECHNOLOGY CO. WLL,31028,+974 6611 7606,"Building 51,  Street 3143 Area 91, Al Wakair",sales@artec.com.qa,39
Mohammed Hussain Saleh Al Abdulghani Trading Co.,31029,+974001 6905,P.O. BOX: 2403,service.mhsat@gmail.co,10
Lilac Landscape,31030,+974 4488 1176,P.O. BOX 15145,farah.h@lilac-landscape.com,39
Abuhail Trading & Contracting Co. W.L.L,31031,+974 4477 2271,P.O. BOX: 31450,abuhailgroup@gmail.com,39
AXLE SYSTEM WLL,31032,+974 4411 6767,"Office # 505, Building 24, Zone 26, Street 940",info@axlesys.com,10
AL-MIRQUAT TRADING & CONTRACTING,31033,+974 7007 7514,P.O. BOX: 15847,almirquatmaintenance@gmail.com,10
Toro Projects & Contracting,31034,+974 4008 0818,P.O. BOX: 214116,info@toroto.qa,39
Wallace McDowall Ltd.,31035,+974 4462 1510,P.O. Box: 24817,haytham.alfaqih@qmidoors.com,39
Tadmur Solid Surface Factory,31036,+974 4433 7111,P.O. BOX: 37493,khaleel.alazraq@tadmur-trading.com,39
AL HEMAYA INSURANCE BROKERAGE WLL,31037,+974 3089 4274,P.O. BOX: 13438,csr@ahib.com.qa,10
Happy Life Trad. & Cont. & Cleaning W.L.L,31038,+974 6661 7517,P.O. BOX: 46055,omarfaruq@happylifeqatar.qa,39
Firestop Insulation Technologies W.L.L,31039,+974 4415 1424,P.O. BOX: 23907,choayb@tawarat.com,39
Ankara Decorative Insulation,31040,,,,39
Strong Trading & Contracting,31041,+974 7755 0068,,rajendar.arbt@gmail.com,39
SDK Contracting & Services,31042,+974 6692 7592,,ajmal.amin2022@gmail.com,39
La Casa Design for Interior Design,31043,+974 4028 4132,Al Mirqab Mall 2nd Floor,emadhermas@gmail.com,39
Al Rayan Elevator & Escalator,31044,+974 4001 0104,P.O. BOX: 13321,info@alrayanco.com,39
City Square Trading & Contracting W.L.L,31045,+974 4432 4418,P.O. BOX: 32042,info@citysquarewll.com,39
R Nice for Trading W.L.L,31046,+974 5590 3618,P.O. BOX: 1220,rnicegatar@gmail.com,39
MOHAMMED BILLAL TRADING & CONTRACTING WLL,31047,+974 3338 5164,Umm Salal Ali Zone 71 Street 850,mohanshafiq@gmail.com,39
PREMIER CONTRACTING WLL,31048,+974 4421 2232,P.O. BOX: 17250,premiercontracting18@gmail.com,39
MEKDAM CAMS W.L.L,31050,+974 4405 9082,P.O. BOX: 17654,cams@mekdamholding.com,39
POPULAR TRADING & CONTRACTING WLL,31051,+974 7049 7074,P.O. BOX: 212088,ptcqatarelv@gmail.com,39
Al Doha Landscape Trading & Contracting W.L.L,31052,+974 7752 2518,Street No: 340,info@aldoha-landscape.com,39
Nano Plus Qatar,31053,-33887431,,nanoplusqatar@gmail.com,39
Desert Ghazal Trad. Cont. and Hospitality  Service,31054,+974 3380 7690,Old Al Ghanim,sajid_s333@yahoo.com,39
Multilink Trading & Contracting W.L.L,31055,+974 5566 5648,P.O. BOX: 39455,moshareftalukder1984@gmail.com,39
Kanaan Fire and Saftey W.L.L,31056,+974 4436 9021,P.O. BOX: 215001,info@kanaan-qa.com,39
CHINAR GROUP CONTRACTING & TRADING WLL,31057,+974 4442 2136,P.O. BOX:70047,info@chinargroups.com,10
Woodpecker GCC for Decoration,31058,+974 30090058,,ali@alhlebi.co,39
Saif Trading & Decoration,31059,+974 44691178,P.O. BOX: 40860,manoj@saiffurniture.qa,39
Alesteqrar Trading & Contracting W.L.L,31060,+974 7029 0209,,info@goldenspace.org,39
Al Nassaem Trading & Contracting,31061,+974 5506 0176,P.O. BOX: 80554,furniture_inty@yahoo.com,39
Infrastructure Trading & Contracting,31062,+974 4464 9507,P.O. BOX: 12788,m.hamdallah@gtc.co.com,39
TK Elevator W.L.L,31063,+974 4401 9154,P.O. BOX: 47405,carl.aoun@tkelevator.com,39
Middle East Marble & Granite Trading W.L.L,31064,+974 7080 1519,Street No.340,info@memarble.com,39
Varna Doha Contracting LLC,31065,+974 3302 9972,,varnadoha@gmail.com,39
"Guangzhou Gesui Trading Co.,Ltd",31066,+86 15917391279,Room 209A 2nd Floor NO.102 KeyunBei Road,,39
Bottega Design & Decoration LLC,31067,+974 4000 0816,P.O. BOX: 203180,nadia@grandroyal.me,39
Sama Al-Shomoukh Trading & Contracting,31068,+974 5573 9343,,info@info-sama.com,39
Three Brother Kingdom Trading & Contracting W.L.L,31069,+974 4421 9240,P.O. BOX: 16149,sales1@tbkqatar.com,39
Palacios Contracting WLL,31070,+974 3345 5988,P.O. BOX: 30434,palacios.contracting@gmail.com,39
Zahra Qatar Trading & Contracting Co. W.L.L,31071,+974 5596 7536,,zahratqatar6@gmail.com,39
Moustafa & Group - Alemadi Eng.,39001,,,,39
Mohan Lal & Group,39002,,,,39
Arshad & Group,39003,,,,39
Baljeeth & Group,39004,,,,39
Madusuthan / Vijitharan & group,39005,,,,39
Mehre Aalam & Group,39006,+974 4040 3535,P.O. Box:15,contracting@iba.com.qa,39
Manjula & Group,39007,,,,39
Mahboob & Group,39008,,,,39
Gridari Lal & Group,39009,,,,39
Adam Kabari & Group,39010,,,,39
Abdul Kadir & Group,39011,+974 4040 3535,P.O Box: 15,contracting@iba.com.qa,39
Rawwab Ali & Group,39012,,,,39
Abdul Haq & Group,39013,,,,39
Ibrahim & Group,39014,+974 4040 3535,P.O. Box: 15,contracting@iba.com.qa,39
Ameer Hussain & Group,39015,,,,39
Tilkasiri & Group,39016,,,,39
Tajul Islam & Group,39017,+974 4040 3535,P.O. Box: 15,contracting@iba.com.qa,39
Shuh Karan & Group,39018,,,,39
Rocky & Group,39019,,,,39
Ahmad Samir & Group,39020,,,,39
Babu Ram and Group,39021,,,,39
Bagdad Decoration,39022,+974 7475 4087,P.O. Box: 7941,-,30
Sultan Sing & Group,39023,,,,39
Onkar Singh & Group,39024,,,,39
Dos Mohamed Group,39025,+974 4040 3535,P.O Box: 15,procurement@iba.com.qa,39
Radhe Shyam & Group,39026,,,,39
Maite & Group,39027,,,,39
Ramavtar & Group,39028,,,,39
Ansari & Group,39029,+974 4040 3535,P.O. Box: 15,contracting@iba.com.qa,39
Surjit Singh & Group,39030,,,,39
Tirathraj & Group,39031,,,,39
Noman & Group,39032,,,,39
Nippon Gulf Trading & Contracting Co.,39033,,,nippongulf@yahoo.com,39
Shajahan & Group,39034,+974 4040 3535,P.O. Box: 15,contracting@iba.com.qa,39
Manir & Group,39035,,,,39
Madhab & Group,39036,+974 4040 3535,P.O. Box:15,contracting@iba.com.qa,39
Jagsir Singh & Group,39037,+974 4040 3535,P.O. Box: 15,contracting@iba.com.qa,39
Jahangir & Group,39038,,,,39
Rakesh & Group,39039,,,,39
Ganesh & Group,39040,,,,39
Kumar & Group,39041,+974 4040 3535,P.O Box: 15,Procurement@iba.com.qa,39
Shahaya kumar & Group,39042,,,,39
Man Bahadur Thapa,39043,+974 4040 3535,P.O Box 15,procurement@iba.com.qa,39
Shaid Islam & Group,39044,,,,39
Lila Bahadur & Group,39045,,,,39
Tabarakh Mansuri & Group,39046,,,,39
Punenthiran & Group,39047,,,,39
Rubel & Group,39048,,,,39
Younus Alam Ansari & Group,39049,,,,39
Shami Akhtar Group - Steel Work,39050,,,,39
Fredrick & Group,39051,,,,39
Raj Kumar & Group,39052,,,,39
Puvinayagam Susitharan - Group- Steel Fixer,39053,,,,39
Ahmed Elshobrahly - Group - Carpentry,39054,,,,39
Lokbahadur & Group,39055,+974 4040 3535,P.O. Box: 15,contracting@iba.com.qa,39
Vikram Singh,39056,,,,39
Ravi Khan & Group,39057,,,,39
Zakir Mustak & Group,39058,,,,39
Salim Mohamed & Group,39059,,,,39
Ram Ishwar & Group,39060,+974 4040 3535,P.O Box 15,procurement@iba.com.qa,39
Pawan Kumar & Group,39062,,,,39
Sharwan Kumar & Group,39063,,,,39
Al Yarmouk Installing Natural&Mechanical Stones,39064,,,yarmoukqatar@gmail.com,39
Surjan & Group,39065,,,,39
Suresh Kumar & Group,39066,,,,39
Rajendar Meena & Group,39067,,,,39
Praeshwar & Group,39068,+974 4040 3535,P.O. Box: 15,contracting@iba.com.qa,39
Sunil Sharma & Group,39069,,,,39
Ali Hussain & Group,39070,,,,39
Dil Mohamed & Group,39071,,,,39
Jamal Hossain & Group,39072,+974 4040 3535,P.O. Box: 15,contracting@iba.com.qa,39
Kadim Hussain,39073,,,,39
Mumthaz & Group,39074,,,,39
Aarif & Group,39075,,,,39
Rohitash Kumar Mani & Group,39076,+974 4040 3535,P.O. Box: 15,Contracting@iba.com.qa,39
Samim Islam & Group,39077,+974 4040 3535,P.O. Box: 15,contracting@iba.com.qa,39
Amir Hossain & Group,39078,+974 4040 3535,P.O. Box: 15,contracting@iba.com.qa,39
Mosharaf & Group,39079,+974 4040 3535,P.O. Box: 15,contracting@iba.com.qa,39
Babu Lal & Group,39080,+974 4040 3535,P.O. Box: 15,contracting@iba.com.qa,39
Kamal & Group,39081,+974 4040 3535,P.O. Box: 15,contracting@iba.com.qa,39
Abdul Kalam & Suresh Group,39082,+974 4040 3535,P.O. Box: 15,contracting@iba.com.qa,39
Hosny & Mohamed Group,39083,+974 4040 3535,P.O. Box: 15,contracting@iba.com.qa,39
Saravan Mandal & Group,39084,+974 4040 3535,P.O. Box: 15,contracting@iba.com.qa,39
Raju Ali & Group,39085,+974 4040 3535,P.O. Box: 15,contracting@iba.com.qa,39
Dukharan Mahato & Group,39086,+ 974 40403535,P.O Box 15,procurement@iba.com.qa,39
Satya Devchauhan & Group,39087,+974 40403535,P.O Box: 15,procurement@iba.com.qa,39
Jabbar Mondal,39088,+974 40403535,P.O Box: 15,procurement@iba.com.qa,39
Kalim Miya,39089,+974 4040 3535,P.O Box 15,procurement@iba.com.qa,39
Shamshad and Group,39090,+974 40403535,P.O Box 15,procurement@iba.com.qa,39
Hazarath Ali and Group,39091,+974 40403535,P.O Box: 15,procurement@iba.com.qa,39
Bhalakaji Group,39092,+974 40403535,P.O Box: 15,procurement@iba.com.qa,39
Sabir Miya and Group,39093,+974 4040 3535,P.O Box 15,procurement@iba.com.qa,39
Musaraf and Group,39094,+974 4040 3535,P.O Box: 15,procurement@iba.com.qa,39
Nek Mahamand and Group,39095,+974 4040 3535,P.O Box 15,procurement@iba.com.qa,39
Firoz and Group,39096,+974 4040 3535,P.O Box: 15,procurement@iba.com.qa,39
Rama Moorthy & Group,39097,+974 4040 3535,P.O. Box: 15,procurement@iba.com.qa,39
Inderjit Singh & Group,39098,+974 4040 3535,P.O. Box: 15,procurement@iba.com.qa,39
Sobindra Limbu & Group,39099,+974 4040 3535,P.O. Box: 15,contracting@iba.com.qa,39
Firoj Ansari,39100,+974 4040 3535,P.O. Box: 15,contracting@iba.com.qa,39
Ramji Sah & Group,39101,+974 4040 3535,P.O. Box: 15,contracting@iba.com.qa,39
Narayan Mandal & Group,39102,+974 4040 3535,P.O. Box: 15,contracting@iba.com.qa,39
Samim Aktar & Group,39103,+974 4040 3535,P.O. Box: 15,contracting@iba.com.qa,39
Irfan & Group,39104,+974 4040 3535,P.O. Box: 15,contracting@iba.com.qa,39
Gafar Miya & Yam Raj Group,39105,+974 4040 3535,P.O. Box: 15,-,39
Hazrat Ali & Rabindra Garedi Group,39106,+974 4040 3535,P.O. Box: 15,-,39
Shubhkaran Barhman & Ram Abatar Saday,39107,+974 4040 3535,P.O. Box: 15,-,39
Mojammalhoque & Baliram Raut Group,39108,+974 4040 3535,P.O. Box: 15,-,39
Sethun Rajbanshi & Rajkumar Dhimal Group,39109,+974 4040 3535,P.O. Box: 15,-,39
Juman Group,39110,+974 4040 3535,P.O. Box: 15,-,39
Tofiq & Group,39111,+974 4040 3535,P.O. Box: 15,-,39
Bajrang Singh & Group,39112,+974 4040 3535,P.O. Box: 15,-,39
Mohin Uddin & Group,39113,+974 4040 3535,P.O. Box: 15,-,39
Vijay Singh & Group,39114,+974 4040 3535,P.O. Box: 15,-,39
Saheb & Group,39115,+974 4040 3535,P.O. Box: 15,-,39
Jafer Ali Group,39116,+974 4040 3535,P.O Box: 15,,39
Til Bahadur,39117,+974 4040 3535,P.O Box: 15,+974 4040 3535,39
MD Jakirul Islam & Group,39118,+974 4040 3535,P.O.Box: 15,contracting@iba.com.qa,39
Mohammad Manir Miya & Group,39119,+974 4040 3535,P.O.Box: 15,,39
Mohammed Shahidul Islam & Group,39120,+974 4040 3535,P.O.Box: 15,,39
Jahangir Hossain & Group,39121,-40402561,P.O.Box: 15,Contracting@iba.com.qa,39
"Vision Trading, Contracting & Services W.L.L",39122,+974 55359285,P.O.Box 60465,info@visiontcs.com,10
United Cooperation General Trading WLL,39123,+974 4427 5471,"BUILDING NO.192, ZONE NO.14, ST. NO.220",sales.automotive@ucgtqatar.com,10
Global Sustainability Solutions and Services QFZ,39124,+974 4020 5716,P.O. Box: 10305,mail@gsustain.org,10
Equipment Trading & Contracting Co. WLL,39125,+974 4435 2221,P.O. Box 17860,info@etcdoha.com,10
VIPUL SINGH,39126,+974 4040 3535,P.O Box 15,procurement@iba.com.qa,10
Jitendra Chaudhary,39127,+974 4040 3535,P.O. Box 15,contracting@iba.com.qa,39
ARJUN SARKAR,39128,+974 4040 3535,P.O. BOX: 15,contracting@iba.com.qa,39
ARTHAR MASIH,39129,+974 4040 3535,P.O. BOX: 15,contracting@iba.com.qa,39
ARUN KUMAR RAUT,39130,+974 4040 3535,P.O. BOX: 15,contracting@iba.com.qa,39
JATINDER PAL,39131,+974 4040 3535,P.O. Box 15,contracting@iba.com.qa,39
KADIR MUSALMAN,39132,+974 4040 3535,P.O Box: 15,contracting@iba.com.qa,39
KABIR HOWLADER,39133,+974 4040 3535,P.O Box: 15,contracting@iba.com.qa,39
Ahmed Mahmoud Adbussalam,39134,+974 4040 3535,P.O Box: 15,Contracting@iba.com.qa,39
Bhakta Bahadur BK,39135,+974 4040 3535,P.O. Box: 15,Contracting@iba.com.qa,39
Arif Mohammad Ullah,39136,+974 4040 3535,P.O. Box No. 15,Conctracting@iba.com.qa,39
Prakash Saday,39137,+974 4040 3535,P.O. Box: 15,Contracting@iba.com.qa,39
Ramesh Yadav,39138,+974 4040 3535,P.O. Box: 15,,39
